solid OpenSCAD_Model
  facet normal 1 -0 0
    outer loop
      vertex 11.6 0 9.2
      vertex 11.6 24.2 0
      vertex 11.6 24.2 9.2
    endloop
  endfacet
  facet normal 1 0 0
    outer loop
      vertex 11.6 24.2 0
      vertex 11.6 0 9.2
      vertex 11.6 0 0
    endloop
  endfacet
  facet normal 0 0 1
    outer loop
      vertex 11.6 167.7 9.2
      vertex 10.01 166.1 9.2
      vertex 11.6 141 9.2
    endloop
  endfacet
  facet normal 0 0 1
    outer loop
      vertex 11.6 167.7 9.2
      vertex 0 166.1 9.2
      vertex 10.01 166.1 9.2
    endloop
  endfacet
  facet normal 0 0 1
    outer loop
      vertex -1.6 167.7 9.2
      vertex 0 142.6 9.2
      vertex 0 166.1 9.2
    endloop
  endfacet
  facet normal 0 0 1
    outer loop
      vertex 0 142.6 9.2
      vertex -1.6 167.7 9.2
      vertex 0 141 9.2
    endloop
  endfacet
  facet normal 0 0 1
    outer loop
      vertex 0 141 9.2
      vertex -1.6 167.7 9.2
      vertex 0 138 9.2
    endloop
  endfacet
  facet normal 0 0 1
    outer loop
      vertex 0 138 9.2
      vertex -1.6 167.7 9.2
      vertex 0 136.4 9.2
    endloop
  endfacet
  facet normal 0 0 1
    outer loop
      vertex 0 136.4 9.2
      vertex -1.6 167.7 9.2
      vertex 0 113.4 9.2
    endloop
  endfacet
  facet normal 0 0 1
    outer loop
      vertex 0 113.4 9.2
      vertex -1.6 167.7 9.2
      vertex 0 111.8 9.2
    endloop
  endfacet
  facet normal 0 0 1
    outer loop
      vertex 0 111.8 9.2
      vertex -1.6 167.7 9.2
      vertex 0 108.8 9.2
    endloop
  endfacet
  facet normal 0 0 1
    outer loop
      vertex 0 108.8 9.2
      vertex -1.6 167.7 9.2
      vertex 0 107.2 9.2
    endloop
  endfacet
  facet normal 0 0 1
    outer loop
      vertex 0 107.2 9.2
      vertex -1.6 167.7 9.2
      vertex 0 84.7 9.2
    endloop
  endfacet
  facet normal 0 0 1
    outer loop
      vertex 0 84.7 9.2
      vertex -1.6 167.7 9.2
      vertex 0 83.1 9.2
    endloop
  endfacet
  facet normal 0 0 1
    outer loop
      vertex 0 83.1 9.2
      vertex -1.6 167.7 9.2
      vertex 0 80.1 9.2
    endloop
  endfacet
  facet normal 0 0 1
    outer loop
      vertex 0 80.1 9.2
      vertex -1.6 167.7 9.2
      vertex 0 78.5 9.2
    endloop
  endfacet
  facet normal 0 0 1
    outer loop
      vertex -1.6 0 9.2
      vertex 0 78.5 9.2
      vertex -1.6 167.7 9.2
    endloop
  endfacet
  facet normal 0 0 1
    outer loop
      vertex 0 78.5 9.2
      vertex -1.6 0 9.2
      vertex 0 56.5 9.2
    endloop
  endfacet
  facet normal 0 0 1
    outer loop
      vertex 0 56.5 9.2
      vertex -1.6 0 9.2
      vertex 0 54.9 9.2
    endloop
  endfacet
  facet normal 0 0 1
    outer loop
      vertex 0 54.9 9.2
      vertex -1.6 0 9.2
      vertex 0 51.9 9.2
    endloop
  endfacet
  facet normal 0 0 1
    outer loop
      vertex 0 51.9 9.2
      vertex -1.6 0 9.2
      vertex 0 50.3 9.2
    endloop
  endfacet
  facet normal 0 0 1
    outer loop
      vertex 0 50.3 9.2
      vertex -1.6 0 9.2
      vertex 0 28.8 9.2
    endloop
  endfacet
  facet normal 0 0 1
    outer loop
      vertex 0 28.8 9.2
      vertex -1.6 0 9.2
      vertex 0 27.2 9.2
    endloop
  endfacet
  facet normal 0 0 1
    outer loop
      vertex 0 27.2 9.2
      vertex -1.6 0 9.2
      vertex 0 24.2 9.2
    endloop
  endfacet
  facet normal 0 0 1
    outer loop
      vertex 0 24.2 9.2
      vertex -1.6 0 9.2
      vertex 0 22.6 9.2
    endloop
  endfacet
  facet normal -0 0 1
    outer loop
      vertex -1.6 167.7 9.2
      vertex 0 166.1 9.2
      vertex 11.6 167.7 9.2
    endloop
  endfacet
  facet normal -0 0 1
    outer loop
      vertex 10.01 142.6 9.2
      vertex 11.6 141 9.2
      vertex 10.01 166.1 9.2
    endloop
  endfacet
  facet normal 0 0 1
    outer loop
      vertex 0 141 9.2
      vertex 10.01 142.6 9.2
      vertex 0 142.6 9.2
    endloop
  endfacet
  facet normal 0 0 1
    outer loop
      vertex 10.01 142.6 9.2
      vertex 0 141 9.2
      vertex 11.6 141 9.2
    endloop
  endfacet
  facet normal 0 0 1
    outer loop
      vertex 11.6 138 9.2
      vertex 10.01 136.4 9.2
      vertex 11.6 111.8 9.2
    endloop
  endfacet
  facet normal -0 0 1
    outer loop
      vertex 0 138 9.2
      vertex 10.01 136.4 9.2
      vertex 11.6 138 9.2
    endloop
  endfacet
  facet normal 0 0 1
    outer loop
      vertex 10.01 136.4 9.2
      vertex 0 138 9.2
      vertex 0 136.4 9.2
    endloop
  endfacet
  facet normal -0 0 1
    outer loop
      vertex 10.01 113.4 9.2
      vertex 11.6 111.8 9.2
      vertex 10.01 136.4 9.2
    endloop
  endfacet
  facet normal 0 0 1
    outer loop
      vertex 0 111.8 9.2
      vertex 10.01 113.4 9.2
      vertex 0 113.4 9.2
    endloop
  endfacet
  facet normal 0 0 1
    outer loop
      vertex 10.01 113.4 9.2
      vertex 0 111.8 9.2
      vertex 11.6 111.8 9.2
    endloop
  endfacet
  facet normal 0 0 1
    outer loop
      vertex 11.6 108.8 9.2
      vertex 10.01 107.2 9.2
      vertex 11.6 83.1 9.2
    endloop
  endfacet
  facet normal -0 0 1
    outer loop
      vertex 0 108.8 9.2
      vertex 10.01 107.2 9.2
      vertex 11.6 108.8 9.2
    endloop
  endfacet
  facet normal 0 0 1
    outer loop
      vertex 10.01 107.2 9.2
      vertex 0 108.8 9.2
      vertex 0 107.2 9.2
    endloop
  endfacet
  facet normal -0 0 1
    outer loop
      vertex 10.01 84.7 9.2
      vertex 11.6 83.1 9.2
      vertex 10.01 107.2 9.2
    endloop
  endfacet
  facet normal 0 0 1
    outer loop
      vertex 0 83.1 9.2
      vertex 10.01 84.7 9.2
      vertex 0 84.7 9.2
    endloop
  endfacet
  facet normal 0 0 1
    outer loop
      vertex 10.01 84.7 9.2
      vertex 0 83.1 9.2
      vertex 11.6 83.1 9.2
    endloop
  endfacet
  facet normal 0 0 1
    outer loop
      vertex 11.6 80.1 9.2
      vertex 10.01 78.5 9.2
      vertex 11.6 54.9 9.2
    endloop
  endfacet
  facet normal -0 0 1
    outer loop
      vertex 0 80.1 9.2
      vertex 10.01 78.5 9.2
      vertex 11.6 80.1 9.2
    endloop
  endfacet
  facet normal 0 0 1
    outer loop
      vertex 10.01 78.5 9.2
      vertex 0 80.1 9.2
      vertex 0 78.5 9.2
    endloop
  endfacet
  facet normal -0 0 1
    outer loop
      vertex 10.01 56.5 9.2
      vertex 11.6 54.9 9.2
      vertex 10.01 78.5 9.2
    endloop
  endfacet
  facet normal 0 0 1
    outer loop
      vertex 0 54.9 9.2
      vertex 10.01 56.5 9.2
      vertex 0 56.5 9.2
    endloop
  endfacet
  facet normal 0 0 1
    outer loop
      vertex 10.01 56.5 9.2
      vertex 0 54.9 9.2
      vertex 11.6 54.9 9.2
    endloop
  endfacet
  facet normal 0 0 1
    outer loop
      vertex 11.6 51.9 9.2
      vertex 10.01 50.3 9.2
      vertex 11.6 27.2 9.2
    endloop
  endfacet
  facet normal -0 0 1
    outer loop
      vertex 0 51.9 9.2
      vertex 10.01 50.3 9.2
      vertex 11.6 51.9 9.2
    endloop
  endfacet
  facet normal 0 0 1
    outer loop
      vertex 10.01 50.3 9.2
      vertex 0 51.9 9.2
      vertex 0 50.3 9.2
    endloop
  endfacet
  facet normal -0 0 1
    outer loop
      vertex 10.01 28.8 9.2
      vertex 11.6 27.2 9.2
      vertex 10.01 50.3 9.2
    endloop
  endfacet
  facet normal 0 0 1
    outer loop
      vertex 0 27.2 9.2
      vertex 10.01 28.8 9.2
      vertex 0 28.8 9.2
    endloop
  endfacet
  facet normal 0 0 1
    outer loop
      vertex 10.01 28.8 9.2
      vertex 0 27.2 9.2
      vertex 11.6 27.2 9.2
    endloop
  endfacet
  facet normal 0 0 1
    outer loop
      vertex 11.6 24.2 9.2
      vertex 10.01 22.6 9.2
      vertex 11.6 0 9.2
    endloop
  endfacet
  facet normal -0 0 1
    outer loop
      vertex 0 24.2 9.2
      vertex 10.01 22.6 9.2
      vertex 11.6 24.2 9.2
    endloop
  endfacet
  facet normal 0 0 1
    outer loop
      vertex 10.01 22.6 9.2
      vertex 0 24.2 9.2
      vertex 0 22.6 9.2
    endloop
  endfacet
  facet normal -0 0 1
    outer loop
      vertex 10.01 1.6 9.2
      vertex 11.6 0 9.2
      vertex 10.01 22.6 9.2
    endloop
  endfacet
  facet normal -0 0 1
    outer loop
      vertex 0 1.6 9.2
      vertex 11.6 0 9.2
      vertex 10.01 1.6 9.2
    endloop
  endfacet
  facet normal 0 0 1
    outer loop
      vertex 0 1.6 9.2
      vertex -1.6 0 9.2
      vertex 11.6 0 9.2
    endloop
  endfacet
  facet normal 0 0 1
    outer loop
      vertex 0 22.6 9.2
      vertex -1.6 0 9.2
      vertex 0 1.6 9.2
    endloop
  endfacet
  facet normal 0 0 -1
    outer loop
      vertex 4.62741 13.3659 0
      vertex 5.1851 12.8364 0
      vertex 5.17974 12.7456 0
    endloop
  endfacet
  facet normal 0 0 -1
    outer loop
      vertex 4.62741 13.3659 0
      vertex 5.17974 12.7456 0
      vertex 5.16368 12.6596 0
    endloop
  endfacet
  facet normal 0 0 -1
    outer loop
      vertex 5.1851 12.8364 0
      vertex 4.75151 13.3573 0
      vertex 5.17588 12.9553 0
    endloop
  endfacet
  facet normal 0 0 -1
    outer loop
      vertex 4.62741 13.3659 0
      vertex 5.16368 12.6596 0
      vertex 5.13688 12.5785 0
    endloop
  endfacet
  facet normal -0 -0 -1
    outer loop
      vertex 4.86122 13.3312 0
      vertex 5.17588 12.9553 0
      vertex 4.75151 13.3573 0
    endloop
  endfacet
  facet normal 0 0 -1
    outer loop
      vertex 4.62741 13.3659 0
      vertex 5.13688 12.5785 0
      vertex 5.09938 12.5023 0
    endloop
  endfacet
  facet normal 0 0 -1
    outer loop
      vertex 4.02632 12.8495 0
      vertex 5.09938 12.5023 0
      vertex 5.05319 12.4293 0
    endloop
  endfacet
  facet normal 0 0 -1
    outer loop
      vertex 5.17588 12.9553 0
      vertex 4.86122 13.3312 0
      vertex 5.1482 13.06 0
    endloop
  endfacet
  facet normal 0 0 -1
    outer loop
      vertex 4.02632 12.8495 0
      vertex 5.05319 12.4293 0
      vertex 5.00036 12.358 0
    endloop
  endfacet
  facet normal 0 0 -1
    outer loop
      vertex 5.1482 13.06 0
      vertex 4.86122 13.3312 0
      vertex 5.10209 13.1506 0
    endloop
  endfacet
  facet normal 0 0 -1
    outer loop
      vertex 4.02632 12.8495 0
      vertex 5.00036 12.358 0
      vertex 4.94088 12.2882 0
    endloop
  endfacet
  facet normal 0 0 -1
    outer loop
      vertex 4.02632 12.8495 0
      vertex 4.94088 12.2882 0
      vertex 4.87477 12.2201 0
    endloop
  endfacet
  facet normal 0 0 -1
    outer loop
      vertex 5.03752 13.2271 0
      vertex 4.86122 13.3312 0
      vertex 4.95655 13.2878 0
    endloop
  endfacet
  facet normal 0 0 -1
    outer loop
      vertex 4.02632 12.8495 0
      vertex 4.87477 12.2201 0
      vertex 4.80323 12.1529 0
    endloop
  endfacet
  facet normal 0 0 -1
    outer loop
      vertex 5.10209 13.1506 0
      vertex 4.86122 13.3312 0
      vertex 5.03752 13.2271 0
    endloop
  endfacet
  facet normal 0 0 -1
    outer loop
      vertex 4.02632 12.8495 0
      vertex 4.80323 12.1529 0
      vertex 4.72749 12.0856 0
    endloop
  endfacet
  facet normal 0 0 -1
    outer loop
      vertex 4.02632 12.8495 0
      vertex 4.72749 12.0856 0
      vertex 4.64753 12.0184 0
    endloop
  endfacet
  facet normal 0 0 -1
    outer loop
      vertex 5.09938 12.5023 0
      vertex 4.02632 12.8495 0
      vertex 4.50811 13.3575 0
    endloop
  endfacet
  facet normal 0 0 -1
    outer loop
      vertex 4.02632 12.8495 0
      vertex 4.64753 12.0184 0
      vertex 4.56338 11.9511 0
    endloop
  endfacet
  facet normal 0 0 -1
    outer loop
      vertex 5.1851 12.8364 0
      vertex 4.62741 13.3659 0
      vertex 4.75151 13.3573 0
    endloop
  endfacet
  facet normal 0 0 -1
    outer loop
      vertex 4.02632 12.8495 0
      vertex 4.56338 11.9511 0
      vertex 4.47692 11.8824 0
    endloop
  endfacet
  facet normal 0 0 -1
    outer loop
      vertex 5.09938 12.5023 0
      vertex 4.50811 13.3575 0
      vertex 4.62741 13.3659 0
    endloop
  endfacet
  facet normal 0 0 -1
    outer loop
      vertex 4.02632 12.8495 0
      vertex 4.47692 11.8824 0
      vertex 4.39006 11.8109 0
    endloop
  endfacet
  facet normal 0 0 -1
    outer loop
      vertex 4.02632 12.8495 0
      vertex 4.39006 11.8109 0
      vertex 4.30278 11.7365 0
    endloop
  endfacet
  facet normal 0 0 -1
    outer loop
      vertex 4.50811 13.3575 0
      vertex 4.02632 12.8495 0
      vertex 4.39982 13.332 0
    endloop
  endfacet
  facet normal 0 -0 -1
    outer loop
      vertex 4.04876 12.9652 0
      vertex 4.39982 13.332 0
      vertex 4.02632 12.8495 0
    endloop
  endfacet
  facet normal 0 0 -1
    outer loop
      vertex 4.02632 12.8495 0
      vertex 4.30278 11.7365 0
      vertex 4.21508 11.6592 0
    endloop
  endfacet
  facet normal 0 0 -1
    outer loop
      vertex 4.39982 13.332 0
      vertex 4.04876 12.9652 0
      vertex 4.3025 13.2896 0
    endloop
  endfacet
  facet normal 0 0 -1
    outer loop
      vertex 3.62703 12.8864 0
      vertex 4.21508 11.6592 0
      vertex 4.12823 11.5783 0
    endloop
  endfacet
  facet normal 0 0 -1
    outer loop
      vertex 4.3025 13.2896 0
      vertex 4.04876 12.9652 0
      vertex 4.21618 13.2303 0
    endloop
  endfacet
  facet normal 0 -0 -1
    outer loop
      vertex 4.08789 13.0673 0
      vertex 4.21618 13.2303 0
      vertex 4.04876 12.9652 0
    endloop
  endfacet
  facet normal 0 0 -1
    outer loop
      vertex 3.62703 12.8864 0
      vertex 4.12823 11.5783 0
      vertex 4.04341 11.4927 0
    endloop
  endfacet
  facet normal 0 0 -1
    outer loop
      vertex 4.21618 13.2303 0
      vertex 4.08789 13.0673 0
      vertex 4.14369 13.1556 0
    endloop
  endfacet
  facet normal 0 0 -1
    outer loop
      vertex 3.62703 12.8864 0
      vertex 4.04341 11.4927 0
      vertex 3.9606 11.4025 0
    endloop
  endfacet
  facet normal 0 0 -1
    outer loop
      vertex 3.62703 12.8864 0
      vertex 3.9606 11.4025 0
      vertex 3.87983 11.3077 0
    endloop
  endfacet
  facet normal 0 0 -1
    outer loop
      vertex 3.62703 12.8864 0
      vertex 3.87983 11.3077 0
      vertex 3.80314 11.2069 0
    endloop
  endfacet
  facet normal 0 0 -1
    outer loop
      vertex 3.62703 12.8864 0
      vertex 3.80314 11.2069 0
      vertex 3.73254 11.0986 0
    endloop
  endfacet
  facet normal 0 0 -1
    outer loop
      vertex 3.62703 12.8864 0
      vertex 3.73254 11.0986 0
      vertex 3.66806 10.9828 0
    endloop
  endfacet
  facet normal 0 0 -1
    outer loop
      vertex 4.21508 11.6592 0
      vertex 3.62703 12.8864 0
      vertex 4.02632 12.8495 0
    endloop
  endfacet
  facet normal 0 -0 -1
    outer loop
      vertex 3.62703 12.8864 0
      vertex 3.66806 10.9828 0
      vertex 3.60968 10.8596 0
    endloop
  endfacet
  facet normal -0 0 -1
    outer loop
      vertex 6.22747 12.7757 0
      vertex 5.58146 12.7606 0
      vertex 5.58654 12.8495 0
    endloop
  endfacet
  facet normal 0 0 -1
    outer loop
      vertex 6.13852 10.916 0
      vertex 5.5662 12.6721 0
      vertex 5.58146 12.7606 0
    endloop
  endfacet
  facet normal 0 0 -1
    outer loop
      vertex 6.13852 10.916 0
      vertex 5.54077 12.5838 0
      vertex 5.5662 12.6721 0
    endloop
  endfacet
  facet normal 0 0 -1
    outer loop
      vertex 6.13852 10.916 0
      vertex 5.50517 12.4958 0
      vertex 5.54077 12.5838 0
    endloop
  endfacet
  facet normal 0 0 -1
    outer loop
      vertex 6.13852 10.916 0
      vertex 5.45953 12.4079 0
      vertex 5.50517 12.4958 0
    endloop
  endfacet
  facet normal 0 0 -1
    outer loop
      vertex 6.13852 10.916 0
      vertex 5.40399 12.32 0
      vertex 5.45953 12.4079 0
    endloop
  endfacet
  facet normal 0 0 -1
    outer loop
      vertex 6.13852 10.916 0
      vertex 5.33856 12.2321 0
      vertex 5.40399 12.32 0
    endloop
  endfacet
  facet normal 0 0 -1
    outer loop
      vertex 6.13852 10.916 0
      vertex 5.26323 12.1442 0
      vertex 5.33856 12.2321 0
    endloop
  endfacet
  facet normal 0 0 -1
    outer loop
      vertex 5.63429 10.916 0
      vertex 5.16462 12.0443 0
      vertex 5.26323 12.1442 0
    endloop
  endfacet
  facet normal 0 0 -1
    outer loop
      vertex 5.63429 10.916 0
      vertex 5.0294 11.9202 0
      vertex 5.16462 12.0443 0
    endloop
  endfacet
  facet normal 0 0 -1
    outer loop
      vertex 5.63429 10.916 0
      vertex 4.85757 11.7719 0
      vertex 5.0294 11.9202 0
    endloop
  endfacet
  facet normal 0 0 -1
    outer loop
      vertex 5.63429 10.916 0
      vertex 4.64911 11.5996 0
      vertex 4.85757 11.7719 0
    endloop
  endfacet
  facet normal 0 0 -1
    outer loop
      vertex 5.63429 10.916 0
      vertex 4.5307 11.5001 0
      vertex 4.64911 11.5996 0
    endloop
  endfacet
  facet normal 0 0 -1
    outer loop
      vertex 5.63429 10.916 0
      vertex 4.42505 11.4056 0
      vertex 4.5307 11.5001 0
    endloop
  endfacet
  facet normal 0 0 -1
    outer loop
      vertex 5.63429 10.916 0
      vertex 4.33213 11.3162 0
      vertex 4.42505 11.4056 0
    endloop
  endfacet
  facet normal 0 0 -1
    outer loop
      vertex 5.63429 10.916 0
      vertex 4.25198 11.2317 0
      vertex 4.33213 11.3162 0
    endloop
  endfacet
  facet normal 0 0 -1
    outer loop
      vertex 5.63429 10.916 0
      vertex 4.18336 11.1506 0
      vertex 4.25198 11.2317 0
    endloop
  endfacet
  facet normal 0 0 -1
    outer loop
      vertex 5.63429 10.916 0
      vertex 4.12506 11.0709 0
      vertex 4.18336 11.1506 0
    endloop
  endfacet
  facet normal 0 0 -1
    outer loop
      vertex 5.63429 10.916 0
      vertex 4.07704 10.9927 0
      vertex 4.12506 11.0709 0
    endloop
  endfacet
  facet normal 0 -0 -1
    outer loop
      vertex 4.07704 10.9927 0
      vertex 5.63429 10.916 0
      vertex 4.03935 10.916 0
    endloop
  endfacet
  facet normal 0 0 -1
    outer loop
      vertex 6.91752 10.916 0
      vertex 6.22747 12.7757 0
      vertex 6.91752 13.2683 0
    endloop
  endfacet
  facet normal 0 0 -1
    outer loop
      vertex 5.26323 12.1442 0
      vertex 6.13852 10.916 0
      vertex 5.63429 10.916 0
    endloop
  endfacet
  facet normal 0 0 -1
    outer loop
      vertex 6.13852 10.916 0
      vertex 6.22747 12.7757 0
      vertex 6.91752 10.916 0
    endloop
  endfacet
  facet normal 0 0 -1
    outer loop
      vertex 8.05462 10.916 0
      vertex 11.6 0 0
      vertex 8.05462 10.584 0
    endloop
  endfacet
  facet normal 0 0 -1
    outer loop
      vertex 11.6 0 0
      vertex 6.13852 10.584 0
      vertex 8.05462 10.584 0
    endloop
  endfacet
  facet normal 0 0 -1
    outer loop
      vertex 6.13852 10.584 0
      vertex 5.63429 10.584 0
      vertex 6.13852 10.916 0
    endloop
  endfacet
  facet normal 0 0 -1
    outer loop
      vertex 11.6 0 0
      vertex 5.63429 10.584 0
      vertex 6.13852 10.584 0
    endloop
  endfacet
  facet normal 0 0 -1
    outer loop
      vertex -1.6 0 0
      vertex 5.63429 10.584 0
      vertex 11.6 0 0
    endloop
  endfacet
  facet normal 0 0 -1
    outer loop
      vertex -1.6 0 0
      vertex 3.60968 10.8596 0
      vertex 3.60968 10.584 0
    endloop
  endfacet
  facet normal 0 0 -1
    outer loop
      vertex -1.6 0 0
      vertex 0 27.2 0
      vertex 0 24.2 0
    endloop
  endfacet
  facet normal -0 0 -1
    outer loop
      vertex 0 27.2 0
      vertex -1.6 0 0
      vertex 0 51.9 0
    endloop
  endfacet
  facet normal -0 0 -1
    outer loop
      vertex 0 51.9 0
      vertex -1.6 0 0
      vertex 0 54.9 0
    endloop
  endfacet
  facet normal -0 0 -1
    outer loop
      vertex 0 54.9 0
      vertex -1.6 0 0
      vertex 0 80.1 0
    endloop
  endfacet
  facet normal -0 0 -1
    outer loop
      vertex 0 80.1 0
      vertex -1.6 0 0
      vertex 0 83.1 0
    endloop
  endfacet
  facet normal -0 0 -1
    outer loop
      vertex 0 83.1 0
      vertex -1.6 0 0
      vertex 0 108.8 0
    endloop
  endfacet
  facet normal 0 0 -1
    outer loop
      vertex -1.6 167.7 0
      vertex 0 108.8 0
      vertex -1.6 0 0
    endloop
  endfacet
  facet normal 0 0 -1
    outer loop
      vertex 0 108.8 0
      vertex -1.6 167.7 0
      vertex 0 111.8 0
    endloop
  endfacet
  facet normal 0 0 -1
    outer loop
      vertex 0 111.8 0
      vertex -1.6 167.7 0
      vertex 0 138 0
    endloop
  endfacet
  facet normal -0 0 -1
    outer loop
      vertex 3.60968 10.8596 0
      vertex -1.6 0 0
      vertex 0 24.2 0
    endloop
  endfacet
  facet normal -0 0 -1
    outer loop
      vertex 5.63429 10.584 0
      vertex -1.6 0 0
      vertex 3.60968 10.584 0
    endloop
  endfacet
  facet normal 0 0 -1
    outer loop
      vertex 11.6 0 0
      vertex 8.05462 10.916 0
      vertex 11.6 24.2 0
    endloop
  endfacet
  facet normal 0 0 -1
    outer loop
      vertex 7.31033 13.6415 0
      vertex 8.05462 10.916 0
      vertex 7.31033 10.916 0
    endloop
  endfacet
  facet normal 0 0 -1
    outer loop
      vertex 8.05462 10.916 0
      vertex 7.31033 13.6415 0
      vertex 11.6 24.2 0
    endloop
  endfacet
  facet normal 0 0 -1
    outer loop
      vertex 6.9501 13.6415 0
      vertex 11.6 24.2 0
      vertex 7.31033 13.6415 0
    endloop
  endfacet
  facet normal 0 0 -1
    outer loop
      vertex 5.33807 13.469 0
      vertex 6.9501 13.6415 0
      vertex 6.22747 13.1446 0
    endloop
  endfacet
  facet normal 0 0 -1
    outer loop
      vertex 5.63429 10.916 0
      vertex 6.13852 10.916 0
      vertex 5.63429 10.584 0
    endloop
  endfacet
  facet normal 0 0 -1
    outer loop
      vertex 6.13852 10.916 0
      vertex 5.58146 12.7606 0
      vertex 6.22747 12.7757 0
    endloop
  endfacet
  facet normal 0 0 -1
    outer loop
      vertex 6.22747 12.7757 0
      vertex 5.58654 12.8495 0
      vertex 6.22747 13.1446 0
    endloop
  endfacet
  facet normal 0 0 -1
    outer loop
      vertex 5.57101 13.0387 0
      vertex 6.22747 13.1446 0
      vertex 5.58654 12.8495 0
    endloop
  endfacet
  facet normal 0 0 -1
    outer loop
      vertex 5.52443 13.2051 0
      vertex 6.22747 13.1446 0
      vertex 5.57101 13.0387 0
    endloop
  endfacet
  facet normal 0 0 -1
    outer loop
      vertex 5.44677 13.3485 0
      vertex 6.22747 13.1446 0
      vertex 5.52443 13.2051 0
    endloop
  endfacet
  facet normal 0 0 -1
    outer loop
      vertex 5.33807 13.469 0
      vertex 6.22747 13.1446 0
      vertex 5.44677 13.3485 0
    endloop
  endfacet
  facet normal 0 0 -1
    outer loop
      vertex 6.9501 13.6415 0
      vertex 5.33807 13.469 0
      vertex 5.20048 13.5644 0
    endloop
  endfacet
  facet normal 0 0 -1
    outer loop
      vertex 5.03617 13.6326 0
      vertex 6.9501 13.6415 0
      vertex 5.20048 13.5644 0
    endloop
  endfacet
  facet normal 0 0 -1
    outer loop
      vertex 4.84515 13.6735 0
      vertex 6.9501 13.6415 0
      vertex 5.03617 13.6326 0
    endloop
  endfacet
  facet normal 0 0 -1
    outer loop
      vertex 6.9501 13.6415 0
      vertex 4.84515 13.6735 0
      vertex 11.6 24.2 0
    endloop
  endfacet
  facet normal 0 0 -1
    outer loop
      vertex 0 24.2 0
      vertex 4.84515 13.6735 0
      vertex 4.62741 13.6871 0
    endloop
  endfacet
  facet normal 0 0 -1
    outer loop
      vertex 0 24.2 0
      vertex 4.62741 13.6871 0
      vertex 4.42648 13.6735 0
    endloop
  endfacet
  facet normal 0 0 -1
    outer loop
      vertex 0 24.2 0
      vertex 4.42648 13.6735 0
      vertex 4.24467 13.6328 0
    endloop
  endfacet
  facet normal 0 0 -1
    outer loop
      vertex 0 24.2 0
      vertex 4.24467 13.6328 0
      vertex 4.08198 13.565 0
    endloop
  endfacet
  facet normal 0 0 -1
    outer loop
      vertex 0 24.2 0
      vertex 4.08198 13.565 0
      vertex 3.93841 13.4701 0
    endloop
  endfacet
  facet normal 0 0 -1
    outer loop
      vertex 0 24.2 0
      vertex 3.93841 13.4701 0
      vertex 3.81846 13.3522 0
    endloop
  endfacet
  facet normal 0 0 -1
    outer loop
      vertex 4.84515 13.6735 0
      vertex 0 24.2 0
      vertex 11.6 24.2 0
    endloop
  endfacet
  facet normal 0 0 -1
    outer loop
      vertex 3.72657 13.2156 0
      vertex 0 24.2 0
      vertex 3.81846 13.3522 0
    endloop
  endfacet
  facet normal 0 0 -1
    outer loop
      vertex 3.66276 13.0604 0
      vertex 0 24.2 0
      vertex 3.72657 13.2156 0
    endloop
  endfacet
  facet normal 0 0 -1
    outer loop
      vertex 3.62703 12.8864 0
      vertex 0 24.2 0
      vertex 3.66276 13.0604 0
    endloop
  endfacet
  facet normal 0 0 -1
    outer loop
      vertex 0 24.2 0
      vertex 3.62703 12.8864 0
      vertex 3.60968 10.8596 0
    endloop
  endfacet
  facet normal 0 0 -1
    outer loop
      vertex 2.81755 40.8379 0
      vertex 3.37524 40.3084 0
      vertex 3.36988 40.2176 0
    endloop
  endfacet
  facet normal 0 0 -1
    outer loop
      vertex 2.81755 40.8379 0
      vertex 3.36988 40.2176 0
      vertex 3.35382 40.1316 0
    endloop
  endfacet
  facet normal 0 0 -1
    outer loop
      vertex 3.37524 40.3084 0
      vertex 2.94165 40.8293 0
      vertex 3.36602 40.4273 0
    endloop
  endfacet
  facet normal 0 0 -1
    outer loop
      vertex 2.81755 40.8379 0
      vertex 3.35382 40.1316 0
      vertex 3.32702 40.0505 0
    endloop
  endfacet
  facet normal -0 -0 -1
    outer loop
      vertex 3.05136 40.8032 0
      vertex 3.36602 40.4273 0
      vertex 2.94165 40.8293 0
    endloop
  endfacet
  facet normal 0 0 -1
    outer loop
      vertex 2.81755 40.8379 0
      vertex 3.32702 40.0505 0
      vertex 3.28952 39.9743 0
    endloop
  endfacet
  facet normal 0 0 -1
    outer loop
      vertex 2.21646 40.3215 0
      vertex 3.28952 39.9743 0
      vertex 3.24333 39.9013 0
    endloop
  endfacet
  facet normal 0 0 -1
    outer loop
      vertex 3.36602 40.4273 0
      vertex 3.05136 40.8032 0
      vertex 3.33834 40.532 0
    endloop
  endfacet
  facet normal 0 0 -1
    outer loop
      vertex 2.21646 40.3215 0
      vertex 3.24333 39.9013 0
      vertex 3.1905 39.83 0
    endloop
  endfacet
  facet normal 0 0 -1
    outer loop
      vertex 3.33834 40.532 0
      vertex 3.05136 40.8032 0
      vertex 3.29223 40.6226 0
    endloop
  endfacet
  facet normal 0 0 -1
    outer loop
      vertex 2.21646 40.3215 0
      vertex 3.1905 39.83 0
      vertex 3.13102 39.7603 0
    endloop
  endfacet
  facet normal 0 0 -1
    outer loop
      vertex 2.21646 40.3215 0
      vertex 3.13102 39.7603 0
      vertex 3.06491 39.6922 0
    endloop
  endfacet
  facet normal 0 0 -1
    outer loop
      vertex 3.22766 40.6991 0
      vertex 3.05136 40.8032 0
      vertex 3.14669 40.7598 0
    endloop
  endfacet
  facet normal 0 0 -1
    outer loop
      vertex 2.21646 40.3215 0
      vertex 3.06491 39.6922 0
      vertex 2.99337 39.6249 0
    endloop
  endfacet
  facet normal 0 0 -1
    outer loop
      vertex 3.29223 40.6226 0
      vertex 3.05136 40.8032 0
      vertex 3.22766 40.6991 0
    endloop
  endfacet
  facet normal 0 0 -1
    outer loop
      vertex 2.21646 40.3215 0
      vertex 2.99337 39.6249 0
      vertex 2.91763 39.5576 0
    endloop
  endfacet
  facet normal 0 0 -1
    outer loop
      vertex 2.21646 40.3215 0
      vertex 2.91763 39.5576 0
      vertex 2.83767 39.4904 0
    endloop
  endfacet
  facet normal 0 0 -1
    outer loop
      vertex 3.28952 39.9743 0
      vertex 2.21646 40.3215 0
      vertex 2.69827 40.8295 0
    endloop
  endfacet
  facet normal 0 0 -1
    outer loop
      vertex 2.21646 40.3215 0
      vertex 2.83767 39.4904 0
      vertex 2.75352 39.4231 0
    endloop
  endfacet
  facet normal 0 0 -1
    outer loop
      vertex 3.37524 40.3084 0
      vertex 2.81755 40.8379 0
      vertex 2.94165 40.8293 0
    endloop
  endfacet
  facet normal 0 0 -1
    outer loop
      vertex 2.21646 40.3215 0
      vertex 2.75352 39.4231 0
      vertex 2.66706 39.3544 0
    endloop
  endfacet
  facet normal 0 0 -1
    outer loop
      vertex 3.28952 39.9743 0
      vertex 2.69827 40.8295 0
      vertex 2.81755 40.8379 0
    endloop
  endfacet
  facet normal 0 0 -1
    outer loop
      vertex 2.21646 40.3215 0
      vertex 2.66706 39.3544 0
      vertex 2.5802 39.2829 0
    endloop
  endfacet
  facet normal 0 0 -1
    outer loop
      vertex 2.21646 40.3215 0
      vertex 2.5802 39.2829 0
      vertex 2.49292 39.2085 0
    endloop
  endfacet
  facet normal 0 0 -1
    outer loop
      vertex 2.69827 40.8295 0
      vertex 2.21646 40.3215 0
      vertex 2.58996 40.804 0
    endloop
  endfacet
  facet normal 0 -0 -1
    outer loop
      vertex 2.2389 40.4372 0
      vertex 2.58996 40.804 0
      vertex 2.21646 40.3215 0
    endloop
  endfacet
  facet normal 0 0 -1
    outer loop
      vertex 2.21646 40.3215 0
      vertex 2.49292 39.2085 0
      vertex 2.40524 39.1312 0
    endloop
  endfacet
  facet normal 0 0 -1
    outer loop
      vertex 2.58996 40.804 0
      vertex 2.2389 40.4372 0
      vertex 2.49264 40.7616 0
    endloop
  endfacet
  facet normal 0 0 -1
    outer loop
      vertex 1.81717 40.3584 0
      vertex 2.40524 39.1312 0
      vertex 2.31837 39.0503 0
    endloop
  endfacet
  facet normal 0 0 -1
    outer loop
      vertex 2.49264 40.7616 0
      vertex 2.2389 40.4372 0
      vertex 2.40632 40.7023 0
    endloop
  endfacet
  facet normal 0 -0 -1
    outer loop
      vertex 2.27803 40.5393 0
      vertex 2.40632 40.7023 0
      vertex 2.2389 40.4372 0
    endloop
  endfacet
  facet normal 0 0 -1
    outer loop
      vertex 1.81717 40.3584 0
      vertex 2.31837 39.0503 0
      vertex 2.23355 38.9647 0
    endloop
  endfacet
  facet normal 0 0 -1
    outer loop
      vertex 2.40632 40.7023 0
      vertex 2.27803 40.5393 0
      vertex 2.33383 40.6276 0
    endloop
  endfacet
  facet normal 0 0 -1
    outer loop
      vertex 1.81717 40.3584 0
      vertex 2.23355 38.9647 0
      vertex 2.15074 38.8745 0
    endloop
  endfacet
  facet normal 0 0 -1
    outer loop
      vertex 1.81717 40.3584 0
      vertex 2.15074 38.8745 0
      vertex 2.06997 38.7797 0
    endloop
  endfacet
  facet normal 0 0 -1
    outer loop
      vertex 1.81717 40.3584 0
      vertex 2.06997 38.7797 0
      vertex 1.99328 38.6789 0
    endloop
  endfacet
  facet normal 0 0 -1
    outer loop
      vertex 1.81717 40.3584 0
      vertex 1.99328 38.6789 0
      vertex 1.9227 38.5706 0
    endloop
  endfacet
  facet normal 0 0 -1
    outer loop
      vertex 1.81717 40.3584 0
      vertex 1.9227 38.5706 0
      vertex 1.8582 38.4548 0
    endloop
  endfacet
  facet normal 0 0 -1
    outer loop
      vertex 2.40524 39.1312 0
      vertex 1.81717 40.3584 0
      vertex 2.21646 40.3215 0
    endloop
  endfacet
  facet normal 0 -0 -1
    outer loop
      vertex 1.81717 40.3584 0
      vertex 1.8582 38.4548 0
      vertex 1.79982 38.3316 0
    endloop
  endfacet
  facet normal -0 0 -1
    outer loop
      vertex 4.41763 40.2477 0
      vertex 3.7716 40.2326 0
      vertex 3.77668 40.3215 0
    endloop
  endfacet
  facet normal 0 0 -1
    outer loop
      vertex 4.32867 38.388 0
      vertex 3.75634 40.1441 0
      vertex 3.7716 40.2326 0
    endloop
  endfacet
  facet normal 0 0 -1
    outer loop
      vertex 4.32867 38.388 0
      vertex 3.73091 40.0558 0
      vertex 3.75634 40.1441 0
    endloop
  endfacet
  facet normal 0 0 -1
    outer loop
      vertex 4.32867 38.388 0
      vertex 3.69531 39.9678 0
      vertex 3.73091 40.0558 0
    endloop
  endfacet
  facet normal 0 0 -1
    outer loop
      vertex 4.32867 38.388 0
      vertex 3.64967 39.8799 0
      vertex 3.69531 39.9678 0
    endloop
  endfacet
  facet normal 0 0 -1
    outer loop
      vertex 4.32867 38.388 0
      vertex 3.59414 39.792 0
      vertex 3.64967 39.8799 0
    endloop
  endfacet
  facet normal 0 0 -1
    outer loop
      vertex 4.32867 38.388 0
      vertex 3.5287 39.7041 0
      vertex 3.59414 39.792 0
    endloop
  endfacet
  facet normal 0 0 -1
    outer loop
      vertex 4.32867 38.388 0
      vertex 3.45337 39.6162 0
      vertex 3.5287 39.7041 0
    endloop
  endfacet
  facet normal 0 0 -1
    outer loop
      vertex 3.82443 38.388 0
      vertex 3.35476 39.5163 0
      vertex 3.45337 39.6162 0
    endloop
  endfacet
  facet normal 0 0 -1
    outer loop
      vertex 3.82443 38.388 0
      vertex 3.21954 39.3922 0
      vertex 3.35476 39.5163 0
    endloop
  endfacet
  facet normal 0 0 -1
    outer loop
      vertex 3.82443 38.388 0
      vertex 3.04771 39.2439 0
      vertex 3.21954 39.3922 0
    endloop
  endfacet
  facet normal 0 0 -1
    outer loop
      vertex 3.82443 38.388 0
      vertex 2.83924 39.0716 0
      vertex 3.04771 39.2439 0
    endloop
  endfacet
  facet normal 0 0 -1
    outer loop
      vertex 3.82443 38.388 0
      vertex 2.72084 38.9721 0
      vertex 2.83924 39.0716 0
    endloop
  endfacet
  facet normal 0 0 -1
    outer loop
      vertex 3.82443 38.388 0
      vertex 2.61518 38.8776 0
      vertex 2.72084 38.9721 0
    endloop
  endfacet
  facet normal 0 0 -1
    outer loop
      vertex 3.82443 38.388 0
      vertex 2.52227 38.7882 0
      vertex 2.61518 38.8776 0
    endloop
  endfacet
  facet normal 0 0 -1
    outer loop
      vertex 3.82443 38.388 0
      vertex 2.44213 38.7037 0
      vertex 2.52227 38.7882 0
    endloop
  endfacet
  facet normal 0 0 -1
    outer loop
      vertex 3.82443 38.388 0
      vertex 2.3735 38.6226 0
      vertex 2.44213 38.7037 0
    endloop
  endfacet
  facet normal 0 0 -1
    outer loop
      vertex 3.82443 38.388 0
      vertex 2.3152 38.5429 0
      vertex 2.3735 38.6226 0
    endloop
  endfacet
  facet normal 0 0 -1
    outer loop
      vertex 3.82443 38.388 0
      vertex 2.26719 38.4647 0
      vertex 2.3152 38.5429 0
    endloop
  endfacet
  facet normal 0 -0 -1
    outer loop
      vertex 2.26719 38.4647 0
      vertex 3.82443 38.388 0
      vertex 2.22949 38.388 0
    endloop
  endfacet
  facet normal 0 0 -1
    outer loop
      vertex 5.10768 38.388 0
      vertex 4.41763 40.2477 0
      vertex 5.10768 40.7403 0
    endloop
  endfacet
  facet normal 0 0 -1
    outer loop
      vertex 3.45337 39.6162 0
      vertex 4.32867 38.388 0
      vertex 3.82443 38.388 0
    endloop
  endfacet
  facet normal 0 0 -1
    outer loop
      vertex 4.32867 38.388 0
      vertex 4.41763 40.2477 0
      vertex 5.10768 38.388 0
    endloop
  endfacet
  facet normal 0 0 -1
    outer loop
      vertex 8.82722 39.6878 0
      vertex 9.48909 39.0434 0
      vertex 9.47796 38.8862 0
    endloop
  endfacet
  facet normal 0 0 -1
    outer loop
      vertex 8.96733 38.3435 0
      vertex 9.47796 38.8862 0
      vertex 9.44459 38.7469 0
    endloop
  endfacet
  facet normal -0 -0 -1
    outer loop
      vertex 8.97132 39.6767 0
      vertex 9.48909 39.0434 0
      vertex 8.82722 39.6878 0
    endloop
  endfacet
  facet normal 0 0 -1
    outer loop
      vertex 8.96733 38.3435 0
      vertex 9.44459 38.7469 0
      vertex 9.38899 38.6253 0
    endloop
  endfacet
  facet normal 0 0 -1
    outer loop
      vertex 9.48909 39.0434 0
      vertex 8.97132 39.6767 0
      vertex 9.47789 39.1808 0
    endloop
  endfacet
  facet normal 0 0 -1
    outer loop
      vertex 9.09901 38.3791 0
      vertex 9.38899 38.6253 0
      vertex 9.31114 38.5215 0
    endloop
  endfacet
  facet normal -0 -0 -1
    outer loop
      vertex 9.09983 39.6433 0
      vertex 9.44432 39.3043 0
      vertex 8.97132 39.6767 0
    endloop
  endfacet
  facet normal 0 0 -1
    outer loop
      vertex 9.09901 38.3791 0
      vertex 9.31114 38.5215 0
      vertex 9.21362 38.4384 0
    endloop
  endfacet
  facet normal 0 0 -1
    outer loop
      vertex 9.44432 39.3043 0
      vertex 9.09983 39.6433 0
      vertex 9.38838 39.414 0
    endloop
  endfacet
  facet normal 0 0 -1
    outer loop
      vertex 9.38838 39.414 0
      vertex 9.09983 39.6433 0
      vertex 9.31004 39.5099 0
    endloop
  endfacet
  facet normal 0 0 -1
    outer loop
      vertex 9.38899 38.6253 0
      vertex 9.09901 38.3791 0
      vertex 8.96733 38.3435 0
    endloop
  endfacet
  facet normal 0 0 -1
    outer loop
      vertex 9.31004 39.5099 0
      vertex 9.09983 39.6433 0
      vertex 9.21273 39.5877 0
    endloop
  endfacet
  facet normal 0 0 -1
    outer loop
      vertex 9.47796 38.8862 0
      vertex 8.96733 38.3435 0
      vertex 8.81855 38.3316 0
    endloop
  endfacet
  facet normal 0 0 -1
    outer loop
      vertex 9.47789 39.1808 0
      vertex 8.97132 39.6767 0
      vertex 9.44432 39.3043 0
    endloop
  endfacet
  facet normal 0 0 -1
    outer loop
      vertex 8.18275 38.7851 0
      vertex 9.47796 38.8862 0
      vertex 8.81855 38.3316 0
    endloop
  endfacet
  facet normal -0 0 -1
    outer loop
      vertex 9.47796 38.8862 0
      vertex 8.18275 38.7851 0
      vertex 8.82722 39.6878 0
    endloop
  endfacet
  facet normal 0 0 -1
    outer loop
      vertex 8.82722 39.6878 0
      vertex 8.18275 38.7851 0
      vertex 8.74939 39.6847 0
    endloop
  endfacet
  facet normal 0 0 -1
    outer loop
      vertex 8.74939 39.6847 0
      vertex 8.18275 38.7851 0
      vertex 8.67424 39.6754 0
    endloop
  endfacet
  facet normal 0 0 -1
    outer loop
      vertex 8.18275 38.7851 0
      vertex 8.81855 38.3316 0
      vertex 8.58677 38.3599 0
    endloop
  endfacet
  facet normal 0 0 -1
    outer loop
      vertex 8.67424 39.6754 0
      vertex 8.18275 38.7851 0
      vertex 8.60182 39.6598 0
    endloop
  endfacet
  facet normal 0 0 -1
    outer loop
      vertex 8.60182 39.6598 0
      vertex 8.18275 38.7851 0
      vertex 8.53209 39.6379 0
    endloop
  endfacet
  facet normal 0 0 -1
    outer loop
      vertex 8.26887 38.5867 0
      vertex 8.58677 38.3599 0
      vertex 8.40355 38.445 0
    endloop
  endfacet
  facet normal 0 0 -1
    outer loop
      vertex 8.53209 39.6379 0
      vertex 8.18275 38.7851 0
      vertex 8.46374 39.6086 0
    endloop
  endfacet
  facet normal 0 0 -1
    outer loop
      vertex 8.46374 39.6086 0
      vertex 8.18275 38.7851 0
      vertex 8.39538 39.5707 0
    endloop
  endfacet
  facet normal 0 0 -1
    outer loop
      vertex 8.58677 38.3599 0
      vertex 8.26887 38.5867 0
      vertex 8.18275 38.7851 0
    endloop
  endfacet
  facet normal 0 0 -1
    outer loop
      vertex 8.39538 39.5707 0
      vertex 8.18275 38.7851 0
      vertex 8.32704 39.524 0
    endloop
  endfacet
  facet normal 0 0 -1
    outer loop
      vertex 8.32704 39.524 0
      vertex 8.18275 38.7851 0
      vertex 8.25868 39.4687 0
    endloop
  endfacet
  facet normal 0 0 -1
    outer loop
      vertex 8.18275 38.7851 0
      vertex 7.87677 39.4687 0
      vertex 8.25868 39.4687 0
    endloop
  endfacet
  facet normal 0 -0 -1
    outer loop
      vertex 7.87677 39.4687 0
      vertex 8.18275 38.7851 0
      vertex 7.78781 38.7396 0
    endloop
  endfacet
  facet normal 0 0 -1
    outer loop
      vertex 9.62687 39.7421 0
      vertex 9.71693 40.7815 0
      vertex 9.74412 39.5997 0
    endloop
  endfacet
  facet normal 0 0 -1
    outer loop
      vertex 9.48141 39.8579 0
      vertex 9.71693 40.7815 0
      vertex 9.62687 39.7421 0
    endloop
  endfacet
  facet normal 0 0 -1
    outer loop
      vertex 9.31303 39.9406 0
      vertex 9.71693 40.7815 0
      vertex 9.48141 39.8579 0
    endloop
  endfacet
  facet normal 0 0 -1
    outer loop
      vertex 9.12173 39.9903 0
      vertex 9.71693 40.7815 0
      vertex 9.31303 39.9406 0
    endloop
  endfacet
  facet normal 0 0 -1
    outer loop
      vertex 8.90751 40.0068 0
      vertex 9.71693 40.7815 0
      vertex 9.12173 39.9903 0
    endloop
  endfacet
  facet normal 0 0 -1
    outer loop
      vertex 8.33462 40.7815 0
      vertex 8.90751 40.0068 0
      vertex 8.72645 39.9946 0
    endloop
  endfacet
  facet normal 0 0 -1
    outer loop
      vertex 8.33462 40.7815 0
      vertex 8.72645 39.9946 0
      vertex 8.56086 39.958 0
    endloop
  endfacet
  facet normal 0 0 -1
    outer loop
      vertex 8.33462 40.7815 0
      vertex 8.56086 39.958 0
      vertex 8.41072 39.897 0
    endloop
  endfacet
  facet normal 0 0 -1
    outer loop
      vertex 8.90751 40.0068 0
      vertex 8.33462 40.7815 0
      vertex 9.71693 40.7815 0
    endloop
  endfacet
  facet normal 0 -0 -1
    outer loop
      vertex 8.33462 40.7815 0
      vertex 8.41072 39.897 0
      vertex 8.27603 39.8115 0
    endloop
  endfacet
  facet normal 0 0 -1
    outer loop
      vertex 11.6 27.2 0
      vertex 9.89488 39.052 0
      vertex 11.6 51.9 0
    endloop
  endfacet
  facet normal 0 0 -1
    outer loop
      vertex 11.6 27.2 0
      vertex 9.8769 38.823 0
      vertex 9.89488 39.052 0
    endloop
  endfacet
  facet normal 0 0 -1
    outer loop
      vertex 11.6 27.2 0
      vertex 9.82299 38.6197 0
      vertex 9.8769 38.823 0
    endloop
  endfacet
  facet normal 0 0 -1
    outer loop
      vertex 11.6 27.2 0
      vertex 9.73312 38.4421 0
      vertex 9.82299 38.6197 0
    endloop
  endfacet
  facet normal 0 0 -1
    outer loop
      vertex 11.6 27.2 0
      vertex 9.60733 38.2904 0
      vertex 9.73312 38.4421 0
    endloop
  endfacet
  facet normal 0 0 -1
    outer loop
      vertex 11.6 27.2 0
      vertex 9.44966 38.1688 0
      vertex 9.60733 38.2904 0
    endloop
  endfacet
  facet normal 0 0 -1
    outer loop
      vertex 11.6 27.2 0
      vertex 9.2642 38.0821 0
      vertex 9.44966 38.1688 0
    endloop
  endfacet
  facet normal 0 0 -1
    outer loop
      vertex 11.6 27.2 0
      vertex 9.05093 38.03 0
      vertex 9.2642 38.0821 0
    endloop
  endfacet
  facet normal 0 0 -1
    outer loop
      vertex 11.6 27.2 0
      vertex 8.80986 38.0126 0
      vertex 9.05093 38.03 0
    endloop
  endfacet
  facet normal 0 0 -1
    outer loop
      vertex 11.6 27.2 0
      vertex 8.60641 38.0243 0
      vertex 8.80986 38.0126 0
    endloop
  endfacet
  facet normal 0 0 -1
    outer loop
      vertex 7.23291 38.056 0
      vertex 8.60641 38.0243 0
      vertex 11.6 27.2 0
    endloop
  endfacet
  facet normal 0 0 -1
    outer loop
      vertex 8.60641 38.0243 0
      vertex 7.23291 38.056 0
      vertex 8.4236 38.0593 0
    endloop
  endfacet
  facet normal -0 0 -1
    outer loop
      vertex 8.4236 38.0593 0
      vertex 7.23291 38.056 0
      vertex 8.26139 38.1176 0
    endloop
  endfacet
  facet normal -0 0 -1
    outer loop
      vertex 8.26139 38.1176 0
      vertex 7.23291 38.056 0
      vertex 8.11981 38.1992 0
    endloop
  endfacet
  facet normal -0 0 -1
    outer loop
      vertex 8.11981 38.1992 0
      vertex 7.23291 38.056 0
      vertex 8.00059 38.303 0
    endloop
  endfacet
  facet normal -0 0 -1
    outer loop
      vertex 8.00059 38.303 0
      vertex 7.23291 38.056 0
      vertex 7.90553 38.4276 0
    endloop
  endfacet
  facet normal 0 0 -1
    outer loop
      vertex 7.90553 38.4276 0
      vertex 7.23291 38.5312 0
      vertex 7.83459 38.5731 0
    endloop
  endfacet
  facet normal 0 0 -1
    outer loop
      vertex 7.23291 38.5312 0
      vertex 7.90553 38.4276 0
      vertex 7.23291 38.056 0
    endloop
  endfacet
  facet normal 0 0 -1
    outer loop
      vertex 11.6 27.2 0
      vertex 6.80976 38.056 0
      vertex 7.23291 38.056 0
    endloop
  endfacet
  facet normal 0 0 -1
    outer loop
      vertex 6.24476 38.388 0
      vertex 6.80976 38.056 0
      vertex 6.24476 38.056 0
    endloop
  endfacet
  facet normal 0 0 -1
    outer loop
      vertex 11.6 27.2 0
      vertex 6.24476 38.056 0
      vertex 6.80976 38.056 0
    endloop
  endfacet
  facet normal 0 0 -1
    outer loop
      vertex 0 27.2 0
      vertex 6.24476 38.056 0
      vertex 11.6 27.2 0
    endloop
  endfacet
  facet normal 0 0 -1
    outer loop
      vertex 4.32867 38.056 0
      vertex 3.82443 38.056 0
      vertex 4.32867 38.388 0
    endloop
  endfacet
  facet normal -0 0 -1
    outer loop
      vertex 6.24476 38.056 0
      vertex 0 27.2 0
      vertex 4.32867 38.056 0
    endloop
  endfacet
  facet normal -0 0 -1
    outer loop
      vertex 4.32867 38.056 0
      vertex 0 27.2 0
      vertex 3.82443 38.056 0
    endloop
  endfacet
  facet normal -0 0 -1
    outer loop
      vertex 1.79982 38.056 0
      vertex 0 27.2 0
      vertex 1.79982 38.3316 0
    endloop
  endfacet
  facet normal -0 0 -1
    outer loop
      vertex 3.82443 38.056 0
      vertex 0 27.2 0
      vertex 1.79982 38.056 0
    endloop
  endfacet
  facet normal 0 0 -1
    outer loop
      vertex 9.87812 39.2547 0
      vertex 11.6 51.9 0
      vertex 9.89488 39.052 0
    endloop
  endfacet
  facet normal 0 0 -1
    outer loop
      vertex 9.71693 40.7815 0
      vertex 9.87812 39.2547 0
      vertex 9.82788 39.4372 0
    endloop
  endfacet
  facet normal 0 0 -1
    outer loop
      vertex 9.71693 40.7815 0
      vertex 9.82788 39.4372 0
      vertex 9.74412 39.5997 0
    endloop
  endfacet
  facet normal 0 0 -1
    outer loop
      vertex 9.87812 39.2547 0
      vertex 9.71693 40.7815 0
      vertex 9.71693 41.1135 0
    endloop
  endfacet
  facet normal 0 0 -1
    outer loop
      vertex 9.87812 39.2547 0
      vertex 9.71693 41.1135 0
      vertex 11.6 51.9 0
    endloop
  endfacet
  facet normal 0 0 -1
    outer loop
      vertex 7.97874 41.1135 0
      vertex 11.6 51.9 0
      vertex 9.71693 41.1135 0
    endloop
  endfacet
  facet normal 0 0 -1
    outer loop
      vertex 7.23291 38.5312 0
      vertex 7.87677 39.4687 0
      vertex 7.78781 38.7396 0
    endloop
  endfacet
  facet normal -0 0 -1
    outer loop
      vertex 7.83459 38.5731 0
      vertex 7.23291 38.5312 0
      vertex 7.78781 38.7396 0
    endloop
  endfacet
  facet normal 0 0 -1
    outer loop
      vertex 7.87677 39.4687 0
      vertex 7.23291 38.5312 0
      vertex 6.80976 38.5312 0
    endloop
  endfacet
  facet normal 0 0 -1
    outer loop
      vertex 5.50048 41.1135 0
      vertex 7.87677 39.4687 0
      vertex 6.80976 38.5312 0
    endloop
  endfacet
  facet normal 0 0 -1
    outer loop
      vertex 7.87677 39.4687 0
      vertex 5.50048 41.1135 0
      vertex 7.97874 41.1135 0
    endloop
  endfacet
  facet normal 0 0 -1
    outer loop
      vertex 6.80976 38.056 0
      vertex 6.24476 38.388 0
      vertex 6.80976 38.5312 0
    endloop
  endfacet
  facet normal 0 0 -1
    outer loop
      vertex 5.50048 41.1135 0
      vertex 6.80976 38.5312 0
      vertex 6.24476 38.388 0
    endloop
  endfacet
  facet normal 0 0 -1
    outer loop
      vertex 5.50048 41.1135 0
      vertex 6.24476 38.388 0
      vertex 5.50048 38.388 0
    endloop
  endfacet
  facet normal 0 0 -1
    outer loop
      vertex 7.97874 41.1135 0
      vertex 5.50048 41.1135 0
      vertex 11.6 51.9 0
    endloop
  endfacet
  facet normal 0 0 -1
    outer loop
      vertex 0 51.9 0
      vertex 5.50048 41.1135 0
      vertex 5.14025 41.1135 0
    endloop
  endfacet
  facet normal 0 0 -1
    outer loop
      vertex 3.52821 40.941 0
      vertex 5.14025 41.1135 0
      vertex 4.41763 40.6166 0
    endloop
  endfacet
  facet normal 0 0 -1
    outer loop
      vertex 3.82443 38.388 0
      vertex 4.32867 38.388 0
      vertex 3.82443 38.056 0
    endloop
  endfacet
  facet normal 0 0 -1
    outer loop
      vertex 4.32867 38.388 0
      vertex 3.7716 40.2326 0
      vertex 4.41763 40.2477 0
    endloop
  endfacet
  facet normal 0 0 -1
    outer loop
      vertex 4.41763 40.2477 0
      vertex 3.77668 40.3215 0
      vertex 4.41763 40.6166 0
    endloop
  endfacet
  facet normal 0 0 -1
    outer loop
      vertex 3.76115 40.5107 0
      vertex 4.41763 40.6166 0
      vertex 3.77668 40.3215 0
    endloop
  endfacet
  facet normal 0 0 -1
    outer loop
      vertex 3.71457 40.6771 0
      vertex 4.41763 40.6166 0
      vertex 3.76115 40.5107 0
    endloop
  endfacet
  facet normal 0 0 -1
    outer loop
      vertex 3.63691 40.8205 0
      vertex 4.41763 40.6166 0
      vertex 3.71457 40.6771 0
    endloop
  endfacet
  facet normal 0 0 -1
    outer loop
      vertex 3.52821 40.941 0
      vertex 4.41763 40.6166 0
      vertex 3.63691 40.8205 0
    endloop
  endfacet
  facet normal 0 0 -1
    outer loop
      vertex 5.14025 41.1135 0
      vertex 3.52821 40.941 0
      vertex 3.39062 41.0364 0
    endloop
  endfacet
  facet normal 0 0 -1
    outer loop
      vertex 3.22631 41.1046 0
      vertex 5.14025 41.1135 0
      vertex 3.39062 41.0364 0
    endloop
  endfacet
  facet normal 0 0 -1
    outer loop
      vertex 3.03529 41.1455 0
      vertex 5.14025 41.1135 0
      vertex 3.22631 41.1046 0
    endloop
  endfacet
  facet normal 0 0 -1
    outer loop
      vertex 5.14025 41.1135 0
      vertex 3.03529 41.1455 0
      vertex 0 51.9 0
    endloop
  endfacet
  facet normal 0 0 -1
    outer loop
      vertex 0 51.9 0
      vertex 3.03529 41.1455 0
      vertex 2.81755 41.1591 0
    endloop
  endfacet
  facet normal 0 0 -1
    outer loop
      vertex 0 51.9 0
      vertex 2.81755 41.1591 0
      vertex 2.61662 41.1455 0
    endloop
  endfacet
  facet normal 0 0 -1
    outer loop
      vertex 0 51.9 0
      vertex 2.61662 41.1455 0
      vertex 2.43481 41.1048 0
    endloop
  endfacet
  facet normal 0 0 -1
    outer loop
      vertex 0 51.9 0
      vertex 2.43481 41.1048 0
      vertex 2.27212 41.037 0
    endloop
  endfacet
  facet normal 0 0 -1
    outer loop
      vertex 0 51.9 0
      vertex 2.27212 41.037 0
      vertex 2.12857 40.9421 0
    endloop
  endfacet
  facet normal 0 0 -1
    outer loop
      vertex 0 51.9 0
      vertex 2.12857 40.9421 0
      vertex 2.0086 40.8242 0
    endloop
  endfacet
  facet normal 0 0 -1
    outer loop
      vertex 0 27.2 0
      vertex 1.81717 40.3584 0
      vertex 1.79982 38.3316 0
    endloop
  endfacet
  facet normal 0 0 -1
    outer loop
      vertex 5.50048 41.1135 0
      vertex 0 51.9 0
      vertex 11.6 51.9 0
    endloop
  endfacet
  facet normal 0 0 -1
    outer loop
      vertex 1.91671 40.6876 0
      vertex 0 51.9 0
      vertex 2.0086 40.8242 0
    endloop
  endfacet
  facet normal 0 0 -1
    outer loop
      vertex 1.8529 40.5324 0
      vertex 0 51.9 0
      vertex 1.91671 40.6876 0
    endloop
  endfacet
  facet normal 0 0 -1
    outer loop
      vertex 1.81717 40.3584 0
      vertex 0 51.9 0
      vertex 1.8529 40.5324 0
    endloop
  endfacet
  facet normal 0 0 -1
    outer loop
      vertex 0 51.9 0
      vertex 1.81717 40.3584 0
      vertex 0 27.2 0
    endloop
  endfacet
  facet normal 0 0 -1
    outer loop
      vertex 2.81755 97.2379 0
      vertex 3.37524 96.7084 0
      vertex 3.36988 96.6176 0
    endloop
  endfacet
  facet normal 0 0 -1
    outer loop
      vertex 2.81755 97.2379 0
      vertex 3.36988 96.6176 0
      vertex 3.35382 96.5316 0
    endloop
  endfacet
  facet normal 0 0 -1
    outer loop
      vertex 3.37524 96.7084 0
      vertex 2.94165 97.2293 0
      vertex 3.36602 96.8273 0
    endloop
  endfacet
  facet normal 0 0 -1
    outer loop
      vertex 2.81755 97.2379 0
      vertex 3.35382 96.5316 0
      vertex 3.32702 96.4505 0
    endloop
  endfacet
  facet normal -0 -0 -1
    outer loop
      vertex 3.05136 97.2032 0
      vertex 3.36602 96.8273 0
      vertex 2.94165 97.2293 0
    endloop
  endfacet
  facet normal 0 0 -1
    outer loop
      vertex 2.81755 97.2379 0
      vertex 3.32702 96.4505 0
      vertex 3.28952 96.3743 0
    endloop
  endfacet
  facet normal 0 0 -1
    outer loop
      vertex 2.21646 96.7215 0
      vertex 3.28952 96.3743 0
      vertex 3.24333 96.3013 0
    endloop
  endfacet
  facet normal 0 0 -1
    outer loop
      vertex 3.36602 96.8273 0
      vertex 3.05136 97.2032 0
      vertex 3.33834 96.932 0
    endloop
  endfacet
  facet normal 0 0 -1
    outer loop
      vertex 2.21646 96.7215 0
      vertex 3.24333 96.3013 0
      vertex 3.1905 96.2299 0
    endloop
  endfacet
  facet normal 0 0 -1
    outer loop
      vertex 3.33834 96.932 0
      vertex 3.05136 97.2032 0
      vertex 3.29223 97.0226 0
    endloop
  endfacet
  facet normal 0 0 -1
    outer loop
      vertex 2.21646 96.7215 0
      vertex 3.1905 96.2299 0
      vertex 3.13102 96.1602 0
    endloop
  endfacet
  facet normal 0 0 -1
    outer loop
      vertex 2.21646 96.7215 0
      vertex 3.13102 96.1602 0
      vertex 3.06491 96.0921 0
    endloop
  endfacet
  facet normal 0 0 -1
    outer loop
      vertex 3.22766 97.0991 0
      vertex 3.05136 97.2032 0
      vertex 3.14669 97.1598 0
    endloop
  endfacet
  facet normal 0 0 -1
    outer loop
      vertex 2.21646 96.7215 0
      vertex 3.06491 96.0921 0
      vertex 2.99337 96.0249 0
    endloop
  endfacet
  facet normal 0 0 -1
    outer loop
      vertex 3.29223 97.0226 0
      vertex 3.05136 97.2032 0
      vertex 3.22766 97.0991 0
    endloop
  endfacet
  facet normal 0 0 -1
    outer loop
      vertex 2.21646 96.7215 0
      vertex 2.99337 96.0249 0
      vertex 2.91763 95.9576 0
    endloop
  endfacet
  facet normal 0 0 -1
    outer loop
      vertex 2.21646 96.7215 0
      vertex 2.91763 95.9576 0
      vertex 2.83767 95.8904 0
    endloop
  endfacet
  facet normal 0 0 -1
    outer loop
      vertex 3.28952 96.3743 0
      vertex 2.21646 96.7215 0
      vertex 2.69827 97.2295 0
    endloop
  endfacet
  facet normal 0 0 -1
    outer loop
      vertex 2.21646 96.7215 0
      vertex 2.83767 95.8904 0
      vertex 2.75352 95.8231 0
    endloop
  endfacet
  facet normal 0 0 -1
    outer loop
      vertex 3.37524 96.7084 0
      vertex 2.81755 97.2379 0
      vertex 2.94165 97.2293 0
    endloop
  endfacet
  facet normal 0 0 -1
    outer loop
      vertex 2.21646 96.7215 0
      vertex 2.75352 95.8231 0
      vertex 2.66706 95.7544 0
    endloop
  endfacet
  facet normal 0 0 -1
    outer loop
      vertex 3.28952 96.3743 0
      vertex 2.69827 97.2295 0
      vertex 2.81755 97.2379 0
    endloop
  endfacet
  facet normal 0 0 -1
    outer loop
      vertex 2.21646 96.7215 0
      vertex 2.66706 95.7544 0
      vertex 2.5802 95.6829 0
    endloop
  endfacet
  facet normal 0 0 -1
    outer loop
      vertex 2.21646 96.7215 0
      vertex 2.5802 95.6829 0
      vertex 2.49292 95.6085 0
    endloop
  endfacet
  facet normal 0 0 -1
    outer loop
      vertex 2.69827 97.2295 0
      vertex 2.21646 96.7215 0
      vertex 2.58996 97.204 0
    endloop
  endfacet
  facet normal 0 -0 -1
    outer loop
      vertex 2.2389 96.8372 0
      vertex 2.58996 97.204 0
      vertex 2.21646 96.7215 0
    endloop
  endfacet
  facet normal 0 0 -1
    outer loop
      vertex 2.21646 96.7215 0
      vertex 2.49292 95.6085 0
      vertex 2.40524 95.5312 0
    endloop
  endfacet
  facet normal 0 0 -1
    outer loop
      vertex 2.58996 97.204 0
      vertex 2.2389 96.8372 0
      vertex 2.49264 97.1616 0
    endloop
  endfacet
  facet normal 0 0 -1
    outer loop
      vertex 1.81717 96.7584 0
      vertex 2.40524 95.5312 0
      vertex 2.31837 95.4503 0
    endloop
  endfacet
  facet normal 0 0 -1
    outer loop
      vertex 2.49264 97.1616 0
      vertex 2.2389 96.8372 0
      vertex 2.40632 97.1023 0
    endloop
  endfacet
  facet normal 0 -0 -1
    outer loop
      vertex 2.27803 96.9393 0
      vertex 2.40632 97.1023 0
      vertex 2.2389 96.8372 0
    endloop
  endfacet
  facet normal 0 0 -1
    outer loop
      vertex 1.81717 96.7584 0
      vertex 2.31837 95.4503 0
      vertex 2.23355 95.3647 0
    endloop
  endfacet
  facet normal 0 0 -1
    outer loop
      vertex 2.40632 97.1023 0
      vertex 2.27803 96.9393 0
      vertex 2.33383 97.0276 0
    endloop
  endfacet
  facet normal 0 0 -1
    outer loop
      vertex 1.81717 96.7584 0
      vertex 2.23355 95.3647 0
      vertex 2.15074 95.2745 0
    endloop
  endfacet
  facet normal 0 0 -1
    outer loop
      vertex 1.81717 96.7584 0
      vertex 2.15074 95.2745 0
      vertex 2.06997 95.1797 0
    endloop
  endfacet
  facet normal 0 0 -1
    outer loop
      vertex 1.81717 96.7584 0
      vertex 2.06997 95.1797 0
      vertex 1.99328 95.0789 0
    endloop
  endfacet
  facet normal 0 0 -1
    outer loop
      vertex 1.81717 96.7584 0
      vertex 1.99328 95.0789 0
      vertex 1.9227 94.9706 0
    endloop
  endfacet
  facet normal 0 0 -1
    outer loop
      vertex 1.81717 96.7584 0
      vertex 1.9227 94.9706 0
      vertex 1.8582 94.8548 0
    endloop
  endfacet
  facet normal 0 0 -1
    outer loop
      vertex 2.40524 95.5312 0
      vertex 1.81717 96.7584 0
      vertex 2.21646 96.7215 0
    endloop
  endfacet
  facet normal 0 -0 -1
    outer loop
      vertex 1.81717 96.7584 0
      vertex 1.8582 94.8548 0
      vertex 1.79982 94.7316 0
    endloop
  endfacet
  facet normal 0 0 -1
    outer loop
      vertex 4.23101 96.7584 0
      vertex 3.7716 96.6326 0
      vertex 3.77668 96.7215 0
    endloop
  endfacet
  facet normal 0 0 -1
    outer loop
      vertex 4.48381 95.1797 0
      vertex 3.75634 96.5441 0
      vertex 3.7716 96.6326 0
    endloop
  endfacet
  facet normal 0 0 -1
    outer loop
      vertex 4.48381 95.1797 0
      vertex 3.73091 96.4558 0
      vertex 3.75634 96.5441 0
    endloop
  endfacet
  facet normal 0 0 -1
    outer loop
      vertex 4.48381 95.1797 0
      vertex 3.69531 96.3678 0
      vertex 3.73091 96.4558 0
    endloop
  endfacet
  facet normal 0 0 -1
    outer loop
      vertex 4.48381 95.1797 0
      vertex 3.64967 96.2799 0
      vertex 3.69531 96.3678 0
    endloop
  endfacet
  facet normal 0 0 -1
    outer loop
      vertex 4.48381 95.1797 0
      vertex 3.59414 96.192 0
      vertex 3.64967 96.2799 0
    endloop
  endfacet
  facet normal 0 0 -1
    outer loop
      vertex 4.48381 95.1797 0
      vertex 3.5287 96.1041 0
      vertex 3.59414 96.192 0
    endloop
  endfacet
  facet normal 0 0 -1
    outer loop
      vertex 4.48381 95.1797 0
      vertex 3.45337 96.0162 0
      vertex 3.5287 96.1041 0
    endloop
  endfacet
  facet normal 0 0 -1
    outer loop
      vertex 4.40712 95.0789 0
      vertex 3.45337 96.0162 0
      vertex 4.48381 95.1797 0
    endloop
  endfacet
  facet normal 0 0 -1
    outer loop
      vertex 3.82443 94.788 0
      vertex 3.21954 95.7922 0
      vertex 3.35476 95.9163 0
    endloop
  endfacet
  facet normal 0 0 -1
    outer loop
      vertex 3.82443 94.788 0
      vertex 3.04771 95.6439 0
      vertex 3.21954 95.7922 0
    endloop
  endfacet
  facet normal 0 0 -1
    outer loop
      vertex 3.82443 94.788 0
      vertex 2.83924 95.4716 0
      vertex 3.04771 95.6439 0
    endloop
  endfacet
  facet normal 0 0 -1
    outer loop
      vertex 3.82443 94.788 0
      vertex 2.72084 95.3721 0
      vertex 2.83924 95.4716 0
    endloop
  endfacet
  facet normal 0 0 -1
    outer loop
      vertex 3.82443 94.788 0
      vertex 2.61518 95.2776 0
      vertex 2.72084 95.3721 0
    endloop
  endfacet
  facet normal 0 0 -1
    outer loop
      vertex 3.82443 94.788 0
      vertex 2.52227 95.1882 0
      vertex 2.61518 95.2776 0
    endloop
  endfacet
  facet normal 0 0 -1
    outer loop
      vertex 3.82443 94.788 0
      vertex 2.44213 95.1037 0
      vertex 2.52227 95.1882 0
    endloop
  endfacet
  facet normal 0 0 -1
    outer loop
      vertex 3.82443 94.788 0
      vertex 2.3735 95.0226 0
      vertex 2.44213 95.1037 0
    endloop
  endfacet
  facet normal 0 0 -1
    outer loop
      vertex 3.82443 94.788 0
      vertex 2.3152 94.9429 0
      vertex 2.3735 95.0226 0
    endloop
  endfacet
  facet normal 0 0 -1
    outer loop
      vertex 3.82443 94.788 0
      vertex 2.26719 94.8647 0
      vertex 2.3152 94.9429 0
    endloop
  endfacet
  facet normal 0 -0 -1
    outer loop
      vertex 2.26719 94.8647 0
      vertex 3.82443 94.788 0
      vertex 2.22949 94.788 0
    endloop
  endfacet
  facet normal 0 0 -1
    outer loop
      vertex 5.2314 97.2379 0
      vertex 5.78909 96.7084 0
      vertex 5.78373 96.6176 0
    endloop
  endfacet
  facet normal 0 0 -1
    outer loop
      vertex 5.2314 97.2379 0
      vertex 5.78373 96.6176 0
      vertex 5.76767 96.5316 0
    endloop
  endfacet
  facet normal 0 0 -1
    outer loop
      vertex 5.78909 96.7084 0
      vertex 5.35548 97.2293 0
      vertex 5.77987 96.8273 0
    endloop
  endfacet
  facet normal 0 0 -1
    outer loop
      vertex 5.2314 97.2379 0
      vertex 5.76767 96.5316 0
      vertex 5.74087 96.4505 0
    endloop
  endfacet
  facet normal -0 -0 -1
    outer loop
      vertex 5.46521 97.2032 0
      vertex 5.77987 96.8273 0
      vertex 5.35548 97.2293 0
    endloop
  endfacet
  facet normal 0 0 -1
    outer loop
      vertex 5.2314 97.2379 0
      vertex 5.74087 96.4505 0
      vertex 5.70337 96.3743 0
    endloop
  endfacet
  facet normal 0 0 -1
    outer loop
      vertex 4.63031 96.7215 0
      vertex 5.70337 96.3743 0
      vertex 5.65718 96.3013 0
    endloop
  endfacet
  facet normal 0 0 -1
    outer loop
      vertex 5.77987 96.8273 0
      vertex 5.46521 97.2032 0
      vertex 5.75219 96.932 0
    endloop
  endfacet
  facet normal 0 0 -1
    outer loop
      vertex 4.63031 96.7215 0
      vertex 5.65718 96.3013 0
      vertex 5.60435 96.2299 0
    endloop
  endfacet
  facet normal 0 0 -1
    outer loop
      vertex 5.75219 96.932 0
      vertex 5.46521 97.2032 0
      vertex 5.70608 97.0226 0
    endloop
  endfacet
  facet normal 0 0 -1
    outer loop
      vertex 4.63031 96.7215 0
      vertex 5.60435 96.2299 0
      vertex 5.54487 96.1602 0
    endloop
  endfacet
  facet normal 0 0 -1
    outer loop
      vertex 4.63031 96.7215 0
      vertex 5.54487 96.1602 0
      vertex 5.47876 96.0921 0
    endloop
  endfacet
  facet normal 0 0 -1
    outer loop
      vertex 5.64151 97.0991 0
      vertex 5.46521 97.2032 0
      vertex 5.56054 97.1598 0
    endloop
  endfacet
  facet normal 0 0 -1
    outer loop
      vertex 4.63031 96.7215 0
      vertex 5.47876 96.0921 0
      vertex 5.40721 96.0249 0
    endloop
  endfacet
  facet normal 0 0 -1
    outer loop
      vertex 5.70608 97.0226 0
      vertex 5.46521 97.2032 0
      vertex 5.64151 97.0991 0
    endloop
  endfacet
  facet normal 0 0 -1
    outer loop
      vertex 4.63031 96.7215 0
      vertex 5.40721 96.0249 0
      vertex 5.33146 95.9576 0
    endloop
  endfacet
  facet normal 0 0 -1
    outer loop
      vertex 4.63031 96.7215 0
      vertex 5.33146 95.9576 0
      vertex 5.25152 95.8904 0
    endloop
  endfacet
  facet normal 0 0 -1
    outer loop
      vertex 5.70337 96.3743 0
      vertex 4.63031 96.7215 0
      vertex 5.1121 97.2295 0
    endloop
  endfacet
  facet normal 0 0 -1
    outer loop
      vertex 4.63031 96.7215 0
      vertex 5.25152 95.8904 0
      vertex 5.16737 95.8231 0
    endloop
  endfacet
  facet normal 0 0 -1
    outer loop
      vertex 5.78909 96.7084 0
      vertex 5.2314 97.2379 0
      vertex 5.35548 97.2293 0
    endloop
  endfacet
  facet normal 0 0 -1
    outer loop
      vertex 4.63031 96.7215 0
      vertex 5.16737 95.8231 0
      vertex 5.0809 95.7544 0
    endloop
  endfacet
  facet normal 0 0 -1
    outer loop
      vertex 5.70337 96.3743 0
      vertex 5.1121 97.2295 0
      vertex 5.2314 97.2379 0
    endloop
  endfacet
  facet normal 0 0 -1
    outer loop
      vertex 4.63031 96.7215 0
      vertex 5.0809 95.7544 0
      vertex 4.99403 95.6829 0
    endloop
  endfacet
  facet normal 0 0 -1
    outer loop
      vertex 4.63031 96.7215 0
      vertex 4.99403 95.6829 0
      vertex 4.90676 95.6085 0
    endloop
  endfacet
  facet normal 0 0 -1
    outer loop
      vertex 5.1121 97.2295 0
      vertex 4.63031 96.7215 0
      vertex 5.00381 97.204 0
    endloop
  endfacet
  facet normal 0 -0 -1
    outer loop
      vertex 4.65275 96.8372 0
      vertex 5.00381 97.204 0
      vertex 4.63031 96.7215 0
    endloop
  endfacet
  facet normal 0 0 -1
    outer loop
      vertex 4.63031 96.7215 0
      vertex 4.90676 95.6085 0
      vertex 4.81907 95.5312 0
    endloop
  endfacet
  facet normal 0 0 -1
    outer loop
      vertex 5.00381 97.204 0
      vertex 4.65275 96.8372 0
      vertex 4.90649 97.1616 0
    endloop
  endfacet
  facet normal 0 0 -1
    outer loop
      vertex 4.23101 96.7584 0
      vertex 4.81907 95.5312 0
      vertex 4.73222 95.4503 0
    endloop
  endfacet
  facet normal 0 0 -1
    outer loop
      vertex 4.90649 97.1616 0
      vertex 4.65275 96.8372 0
      vertex 4.82016 97.1023 0
    endloop
  endfacet
  facet normal 0 0 -1
    outer loop
      vertex 4.82016 97.1023 0
      vertex 4.65275 96.8372 0
      vertex 4.74768 97.0276 0
    endloop
  endfacet
  facet normal 0 0 -1
    outer loop
      vertex 3.7716 96.6326 0
      vertex 4.73222 95.4503 0
      vertex 4.64738 95.3647 0
    endloop
  endfacet
  facet normal 0 0 -1
    outer loop
      vertex 4.74768 97.0276 0
      vertex 4.65275 96.8372 0
      vertex 4.69186 96.9393 0
    endloop
  endfacet
  facet normal 0 0 -1
    outer loop
      vertex 3.7716 96.6326 0
      vertex 4.64738 95.3647 0
      vertex 4.56459 95.2745 0
    endloop
  endfacet
  facet normal 0 0 -1
    outer loop
      vertex 3.7716 96.6326 0
      vertex 4.56459 95.2745 0
      vertex 4.48381 95.1797 0
    endloop
  endfacet
  facet normal 0 0 -1
    outer loop
      vertex 3.35476 95.9163 0
      vertex 4.40712 95.0789 0
      vertex 3.82443 94.788 0
    endloop
  endfacet
  facet normal 0 0 -1
    outer loop
      vertex 3.82443 94.788 0
      vertex 4.40712 95.0789 0
      vertex 4.33653 94.9706 0
    endloop
  endfacet
  facet normal 0 0 -1
    outer loop
      vertex 3.82443 94.788 0
      vertex 4.33653 94.9706 0
      vertex 4.27205 94.8548 0
    endloop
  endfacet
  facet normal 0 0 -1
    outer loop
      vertex 4.81907 95.5312 0
      vertex 4.23101 96.7584 0
      vertex 4.63031 96.7215 0
    endloop
  endfacet
  facet normal 0 0 -1
    outer loop
      vertex 3.82443 94.788 0
      vertex 4.27205 94.8548 0
      vertex 4.21367 94.7316 0
    endloop
  endfacet
  facet normal 0 0 -1
    outer loop
      vertex 7.87677 95.8687 0
      vertex 6.18544 96.6326 0
      vertex 6.19052 96.7215 0
    endloop
  endfacet
  facet normal 0 0 -1
    outer loop
      vertex 6.80976 94.9312 0
      vertex 6.17018 96.5441 0
      vertex 6.18544 96.6326 0
    endloop
  endfacet
  facet normal 0 0 -1
    outer loop
      vertex 6.80976 94.9312 0
      vertex 6.14474 96.4558 0
      vertex 6.17018 96.5441 0
    endloop
  endfacet
  facet normal 0 0 -1
    outer loop
      vertex 6.80976 94.9312 0
      vertex 6.10914 96.3678 0
      vertex 6.14474 96.4558 0
    endloop
  endfacet
  facet normal 0 0 -1
    outer loop
      vertex 6.80976 94.9312 0
      vertex 6.0635 96.2799 0
      vertex 6.10914 96.3678 0
    endloop
  endfacet
  facet normal 0 0 -1
    outer loop
      vertex 6.80976 94.9312 0
      vertex 6.00796 96.192 0
      vertex 6.0635 96.2799 0
    endloop
  endfacet
  facet normal 0 0 -1
    outer loop
      vertex 6.80976 94.9312 0
      vertex 5.94253 96.1041 0
      vertex 6.00796 96.192 0
    endloop
  endfacet
  facet normal 0 0 -1
    outer loop
      vertex 6.80976 94.9312 0
      vertex 5.86718 96.0162 0
      vertex 5.94253 96.1041 0
    endloop
  endfacet
  facet normal 0 0 -1
    outer loop
      vertex 6.23826 94.788 0
      vertex 5.76861 95.9163 0
      vertex 5.86718 96.0162 0
    endloop
  endfacet
  facet normal 0 0 -1
    outer loop
      vertex 6.23826 94.788 0
      vertex 5.63339 95.7922 0
      vertex 5.76861 95.9163 0
    endloop
  endfacet
  facet normal 0 0 -1
    outer loop
      vertex 6.23826 94.788 0
      vertex 5.46154 95.6439 0
      vertex 5.63339 95.7922 0
    endloop
  endfacet
  facet normal 0 0 -1
    outer loop
      vertex 6.23826 94.788 0
      vertex 5.25309 95.4716 0
      vertex 5.46154 95.6439 0
    endloop
  endfacet
  facet normal 0 0 -1
    outer loop
      vertex 6.23826 94.788 0
      vertex 5.13469 95.3721 0
      vertex 5.25309 95.4716 0
    endloop
  endfacet
  facet normal 0 0 -1
    outer loop
      vertex 6.23826 94.788 0
      vertex 5.02903 95.2776 0
      vertex 5.13469 95.3721 0
    endloop
  endfacet
  facet normal 0 0 -1
    outer loop
      vertex 6.23826 94.788 0
      vertex 4.93612 95.1882 0
      vertex 5.02903 95.2776 0
    endloop
  endfacet
  facet normal 0 0 -1
    outer loop
      vertex 6.23826 94.788 0
      vertex 4.85597 95.1037 0
      vertex 4.93612 95.1882 0
    endloop
  endfacet
  facet normal 0 0 -1
    outer loop
      vertex 6.23826 94.788 0
      vertex 4.78735 95.0226 0
      vertex 4.85597 95.1037 0
    endloop
  endfacet
  facet normal 0 0 -1
    outer loop
      vertex 6.23826 94.788 0
      vertex 4.72903 94.9429 0
      vertex 4.78735 95.0226 0
    endloop
  endfacet
  facet normal 0 0 -1
    outer loop
      vertex 6.23826 94.788 0
      vertex 4.68103 94.8647 0
      vertex 4.72903 94.9429 0
    endloop
  endfacet
  facet normal 0 -0 -1
    outer loop
      vertex 4.68103 94.8647 0
      vertex 6.23826 94.788 0
      vertex 4.64334 94.788 0
    endloop
  endfacet
  facet normal 0 0 -1
    outer loop
      vertex 8.82722 96.0878 0
      vertex 9.48909 95.4434 0
      vertex 9.47796 95.2862 0
    endloop
  endfacet
  facet normal 0 0 -1
    outer loop
      vertex 8.96733 94.7435 0
      vertex 9.47796 95.2862 0
      vertex 9.44459 95.1469 0
    endloop
  endfacet
  facet normal -0 -0 -1
    outer loop
      vertex 8.97132 96.0767 0
      vertex 9.48909 95.4434 0
      vertex 8.82722 96.0878 0
    endloop
  endfacet
  facet normal 0 0 -1
    outer loop
      vertex 8.96733 94.7435 0
      vertex 9.44459 95.1469 0
      vertex 9.38899 95.0253 0
    endloop
  endfacet
  facet normal 0 0 -1
    outer loop
      vertex 9.48909 95.4434 0
      vertex 8.97132 96.0767 0
      vertex 9.47789 95.5807 0
    endloop
  endfacet
  facet normal 0 0 -1
    outer loop
      vertex 9.09901 94.7791 0
      vertex 9.38899 95.0253 0
      vertex 9.31114 94.9214 0
    endloop
  endfacet
  facet normal -0 -0 -1
    outer loop
      vertex 9.09983 96.0433 0
      vertex 9.44432 95.7043 0
      vertex 8.97132 96.0767 0
    endloop
  endfacet
  facet normal 0 0 -1
    outer loop
      vertex 9.09901 94.7791 0
      vertex 9.31114 94.9214 0
      vertex 9.21362 94.8384 0
    endloop
  endfacet
  facet normal 0 0 -1
    outer loop
      vertex 9.44432 95.7043 0
      vertex 9.09983 96.0433 0
      vertex 9.38838 95.814 0
    endloop
  endfacet
  facet normal 0 0 -1
    outer loop
      vertex 9.38838 95.814 0
      vertex 9.09983 96.0433 0
      vertex 9.31004 95.9099 0
    endloop
  endfacet
  facet normal 0 0 -1
    outer loop
      vertex 9.38899 95.0253 0
      vertex 9.09901 94.7791 0
      vertex 8.96733 94.7435 0
    endloop
  endfacet
  facet normal 0 0 -1
    outer loop
      vertex 9.31004 95.9099 0
      vertex 9.09983 96.0433 0
      vertex 9.21273 95.9877 0
    endloop
  endfacet
  facet normal 0 0 -1
    outer loop
      vertex 9.47796 95.2862 0
      vertex 8.96733 94.7435 0
      vertex 8.81855 94.7316 0
    endloop
  endfacet
  facet normal 0 0 -1
    outer loop
      vertex 9.47789 95.5807 0
      vertex 8.97132 96.0767 0
      vertex 9.44432 95.7043 0
    endloop
  endfacet
  facet normal 0 0 -1
    outer loop
      vertex 8.18275 95.1851 0
      vertex 9.47796 95.2862 0
      vertex 8.81855 94.7316 0
    endloop
  endfacet
  facet normal -0 0 -1
    outer loop
      vertex 9.47796 95.2862 0
      vertex 8.18275 95.1851 0
      vertex 8.82722 96.0878 0
    endloop
  endfacet
  facet normal 0 0 -1
    outer loop
      vertex 8.82722 96.0878 0
      vertex 8.18275 95.1851 0
      vertex 8.74939 96.0847 0
    endloop
  endfacet
  facet normal 0 0 -1
    outer loop
      vertex 8.74939 96.0847 0
      vertex 8.18275 95.1851 0
      vertex 8.67424 96.0753 0
    endloop
  endfacet
  facet normal 0 0 -1
    outer loop
      vertex 8.18275 95.1851 0
      vertex 8.81855 94.7316 0
      vertex 8.58677 94.7599 0
    endloop
  endfacet
  facet normal 0 0 -1
    outer loop
      vertex 8.67424 96.0753 0
      vertex 8.18275 95.1851 0
      vertex 8.60182 96.0598 0
    endloop
  endfacet
  facet normal 0 0 -1
    outer loop
      vertex 8.60182 96.0598 0
      vertex 8.18275 95.1851 0
      vertex 8.53209 96.0379 0
    endloop
  endfacet
  facet normal 0 0 -1
    outer loop
      vertex 8.26887 94.9867 0
      vertex 8.58677 94.7599 0
      vertex 8.40355 94.845 0
    endloop
  endfacet
  facet normal 0 0 -1
    outer loop
      vertex 8.53209 96.0379 0
      vertex 8.18275 95.1851 0
      vertex 8.46374 96.0086 0
    endloop
  endfacet
  facet normal 0 0 -1
    outer loop
      vertex 8.46374 96.0086 0
      vertex 8.18275 95.1851 0
      vertex 8.39538 95.9707 0
    endloop
  endfacet
  facet normal 0 0 -1
    outer loop
      vertex 8.58677 94.7599 0
      vertex 8.26887 94.9867 0
      vertex 8.18275 95.1851 0
    endloop
  endfacet
  facet normal 0 0 -1
    outer loop
      vertex 8.39538 95.9707 0
      vertex 8.18275 95.1851 0
      vertex 8.32704 95.924 0
    endloop
  endfacet
  facet normal 0 0 -1
    outer loop
      vertex 8.32704 95.924 0
      vertex 8.18275 95.1851 0
      vertex 8.25868 95.8687 0
    endloop
  endfacet
  facet normal 0 0 -1
    outer loop
      vertex 8.18275 95.1851 0
      vertex 7.87677 95.8687 0
      vertex 8.25868 95.8687 0
    endloop
  endfacet
  facet normal 0 -0 -1
    outer loop
      vertex 7.87677 95.8687 0
      vertex 8.18275 95.1851 0
      vertex 7.78781 95.1396 0
    endloop
  endfacet
  facet normal 0 0 -1
    outer loop
      vertex 9.62687 96.1421 0
      vertex 9.71693 97.1815 0
      vertex 9.74412 95.9997 0
    endloop
  endfacet
  facet normal 0 0 -1
    outer loop
      vertex 9.48141 96.2579 0
      vertex 9.71693 97.1815 0
      vertex 9.62687 96.1421 0
    endloop
  endfacet
  facet normal 0 0 -1
    outer loop
      vertex 9.31303 96.3406 0
      vertex 9.71693 97.1815 0
      vertex 9.48141 96.2579 0
    endloop
  endfacet
  facet normal 0 0 -1
    outer loop
      vertex 9.12173 96.3903 0
      vertex 9.71693 97.1815 0
      vertex 9.31303 96.3406 0
    endloop
  endfacet
  facet normal 0 0 -1
    outer loop
      vertex 8.90751 96.4068 0
      vertex 9.71693 97.1815 0
      vertex 9.12173 96.3903 0
    endloop
  endfacet
  facet normal 0 0 -1
    outer loop
      vertex 8.33462 97.1815 0
      vertex 8.90751 96.4068 0
      vertex 8.72645 96.3946 0
    endloop
  endfacet
  facet normal 0 0 -1
    outer loop
      vertex 8.33462 97.1815 0
      vertex 8.72645 96.3946 0
      vertex 8.56086 96.358 0
    endloop
  endfacet
  facet normal 0 0 -1
    outer loop
      vertex 8.33462 97.1815 0
      vertex 8.56086 96.358 0
      vertex 8.41072 96.297 0
    endloop
  endfacet
  facet normal 0 0 -1
    outer loop
      vertex 8.90751 96.4068 0
      vertex 8.33462 97.1815 0
      vertex 9.71693 97.1815 0
    endloop
  endfacet
  facet normal 0 -0 -1
    outer loop
      vertex 8.33462 97.1815 0
      vertex 8.41072 96.297 0
      vertex 8.27603 96.2115 0
    endloop
  endfacet
  facet normal 0 0 -1
    outer loop
      vertex 11.6 83.1 0
      vertex 9.89488 95.452 0
      vertex 11.6 108.8 0
    endloop
  endfacet
  facet normal 0 0 -1
    outer loop
      vertex 11.6 83.1 0
      vertex 9.8769 95.223 0
      vertex 9.89488 95.452 0
    endloop
  endfacet
  facet normal 0 0 -1
    outer loop
      vertex 11.6 83.1 0
      vertex 9.82299 95.0197 0
      vertex 9.8769 95.223 0
    endloop
  endfacet
  facet normal 0 0 -1
    outer loop
      vertex 11.6 83.1 0
      vertex 9.73312 94.8421 0
      vertex 9.82299 95.0197 0
    endloop
  endfacet
  facet normal 0 0 -1
    outer loop
      vertex 11.6 83.1 0
      vertex 9.60733 94.6904 0
      vertex 9.73312 94.8421 0
    endloop
  endfacet
  facet normal 0 0 -1
    outer loop
      vertex 11.6 83.1 0
      vertex 9.44966 94.5688 0
      vertex 9.60733 94.6904 0
    endloop
  endfacet
  facet normal 0 0 -1
    outer loop
      vertex 11.6 83.1 0
      vertex 9.2642 94.4821 0
      vertex 9.44966 94.5688 0
    endloop
  endfacet
  facet normal 0 0 -1
    outer loop
      vertex 11.6 83.1 0
      vertex 9.05093 94.43 0
      vertex 9.2642 94.4821 0
    endloop
  endfacet
  facet normal 0 0 -1
    outer loop
      vertex 11.6 83.1 0
      vertex 8.80986 94.4126 0
      vertex 9.05093 94.43 0
    endloop
  endfacet
  facet normal 0 0 -1
    outer loop
      vertex 11.6 83.1 0
      vertex 8.60641 94.4243 0
      vertex 8.80986 94.4126 0
    endloop
  endfacet
  facet normal 0 0 -1
    outer loop
      vertex 7.23291 94.456 0
      vertex 8.60641 94.4243 0
      vertex 11.6 83.1 0
    endloop
  endfacet
  facet normal 0 0 -1
    outer loop
      vertex 8.60641 94.4243 0
      vertex 7.23291 94.456 0
      vertex 8.4236 94.4593 0
    endloop
  endfacet
  facet normal -0 0 -1
    outer loop
      vertex 8.4236 94.4593 0
      vertex 7.23291 94.456 0
      vertex 8.26139 94.5176 0
    endloop
  endfacet
  facet normal -0 0 -1
    outer loop
      vertex 8.26139 94.5176 0
      vertex 7.23291 94.456 0
      vertex 8.11981 94.5992 0
    endloop
  endfacet
  facet normal -0 0 -1
    outer loop
      vertex 8.11981 94.5992 0
      vertex 7.23291 94.456 0
      vertex 8.00059 94.703 0
    endloop
  endfacet
  facet normal -0 0 -1
    outer loop
      vertex 8.00059 94.703 0
      vertex 7.23291 94.456 0
      vertex 7.90553 94.8276 0
    endloop
  endfacet
  facet normal 0 0 -1
    outer loop
      vertex 7.90553 94.8276 0
      vertex 7.23291 94.9312 0
      vertex 7.83459 94.9731 0
    endloop
  endfacet
  facet normal 0 0 -1
    outer loop
      vertex 7.23291 94.9312 0
      vertex 7.90553 94.8276 0
      vertex 7.23291 94.456 0
    endloop
  endfacet
  facet normal 0 0 -1
    outer loop
      vertex 11.6 83.1 0
      vertex 6.80976 94.456 0
      vertex 7.23291 94.456 0
    endloop
  endfacet
  facet normal 0 0 -1
    outer loop
      vertex 6.23826 94.788 0
      vertex 6.80976 94.456 0
      vertex 6.23826 94.456 0
    endloop
  endfacet
  facet normal 0 0 -1
    outer loop
      vertex 11.6 83.1 0
      vertex 6.23826 94.456 0
      vertex 6.80976 94.456 0
    endloop
  endfacet
  facet normal 0 0 -1
    outer loop
      vertex 0 83.1 0
      vertex 6.23826 94.456 0
      vertex 11.6 83.1 0
    endloop
  endfacet
  facet normal 0 0 -1
    outer loop
      vertex 4.21367 94.456 0
      vertex 3.82443 94.456 0
      vertex 4.21367 94.7316 0
    endloop
  endfacet
  facet normal -0 0 -1
    outer loop
      vertex 6.23826 94.456 0
      vertex 0 83.1 0
      vertex 4.21367 94.456 0
    endloop
  endfacet
  facet normal -0 0 -1
    outer loop
      vertex 4.21367 94.456 0
      vertex 0 83.1 0
      vertex 3.82443 94.456 0
    endloop
  endfacet
  facet normal -0 0 -1
    outer loop
      vertex 1.79982 94.456 0
      vertex 0 83.1 0
      vertex 1.79982 94.7316 0
    endloop
  endfacet
  facet normal -0 0 -1
    outer loop
      vertex 3.82443 94.456 0
      vertex 0 83.1 0
      vertex 1.79982 94.456 0
    endloop
  endfacet
  facet normal 0 0 -1
    outer loop
      vertex 9.87812 95.6547 0
      vertex 11.6 108.8 0
      vertex 9.89488 95.452 0
    endloop
  endfacet
  facet normal 0 0 -1
    outer loop
      vertex 9.71693 97.1815 0
      vertex 9.87812 95.6547 0
      vertex 9.82788 95.8372 0
    endloop
  endfacet
  facet normal 0 0 -1
    outer loop
      vertex 9.71693 97.1815 0
      vertex 9.82788 95.8372 0
      vertex 9.74412 95.9997 0
    endloop
  endfacet
  facet normal 0 0 -1
    outer loop
      vertex 9.87812 95.6547 0
      vertex 9.71693 97.1815 0
      vertex 9.71693 97.5135 0
    endloop
  endfacet
  facet normal 0 0 -1
    outer loop
      vertex 9.87812 95.6547 0
      vertex 9.71693 97.5135 0
      vertex 11.6 108.8 0
    endloop
  endfacet
  facet normal 0 0 -1
    outer loop
      vertex 7.97874 97.5135 0
      vertex 11.6 108.8 0
      vertex 9.71693 97.5135 0
    endloop
  endfacet
  facet normal 0 0 -1
    outer loop
      vertex 7.23291 94.9312 0
      vertex 7.87677 95.8687 0
      vertex 7.78781 95.1396 0
    endloop
  endfacet
  facet normal -0 0 -1
    outer loop
      vertex 7.83459 94.9731 0
      vertex 7.23291 94.9312 0
      vertex 7.78781 95.1396 0
    endloop
  endfacet
  facet normal 0 0 -1
    outer loop
      vertex 6.80976 94.9312 0
      vertex 7.87677 95.8687 0
      vertex 7.23291 94.9312 0
    endloop
  endfacet
  facet normal 0 0 -1
    outer loop
      vertex 6.18544 96.6326 0
      vertex 7.87677 95.8687 0
      vertex 6.80976 94.9312 0
    endloop
  endfacet
  facet normal 0 0 -1
    outer loop
      vertex 7.87677 95.8687 0
      vertex 6.19052 96.7215 0
      vertex 7.97874 97.5135 0
    endloop
  endfacet
  facet normal 0 0 -1
    outer loop
      vertex 6.80976 94.456 0
      vertex 6.23826 94.788 0
      vertex 6.80976 94.9312 0
    endloop
  endfacet
  facet normal 0 0 -1
    outer loop
      vertex 5.86718 96.0162 0
      vertex 6.80976 94.9312 0
      vertex 6.23826 94.788 0
    endloop
  endfacet
  facet normal 0 0 -1
    outer loop
      vertex 7.97874 97.5135 0
      vertex 6.19052 96.7215 0
      vertex 6.17498 96.9107 0
    endloop
  endfacet
  facet normal 0 0 -1
    outer loop
      vertex 6.1284 97.0771 0
      vertex 7.97874 97.5135 0
      vertex 6.17498 96.9107 0
    endloop
  endfacet
  facet normal 0 0 -1
    outer loop
      vertex 6.05075 97.2205 0
      vertex 7.97874 97.5135 0
      vertex 6.1284 97.0771 0
    endloop
  endfacet
  facet normal 0 0 -1
    outer loop
      vertex 5.94204 97.341 0
      vertex 7.97874 97.5135 0
      vertex 6.05075 97.2205 0
    endloop
  endfacet
  facet normal 0 0 -1
    outer loop
      vertex 5.80445 97.4364 0
      vertex 7.97874 97.5135 0
      vertex 5.94204 97.341 0
    endloop
  endfacet
  facet normal 0 0 -1
    outer loop
      vertex 5.64016 97.5046 0
      vertex 7.97874 97.5135 0
      vertex 5.80445 97.4364 0
    endloop
  endfacet
  facet normal 0 0 -1
    outer loop
      vertex 5.44914 97.5455 0
      vertex 7.97874 97.5135 0
      vertex 5.64016 97.5046 0
    endloop
  endfacet
  facet normal 0 0 -1
    outer loop
      vertex 7.97874 97.5135 0
      vertex 5.44914 97.5455 0
      vertex 11.6 108.8 0
    endloop
  endfacet
  facet normal 0 0 -1
    outer loop
      vertex 5.2314 97.5591 0
      vertex 11.6 108.8 0
      vertex 5.44914 97.5455 0
    endloop
  endfacet
  facet normal 0 0 -1
    outer loop
      vertex 0 108.8 0
      vertex 5.2314 97.5591 0
      vertex 5.03047 97.5455 0
    endloop
  endfacet
  facet normal 0 0 -1
    outer loop
      vertex 3.03529 97.5455 0
      vertex 5.03047 97.5455 0
      vertex 4.84864 97.5048 0
    endloop
  endfacet
  facet normal 0 0 -1
    outer loop
      vertex 3.22631 97.5046 0
      vertex 4.84864 97.5048 0
      vertex 4.68597 97.437 0
    endloop
  endfacet
  facet normal 0 0 -1
    outer loop
      vertex 3.39062 97.4364 0
      vertex 4.68597 97.437 0
      vertex 4.5424 97.3421 0
    endloop
  endfacet
  facet normal 0 0 -1
    outer loop
      vertex 3.52821 97.341 0
      vertex 4.5424 97.3421 0
      vertex 4.42244 97.2242 0
    endloop
  endfacet
  facet normal 0 0 -1
    outer loop
      vertex 3.63691 97.2205 0
      vertex 4.42244 97.2242 0
      vertex 4.33056 97.0876 0
    endloop
  endfacet
  facet normal 0 0 -1
    outer loop
      vertex 3.82443 94.788 0
      vertex 4.21367 94.7316 0
      vertex 3.82443 94.456 0
    endloop
  endfacet
  facet normal 0 -0 -1
    outer loop
      vertex 3.45337 96.0162 0
      vertex 4.40712 95.0789 0
      vertex 3.35476 95.9163 0
    endloop
  endfacet
  facet normal 0 0 -1
    outer loop
      vertex 4.73222 95.4503 0
      vertex 3.7716 96.6326 0
      vertex 4.23101 96.7584 0
    endloop
  endfacet
  facet normal 0 0 -1
    outer loop
      vertex 3.76115 96.9107 0
      vertex 4.23101 96.7584 0
      vertex 3.77668 96.7215 0
    endloop
  endfacet
  facet normal 0 0 -1
    outer loop
      vertex 4.23101 96.7584 0
      vertex 3.76115 96.9107 0
      vertex 4.26675 96.9324 0
    endloop
  endfacet
  facet normal 0 0 -1
    outer loop
      vertex 3.71457 97.0771 0
      vertex 4.26675 96.9324 0
      vertex 3.76115 96.9107 0
    endloop
  endfacet
  facet normal 0 0 -1
    outer loop
      vertex 4.26675 96.9324 0
      vertex 3.71457 97.0771 0
      vertex 4.33056 97.0876 0
    endloop
  endfacet
  facet normal 0 0 -1
    outer loop
      vertex 3.63691 97.2205 0
      vertex 4.33056 97.0876 0
      vertex 3.71457 97.0771 0
    endloop
  endfacet
  facet normal -0 0 -1
    outer loop
      vertex 4.42244 97.2242 0
      vertex 3.63691 97.2205 0
      vertex 3.52821 97.341 0
    endloop
  endfacet
  facet normal -0 0 -1
    outer loop
      vertex 4.5424 97.3421 0
      vertex 3.52821 97.341 0
      vertex 3.39062 97.4364 0
    endloop
  endfacet
  facet normal -0 0 -1
    outer loop
      vertex 4.68597 97.437 0
      vertex 3.39062 97.4364 0
      vertex 3.22631 97.5046 0
    endloop
  endfacet
  facet normal -0 0 -1
    outer loop
      vertex 4.84864 97.5048 0
      vertex 3.22631 97.5046 0
      vertex 3.03529 97.5455 0
    endloop
  endfacet
  facet normal 0 0 -1
    outer loop
      vertex 5.03047 97.5455 0
      vertex 3.03529 97.5455 0
      vertex 0 108.8 0
    endloop
  endfacet
  facet normal 0 0 -1
    outer loop
      vertex 0 108.8 0
      vertex 3.03529 97.5455 0
      vertex 2.81755 97.5591 0
    endloop
  endfacet
  facet normal 0 0 -1
    outer loop
      vertex 0 108.8 0
      vertex 2.81755 97.5591 0
      vertex 2.61662 97.5455 0
    endloop
  endfacet
  facet normal 0 0 -1
    outer loop
      vertex 0 108.8 0
      vertex 2.61662 97.5455 0
      vertex 2.43481 97.5048 0
    endloop
  endfacet
  facet normal 0 0 -1
    outer loop
      vertex 0 108.8 0
      vertex 2.43481 97.5048 0
      vertex 2.27212 97.437 0
    endloop
  endfacet
  facet normal 0 0 -1
    outer loop
      vertex 0 108.8 0
      vertex 2.27212 97.437 0
      vertex 2.12857 97.3421 0
    endloop
  endfacet
  facet normal 0 0 -1
    outer loop
      vertex 0 108.8 0
      vertex 2.12857 97.3421 0
      vertex 2.0086 97.2242 0
    endloop
  endfacet
  facet normal 0 0 -1
    outer loop
      vertex 0 83.1 0
      vertex 1.81717 96.7584 0
      vertex 1.79982 94.7316 0
    endloop
  endfacet
  facet normal 0 0 -1
    outer loop
      vertex 5.2314 97.5591 0
      vertex 0 108.8 0
      vertex 11.6 108.8 0
    endloop
  endfacet
  facet normal 0 0 -1
    outer loop
      vertex 1.91671 97.0876 0
      vertex 0 108.8 0
      vertex 2.0086 97.2242 0
    endloop
  endfacet
  facet normal 0 0 -1
    outer loop
      vertex 1.8529 96.9324 0
      vertex 0 108.8 0
      vertex 1.91671 97.0876 0
    endloop
  endfacet
  facet normal 0 0 -1
    outer loop
      vertex 1.81717 96.7584 0
      vertex 0 108.8 0
      vertex 1.8529 96.9324 0
    endloop
  endfacet
  facet normal 0 0 -1
    outer loop
      vertex 0 108.8 0
      vertex 1.81717 96.7584 0
      vertex 0 83.1 0
    endloop
  endfacet
  facet normal 0 0 -1
    outer loop
      vertex 2.81755 155.638 0
      vertex 3.37524 155.108 0
      vertex 3.36988 155.018 0
    endloop
  endfacet
  facet normal 0 0 -1
    outer loop
      vertex 2.81755 155.638 0
      vertex 3.36988 155.018 0
      vertex 3.35382 154.932 0
    endloop
  endfacet
  facet normal 0 0 -1
    outer loop
      vertex 3.37524 155.108 0
      vertex 2.94165 155.629 0
      vertex 3.36602 155.227 0
    endloop
  endfacet
  facet normal 0 0 -1
    outer loop
      vertex 2.81755 155.638 0
      vertex 3.35382 154.932 0
      vertex 3.32702 154.85 0
    endloop
  endfacet
  facet normal -0 -0 -1
    outer loop
      vertex 3.05136 155.603 0
      vertex 3.36602 155.227 0
      vertex 2.94165 155.629 0
    endloop
  endfacet
  facet normal 0 0 -1
    outer loop
      vertex 2.81755 155.638 0
      vertex 3.32702 154.85 0
      vertex 3.28952 154.774 0
    endloop
  endfacet
  facet normal 0 0 -1
    outer loop
      vertex 2.21646 155.121 0
      vertex 3.28952 154.774 0
      vertex 3.24333 154.701 0
    endloop
  endfacet
  facet normal 0 0 -1
    outer loop
      vertex 3.36602 155.227 0
      vertex 3.05136 155.603 0
      vertex 3.33834 155.332 0
    endloop
  endfacet
  facet normal 0 0 -1
    outer loop
      vertex 2.21646 155.121 0
      vertex 3.24333 154.701 0
      vertex 3.1905 154.63 0
    endloop
  endfacet
  facet normal 0 0 -1
    outer loop
      vertex 3.33834 155.332 0
      vertex 3.05136 155.603 0
      vertex 3.29223 155.423 0
    endloop
  endfacet
  facet normal 0 0 -1
    outer loop
      vertex 2.21646 155.121 0
      vertex 3.1905 154.63 0
      vertex 3.13102 154.56 0
    endloop
  endfacet
  facet normal 0 0 -1
    outer loop
      vertex 2.21646 155.121 0
      vertex 3.13102 154.56 0
      vertex 3.06491 154.492 0
    endloop
  endfacet
  facet normal 0 0 -1
    outer loop
      vertex 3.22766 155.499 0
      vertex 3.05136 155.603 0
      vertex 3.14669 155.56 0
    endloop
  endfacet
  facet normal 0 0 -1
    outer loop
      vertex 2.21646 155.121 0
      vertex 3.06491 154.492 0
      vertex 2.99337 154.425 0
    endloop
  endfacet
  facet normal 0 0 -1
    outer loop
      vertex 3.29223 155.423 0
      vertex 3.05136 155.603 0
      vertex 3.22766 155.499 0
    endloop
  endfacet
  facet normal 0 0 -1
    outer loop
      vertex 2.21646 155.121 0
      vertex 2.99337 154.425 0
      vertex 2.91763 154.358 0
    endloop
  endfacet
  facet normal 0 0 -1
    outer loop
      vertex 2.21646 155.121 0
      vertex 2.91763 154.358 0
      vertex 2.83767 154.29 0
    endloop
  endfacet
  facet normal 0 0 -1
    outer loop
      vertex 3.28952 154.774 0
      vertex 2.21646 155.121 0
      vertex 2.69827 155.629 0
    endloop
  endfacet
  facet normal 0 0 -1
    outer loop
      vertex 2.21646 155.121 0
      vertex 2.83767 154.29 0
      vertex 2.75352 154.223 0
    endloop
  endfacet
  facet normal 0 0 -1
    outer loop
      vertex 3.37524 155.108 0
      vertex 2.81755 155.638 0
      vertex 2.94165 155.629 0
    endloop
  endfacet
  facet normal 0 0 -1
    outer loop
      vertex 2.21646 155.121 0
      vertex 2.75352 154.223 0
      vertex 2.66706 154.154 0
    endloop
  endfacet
  facet normal 0 0 -1
    outer loop
      vertex 3.28952 154.774 0
      vertex 2.69827 155.629 0
      vertex 2.81755 155.638 0
    endloop
  endfacet
  facet normal 0 0 -1
    outer loop
      vertex 2.21646 155.121 0
      vertex 2.66706 154.154 0
      vertex 2.5802 154.083 0
    endloop
  endfacet
  facet normal 0 0 -1
    outer loop
      vertex 2.21646 155.121 0
      vertex 2.5802 154.083 0
      vertex 2.49292 154.008 0
    endloop
  endfacet
  facet normal 0 0 -1
    outer loop
      vertex 2.69827 155.629 0
      vertex 2.21646 155.121 0
      vertex 2.58996 155.604 0
    endloop
  endfacet
  facet normal 0 -0 -1
    outer loop
      vertex 2.2389 155.237 0
      vertex 2.58996 155.604 0
      vertex 2.21646 155.121 0
    endloop
  endfacet
  facet normal 0 0 -1
    outer loop
      vertex 2.21646 155.121 0
      vertex 2.49292 154.008 0
      vertex 2.40524 153.931 0
    endloop
  endfacet
  facet normal 0 0 -1
    outer loop
      vertex 2.58996 155.604 0
      vertex 2.2389 155.237 0
      vertex 2.49264 155.562 0
    endloop
  endfacet
  facet normal 0 0 -1
    outer loop
      vertex 1.81717 155.158 0
      vertex 2.40524 153.931 0
      vertex 2.31837 153.85 0
    endloop
  endfacet
  facet normal 0 0 -1
    outer loop
      vertex 2.49264 155.562 0
      vertex 2.2389 155.237 0
      vertex 2.40632 155.502 0
    endloop
  endfacet
  facet normal 0 -0 -1
    outer loop
      vertex 2.27803 155.339 0
      vertex 2.40632 155.502 0
      vertex 2.2389 155.237 0
    endloop
  endfacet
  facet normal 0 0 -1
    outer loop
      vertex 1.81717 155.158 0
      vertex 2.31837 153.85 0
      vertex 2.23355 153.765 0
    endloop
  endfacet
  facet normal 0 0 -1
    outer loop
      vertex 2.40632 155.502 0
      vertex 2.27803 155.339 0
      vertex 2.33383 155.428 0
    endloop
  endfacet
  facet normal 0 0 -1
    outer loop
      vertex 1.81717 155.158 0
      vertex 2.23355 153.765 0
      vertex 2.15074 153.674 0
    endloop
  endfacet
  facet normal 0 0 -1
    outer loop
      vertex 1.81717 155.158 0
      vertex 2.15074 153.674 0
      vertex 2.06997 153.58 0
    endloop
  endfacet
  facet normal 0 0 -1
    outer loop
      vertex 1.81717 155.158 0
      vertex 2.06997 153.58 0
      vertex 1.99328 153.479 0
    endloop
  endfacet
  facet normal 0 0 -1
    outer loop
      vertex 1.81717 155.158 0
      vertex 1.99328 153.479 0
      vertex 1.9227 153.371 0
    endloop
  endfacet
  facet normal 0 0 -1
    outer loop
      vertex 1.81717 155.158 0
      vertex 1.9227 153.371 0
      vertex 1.8582 153.255 0
    endloop
  endfacet
  facet normal 0 0 -1
    outer loop
      vertex 2.40524 153.931 0
      vertex 1.81717 155.158 0
      vertex 2.21646 155.121 0
    endloop
  endfacet
  facet normal 0 -0 -1
    outer loop
      vertex 1.81717 155.158 0
      vertex 1.8582 153.255 0
      vertex 1.79982 153.132 0
    endloop
  endfacet
  facet normal 0 0 -1
    outer loop
      vertex 4.2115 155.163 0
      vertex 3.7716 155.033 0
      vertex 3.77668 155.121 0
    endloop
  endfacet
  facet normal 0 0 -1
    outer loop
      vertex 4.15939 153.642 0
      vertex 3.75634 154.944 0
      vertex 3.7716 155.033 0
    endloop
  endfacet
  facet normal 0 0 -1
    outer loop
      vertex 4.15939 153.642 0
      vertex 3.73091 154.856 0
      vertex 3.75634 154.944 0
    endloop
  endfacet
  facet normal 0 0 -1
    outer loop
      vertex 4.15939 153.642 0
      vertex 3.69531 154.768 0
      vertex 3.73091 154.856 0
    endloop
  endfacet
  facet normal 0 0 -1
    outer loop
      vertex 4.15939 153.642 0
      vertex 3.64967 154.68 0
      vertex 3.69531 154.768 0
    endloop
  endfacet
  facet normal 0 0 -1
    outer loop
      vertex 4.15939 153.642 0
      vertex 3.59414 154.592 0
      vertex 3.64967 154.68 0
    endloop
  endfacet
  facet normal 0 0 -1
    outer loop
      vertex 4.15939 153.642 0
      vertex 3.5287 154.504 0
      vertex 3.59414 154.592 0
    endloop
  endfacet
  facet normal 0 0 -1
    outer loop
      vertex 4.15939 153.642 0
      vertex 3.45337 154.416 0
      vertex 3.5287 154.504 0
    endloop
  endfacet
  facet normal 0 0 -1
    outer loop
      vertex 4.15939 153.642 0
      vertex 3.35476 154.316 0
      vertex 3.45337 154.416 0
    endloop
  endfacet
  facet normal 0 0 -1
    outer loop
      vertex 4.15939 153.642 0
      vertex 3.21954 154.192 0
      vertex 3.35476 154.316 0
    endloop
  endfacet
  facet normal 0 0 -1
    outer loop
      vertex 3.82443 153.188 0
      vertex 3.04771 154.044 0
      vertex 3.21954 154.192 0
    endloop
  endfacet
  facet normal 0 0 -1
    outer loop
      vertex 3.82443 153.188 0
      vertex 2.83924 153.872 0
      vertex 3.04771 154.044 0
    endloop
  endfacet
  facet normal 0 0 -1
    outer loop
      vertex 3.82443 153.188 0
      vertex 2.72084 153.772 0
      vertex 2.83924 153.872 0
    endloop
  endfacet
  facet normal 0 0 -1
    outer loop
      vertex 3.82443 153.188 0
      vertex 2.61518 153.678 0
      vertex 2.72084 153.772 0
    endloop
  endfacet
  facet normal 0 0 -1
    outer loop
      vertex 3.82443 153.188 0
      vertex 2.52227 153.588 0
      vertex 2.61518 153.678 0
    endloop
  endfacet
  facet normal 0 0 -1
    outer loop
      vertex 3.82443 153.188 0
      vertex 2.44213 153.504 0
      vertex 2.52227 153.588 0
    endloop
  endfacet
  facet normal 0 0 -1
    outer loop
      vertex 3.82443 153.188 0
      vertex 2.3735 153.423 0
      vertex 2.44213 153.504 0
    endloop
  endfacet
  facet normal 0 0 -1
    outer loop
      vertex 3.82443 153.188 0
      vertex 2.3152 153.343 0
      vertex 2.3735 153.423 0
    endloop
  endfacet
  facet normal 0 0 -1
    outer loop
      vertex 3.82443 153.188 0
      vertex 2.26719 153.265 0
      vertex 2.3152 153.343 0
    endloop
  endfacet
  facet normal 0 -0 -1
    outer loop
      vertex 2.26719 153.265 0
      vertex 3.82443 153.188 0
      vertex 2.22949 153.188 0
    endloop
  endfacet
  facet normal 0 0 -1
    outer loop
      vertex 4.62741 68.7659 0
      vertex 5.1851 68.2364 0
      vertex 5.17974 68.1456 0
    endloop
  endfacet
  facet normal 0 0 -1
    outer loop
      vertex 4.62741 68.7659 0
      vertex 5.17974 68.1456 0
      vertex 5.16368 68.0596 0
    endloop
  endfacet
  facet normal 0 0 -1
    outer loop
      vertex 5.1851 68.2364 0
      vertex 4.75151 68.7573 0
      vertex 5.17588 68.3553 0
    endloop
  endfacet
  facet normal 0 0 -1
    outer loop
      vertex 4.62741 68.7659 0
      vertex 5.16368 68.0596 0
      vertex 5.13688 67.9785 0
    endloop
  endfacet
  facet normal -0 -0 -1
    outer loop
      vertex 4.86122 68.7312 0
      vertex 5.17588 68.3553 0
      vertex 4.75151 68.7573 0
    endloop
  endfacet
  facet normal 0 0 -1
    outer loop
      vertex 4.62741 68.7659 0
      vertex 5.13688 67.9785 0
      vertex 5.09938 67.9023 0
    endloop
  endfacet
  facet normal 0 0 -1
    outer loop
      vertex 4.02632 68.2495 0
      vertex 5.09938 67.9023 0
      vertex 5.05319 67.8293 0
    endloop
  endfacet
  facet normal 0 0 -1
    outer loop
      vertex 5.17588 68.3553 0
      vertex 4.86122 68.7312 0
      vertex 5.1482 68.46 0
    endloop
  endfacet
  facet normal 0 0 -1
    outer loop
      vertex 4.02632 68.2495 0
      vertex 5.05319 67.8293 0
      vertex 5.00036 67.758 0
    endloop
  endfacet
  facet normal 0 0 -1
    outer loop
      vertex 5.1482 68.46 0
      vertex 4.86122 68.7312 0
      vertex 5.10209 68.5506 0
    endloop
  endfacet
  facet normal 0 0 -1
    outer loop
      vertex 4.02632 68.2495 0
      vertex 5.00036 67.758 0
      vertex 4.94088 67.6882 0
    endloop
  endfacet
  facet normal 0 0 -1
    outer loop
      vertex 4.02632 68.2495 0
      vertex 4.94088 67.6882 0
      vertex 4.87477 67.6201 0
    endloop
  endfacet
  facet normal 0 0 -1
    outer loop
      vertex 5.03752 68.6271 0
      vertex 4.86122 68.7312 0
      vertex 4.95655 68.6878 0
    endloop
  endfacet
  facet normal 0 0 -1
    outer loop
      vertex 4.02632 68.2495 0
      vertex 4.87477 67.6201 0
      vertex 4.80323 67.5529 0
    endloop
  endfacet
  facet normal 0 0 -1
    outer loop
      vertex 5.10209 68.5506 0
      vertex 4.86122 68.7312 0
      vertex 5.03752 68.6271 0
    endloop
  endfacet
  facet normal 0 0 -1
    outer loop
      vertex 4.02632 68.2495 0
      vertex 4.80323 67.5529 0
      vertex 4.72749 67.4856 0
    endloop
  endfacet
  facet normal 0 0 -1
    outer loop
      vertex 4.02632 68.2495 0
      vertex 4.72749 67.4856 0
      vertex 4.64753 67.4184 0
    endloop
  endfacet
  facet normal 0 0 -1
    outer loop
      vertex 5.09938 67.9023 0
      vertex 4.02632 68.2495 0
      vertex 4.50811 68.7575 0
    endloop
  endfacet
  facet normal 0 0 -1
    outer loop
      vertex 4.02632 68.2495 0
      vertex 4.64753 67.4184 0
      vertex 4.56338 67.3511 0
    endloop
  endfacet
  facet normal 0 0 -1
    outer loop
      vertex 5.1851 68.2364 0
      vertex 4.62741 68.7659 0
      vertex 4.75151 68.7573 0
    endloop
  endfacet
  facet normal 0 0 -1
    outer loop
      vertex 4.02632 68.2495 0
      vertex 4.56338 67.3511 0
      vertex 4.47692 67.2824 0
    endloop
  endfacet
  facet normal 0 0 -1
    outer loop
      vertex 5.09938 67.9023 0
      vertex 4.50811 68.7575 0
      vertex 4.62741 68.7659 0
    endloop
  endfacet
  facet normal 0 0 -1
    outer loop
      vertex 4.02632 68.2495 0
      vertex 4.47692 67.2824 0
      vertex 4.39006 67.2109 0
    endloop
  endfacet
  facet normal 0 0 -1
    outer loop
      vertex 4.02632 68.2495 0
      vertex 4.39006 67.2109 0
      vertex 4.30278 67.1365 0
    endloop
  endfacet
  facet normal 0 0 -1
    outer loop
      vertex 4.50811 68.7575 0
      vertex 4.02632 68.2495 0
      vertex 4.39982 68.732 0
    endloop
  endfacet
  facet normal 0 -0 -1
    outer loop
      vertex 4.04876 68.3652 0
      vertex 4.39982 68.732 0
      vertex 4.02632 68.2495 0
    endloop
  endfacet
  facet normal 0 0 -1
    outer loop
      vertex 4.02632 68.2495 0
      vertex 4.30278 67.1365 0
      vertex 4.21508 67.0592 0
    endloop
  endfacet
  facet normal 0 0 -1
    outer loop
      vertex 4.39982 68.732 0
      vertex 4.04876 68.3652 0
      vertex 4.3025 68.6896 0
    endloop
  endfacet
  facet normal 0 0 -1
    outer loop
      vertex 3.62703 68.2864 0
      vertex 4.21508 67.0592 0
      vertex 4.12823 66.9783 0
    endloop
  endfacet
  facet normal 0 0 -1
    outer loop
      vertex 4.3025 68.6896 0
      vertex 4.04876 68.3652 0
      vertex 4.21618 68.6303 0
    endloop
  endfacet
  facet normal 0 -0 -1
    outer loop
      vertex 4.08789 68.4673 0
      vertex 4.21618 68.6303 0
      vertex 4.04876 68.3652 0
    endloop
  endfacet
  facet normal 0 0 -1
    outer loop
      vertex 3.62703 68.2864 0
      vertex 4.12823 66.9783 0
      vertex 4.04341 66.8927 0
    endloop
  endfacet
  facet normal 0 0 -1
    outer loop
      vertex 4.21618 68.6303 0
      vertex 4.08789 68.4673 0
      vertex 4.14369 68.5556 0
    endloop
  endfacet
  facet normal 0 0 -1
    outer loop
      vertex 3.62703 68.2864 0
      vertex 4.04341 66.8927 0
      vertex 3.9606 66.8025 0
    endloop
  endfacet
  facet normal 0 0 -1
    outer loop
      vertex 3.62703 68.2864 0
      vertex 3.9606 66.8025 0
      vertex 3.87983 66.7077 0
    endloop
  endfacet
  facet normal 0 0 -1
    outer loop
      vertex 3.62703 68.2864 0
      vertex 3.87983 66.7077 0
      vertex 3.80314 66.6069 0
    endloop
  endfacet
  facet normal 0 0 -1
    outer loop
      vertex 3.62703 68.2864 0
      vertex 3.80314 66.6069 0
      vertex 3.73254 66.4986 0
    endloop
  endfacet
  facet normal 0 0 -1
    outer loop
      vertex 3.62703 68.2864 0
      vertex 3.73254 66.4986 0
      vertex 3.66806 66.3828 0
    endloop
  endfacet
  facet normal 0 0 -1
    outer loop
      vertex 4.21508 67.0592 0
      vertex 3.62703 68.2864 0
      vertex 4.02632 68.2495 0
    endloop
  endfacet
  facet normal 0 -0 -1
    outer loop
      vertex 3.62703 68.2864 0
      vertex 3.66806 66.3828 0
      vertex 3.60968 66.2596 0
    endloop
  endfacet
  facet normal 0 0 -1
    outer loop
      vertex 6.04086 68.2864 0
      vertex 5.58146 68.1606 0
      vertex 5.58654 68.2495 0
    endloop
  endfacet
  facet normal 0 0 -1
    outer loop
      vertex 6.29365 66.7077 0
      vertex 5.5662 68.0721 0
      vertex 5.58146 68.1606 0
    endloop
  endfacet
  facet normal 0 0 -1
    outer loop
      vertex 6.29365 66.7077 0
      vertex 5.54077 67.9838 0
      vertex 5.5662 68.0721 0
    endloop
  endfacet
  facet normal 0 0 -1
    outer loop
      vertex 6.29365 66.7077 0
      vertex 5.50517 67.8958 0
      vertex 5.54077 67.9838 0
    endloop
  endfacet
  facet normal 0 0 -1
    outer loop
      vertex 6.29365 66.7077 0
      vertex 5.45953 67.8079 0
      vertex 5.50517 67.8958 0
    endloop
  endfacet
  facet normal 0 0 -1
    outer loop
      vertex 6.29365 66.7077 0
      vertex 5.40399 67.72 0
      vertex 5.45953 67.8079 0
    endloop
  endfacet
  facet normal 0 0 -1
    outer loop
      vertex 6.29365 66.7077 0
      vertex 5.33856 67.6321 0
      vertex 5.40399 67.72 0
    endloop
  endfacet
  facet normal 0 0 -1
    outer loop
      vertex 6.29365 66.7077 0
      vertex 5.26323 67.5442 0
      vertex 5.33856 67.6321 0
    endloop
  endfacet
  facet normal 0 0 -1
    outer loop
      vertex 6.21696 66.6069 0
      vertex 5.26323 67.5442 0
      vertex 6.29365 66.7077 0
    endloop
  endfacet
  facet normal 0 0 -1
    outer loop
      vertex 5.63429 66.316 0
      vertex 5.0294 67.3202 0
      vertex 5.16462 67.4443 0
    endloop
  endfacet
  facet normal 0 0 -1
    outer loop
      vertex 5.63429 66.316 0
      vertex 4.85757 67.1719 0
      vertex 5.0294 67.3202 0
    endloop
  endfacet
  facet normal 0 0 -1
    outer loop
      vertex 5.63429 66.316 0
      vertex 4.64911 66.9996 0
      vertex 4.85757 67.1719 0
    endloop
  endfacet
  facet normal 0 0 -1
    outer loop
      vertex 5.63429 66.316 0
      vertex 4.5307 66.9001 0
      vertex 4.64911 66.9996 0
    endloop
  endfacet
  facet normal 0 0 -1
    outer loop
      vertex 5.63429 66.316 0
      vertex 4.42505 66.8056 0
      vertex 4.5307 66.9001 0
    endloop
  endfacet
  facet normal 0 0 -1
    outer loop
      vertex 5.63429 66.316 0
      vertex 4.33213 66.7162 0
      vertex 4.42505 66.8056 0
    endloop
  endfacet
  facet normal 0 0 -1
    outer loop
      vertex 5.63429 66.316 0
      vertex 4.25198 66.6317 0
      vertex 4.33213 66.7162 0
    endloop
  endfacet
  facet normal 0 0 -1
    outer loop
      vertex 5.63429 66.316 0
      vertex 4.18336 66.5506 0
      vertex 4.25198 66.6317 0
    endloop
  endfacet
  facet normal 0 0 -1
    outer loop
      vertex 5.63429 66.316 0
      vertex 4.12506 66.4709 0
      vertex 4.18336 66.5506 0
    endloop
  endfacet
  facet normal 0 0 -1
    outer loop
      vertex 5.63429 66.316 0
      vertex 4.07704 66.3927 0
      vertex 4.12506 66.4709 0
    endloop
  endfacet
  facet normal 0 -0 -1
    outer loop
      vertex 4.07704 66.3927 0
      vertex 5.63429 66.316 0
      vertex 4.03935 66.316 0
    endloop
  endfacet
  facet normal 0 0 -1
    outer loop
      vertex 7.04124 68.7659 0
      vertex 7.59893 68.2364 0
      vertex 7.59358 68.1456 0
    endloop
  endfacet
  facet normal 0 0 -1
    outer loop
      vertex 7.04124 68.7659 0
      vertex 7.59358 68.1456 0
      vertex 7.57751 68.0596 0
    endloop
  endfacet
  facet normal 0 0 -1
    outer loop
      vertex 7.59893 68.2364 0
      vertex 7.16533 68.7573 0
      vertex 7.58972 68.3553 0
    endloop
  endfacet
  facet normal 0 0 -1
    outer loop
      vertex 7.04124 68.7659 0
      vertex 7.57751 68.0596 0
      vertex 7.55072 67.9785 0
    endloop
  endfacet
  facet normal -0 -0 -1
    outer loop
      vertex 7.27505 68.7312 0
      vertex 7.58972 68.3553 0
      vertex 7.16533 68.7573 0
    endloop
  endfacet
  facet normal 0 0 -1
    outer loop
      vertex 7.04124 68.7659 0
      vertex 7.55072 67.9785 0
      vertex 7.51321 67.9023 0
    endloop
  endfacet
  facet normal 0 0 -1
    outer loop
      vertex 6.44015 68.2495 0
      vertex 7.51321 67.9023 0
      vertex 7.46702 67.8293 0
    endloop
  endfacet
  facet normal 0 0 -1
    outer loop
      vertex 7.58972 68.3553 0
      vertex 7.27505 68.7312 0
      vertex 7.56204 68.46 0
    endloop
  endfacet
  facet normal 0 0 -1
    outer loop
      vertex 6.44015 68.2495 0
      vertex 7.46702 67.8293 0
      vertex 7.4142 67.758 0
    endloop
  endfacet
  facet normal 0 0 -1
    outer loop
      vertex 7.56204 68.46 0
      vertex 7.27505 68.7312 0
      vertex 7.51593 68.5506 0
    endloop
  endfacet
  facet normal 0 0 -1
    outer loop
      vertex 6.44015 68.2495 0
      vertex 7.4142 67.758 0
      vertex 7.35472 67.6882 0
    endloop
  endfacet
  facet normal 0 0 -1
    outer loop
      vertex 6.44015 68.2495 0
      vertex 7.35472 67.6882 0
      vertex 7.2886 67.6201 0
    endloop
  endfacet
  facet normal 0 0 -1
    outer loop
      vertex 7.45135 68.6271 0
      vertex 7.27505 68.7312 0
      vertex 7.37039 68.6878 0
    endloop
  endfacet
  facet normal 0 0 -1
    outer loop
      vertex 6.44015 68.2495 0
      vertex 7.2886 67.6201 0
      vertex 7.21705 67.5529 0
    endloop
  endfacet
  facet normal 0 0 -1
    outer loop
      vertex 7.51593 68.5506 0
      vertex 7.27505 68.7312 0
      vertex 7.45135 68.6271 0
    endloop
  endfacet
  facet normal 0 0 -1
    outer loop
      vertex 6.44015 68.2495 0
      vertex 7.21705 67.5529 0
      vertex 7.14131 67.4856 0
    endloop
  endfacet
  facet normal 0 0 -1
    outer loop
      vertex 6.44015 68.2495 0
      vertex 7.14131 67.4856 0
      vertex 7.06137 67.4184 0
    endloop
  endfacet
  facet normal 0 0 -1
    outer loop
      vertex 7.51321 67.9023 0
      vertex 6.44015 68.2495 0
      vertex 6.92195 68.7575 0
    endloop
  endfacet
  facet normal 0 0 -1
    outer loop
      vertex 6.44015 68.2495 0
      vertex 7.06137 67.4184 0
      vertex 6.97721 67.3511 0
    endloop
  endfacet
  facet normal 0 0 -1
    outer loop
      vertex 7.59893 68.2364 0
      vertex 7.04124 68.7659 0
      vertex 7.16533 68.7573 0
    endloop
  endfacet
  facet normal 0 0 -1
    outer loop
      vertex 6.44015 68.2495 0
      vertex 6.97721 67.3511 0
      vertex 6.89074 67.2824 0
    endloop
  endfacet
  facet normal 0 0 -1
    outer loop
      vertex 7.51321 67.9023 0
      vertex 6.92195 68.7575 0
      vertex 7.04124 68.7659 0
    endloop
  endfacet
  facet normal 0 0 -1
    outer loop
      vertex 6.44015 68.2495 0
      vertex 6.89074 67.2824 0
      vertex 6.80387 67.2109 0
    endloop
  endfacet
  facet normal 0 0 -1
    outer loop
      vertex 6.44015 68.2495 0
      vertex 6.80387 67.2109 0
      vertex 6.71661 67.1365 0
    endloop
  endfacet
  facet normal 0 0 -1
    outer loop
      vertex 6.92195 68.7575 0
      vertex 6.44015 68.2495 0
      vertex 6.81364 68.732 0
    endloop
  endfacet
  facet normal 0 -0 -1
    outer loop
      vertex 6.4626 68.3652 0
      vertex 6.81364 68.732 0
      vertex 6.44015 68.2495 0
    endloop
  endfacet
  facet normal 0 0 -1
    outer loop
      vertex 6.44015 68.2495 0
      vertex 6.71661 67.1365 0
      vertex 6.62892 67.0592 0
    endloop
  endfacet
  facet normal 0 0 -1
    outer loop
      vertex 6.81364 68.732 0
      vertex 6.4626 68.3652 0
      vertex 6.71634 68.6896 0
    endloop
  endfacet
  facet normal 0 0 -1
    outer loop
      vertex 6.04086 68.2864 0
      vertex 6.62892 67.0592 0
      vertex 6.54206 66.9783 0
    endloop
  endfacet
  facet normal 0 0 -1
    outer loop
      vertex 6.71634 68.6896 0
      vertex 6.4626 68.3652 0
      vertex 6.63 68.6303 0
    endloop
  endfacet
  facet normal 0 0 -1
    outer loop
      vertex 6.63 68.6303 0
      vertex 6.4626 68.3652 0
      vertex 6.55752 68.5556 0
    endloop
  endfacet
  facet normal 0 0 -1
    outer loop
      vertex 5.58146 68.1606 0
      vertex 6.54206 66.9783 0
      vertex 6.45723 66.8927 0
    endloop
  endfacet
  facet normal 0 0 -1
    outer loop
      vertex 6.55752 68.5556 0
      vertex 6.4626 68.3652 0
      vertex 6.50171 68.4673 0
    endloop
  endfacet
  facet normal 0 0 -1
    outer loop
      vertex 5.58146 68.1606 0
      vertex 6.45723 66.8927 0
      vertex 6.37443 66.8025 0
    endloop
  endfacet
  facet normal 0 0 -1
    outer loop
      vertex 5.58146 68.1606 0
      vertex 6.37443 66.8025 0
      vertex 6.29365 66.7077 0
    endloop
  endfacet
  facet normal 0 0 -1
    outer loop
      vertex 5.16462 67.4443 0
      vertex 6.21696 66.6069 0
      vertex 5.63429 66.316 0
    endloop
  endfacet
  facet normal 0 0 -1
    outer loop
      vertex 5.63429 66.316 0
      vertex 6.21696 66.6069 0
      vertex 6.14637 66.4986 0
    endloop
  endfacet
  facet normal 0 0 -1
    outer loop
      vertex 5.63429 66.316 0
      vertex 6.14637 66.4986 0
      vertex 6.08189 66.3828 0
    endloop
  endfacet
  facet normal 0 0 -1
    outer loop
      vertex 6.62892 67.0592 0
      vertex 6.04086 68.2864 0
      vertex 6.44015 68.2495 0
    endloop
  endfacet
  facet normal 0 0 -1
    outer loop
      vertex 5.63429 66.316 0
      vertex 6.08189 66.3828 0
      vertex 6.02351 66.2596 0
    endloop
  endfacet
  facet normal 0 0 -1
    outer loop
      vertex 8.04812 66.316 0
      vertex 7.9953 68.1606 0
      vertex 8.00038 68.2495 0
    endloop
  endfacet
  facet normal 0 0 -1
    outer loop
      vertex 8.04812 66.316 0
      vertex 7.98004 68.0721 0
      vertex 7.9953 68.1606 0
    endloop
  endfacet
  facet normal 0 0 -1
    outer loop
      vertex 8.04812 66.316 0
      vertex 7.9546 67.9838 0
      vertex 7.98004 68.0721 0
    endloop
  endfacet
  facet normal 0 0 -1
    outer loop
      vertex 8.04812 66.316 0
      vertex 7.919 67.8958 0
      vertex 7.9546 67.9838 0
    endloop
  endfacet
  facet normal 0 0 -1
    outer loop
      vertex 8.04812 66.316 0
      vertex 7.87336 67.8079 0
      vertex 7.919 67.8958 0
    endloop
  endfacet
  facet normal 0 0 -1
    outer loop
      vertex 8.04812 66.316 0
      vertex 7.81782 67.72 0
      vertex 7.87336 67.8079 0
    endloop
  endfacet
  facet normal 0 0 -1
    outer loop
      vertex 8.04812 66.316 0
      vertex 7.75239 67.6321 0
      vertex 7.81782 67.72 0
    endloop
  endfacet
  facet normal 0 0 -1
    outer loop
      vertex 8.04812 66.316 0
      vertex 7.67704 67.5442 0
      vertex 7.75239 67.6321 0
    endloop
  endfacet
  facet normal 0 0 -1
    outer loop
      vertex 8.04812 66.316 0
      vertex 7.57846 67.4443 0
      vertex 7.67704 67.5442 0
    endloop
  endfacet
  facet normal 0 0 -1
    outer loop
      vertex 8.04812 66.316 0
      vertex 7.44323 67.3202 0
      vertex 7.57846 67.4443 0
    endloop
  endfacet
  facet normal 0 0 -1
    outer loop
      vertex 8.04812 66.316 0
      vertex 7.27139 67.1719 0
      vertex 7.44323 67.3202 0
    endloop
  endfacet
  facet normal 0 0 -1
    outer loop
      vertex 8.04812 66.316 0
      vertex 7.06294 66.9996 0
      vertex 7.27139 67.1719 0
    endloop
  endfacet
  facet normal 0 0 -1
    outer loop
      vertex 8.04812 66.316 0
      vertex 6.94453 66.9001 0
      vertex 7.06294 66.9996 0
    endloop
  endfacet
  facet normal 0 0 -1
    outer loop
      vertex 8.04812 66.316 0
      vertex 6.83888 66.8056 0
      vertex 6.94453 66.9001 0
    endloop
  endfacet
  facet normal 0 0 -1
    outer loop
      vertex 8.04812 66.316 0
      vertex 6.74597 66.7162 0
      vertex 6.83888 66.8056 0
    endloop
  endfacet
  facet normal 0 0 -1
    outer loop
      vertex 8.04812 66.316 0
      vertex 6.66581 66.6317 0
      vertex 6.74597 66.7162 0
    endloop
  endfacet
  facet normal 0 0 -1
    outer loop
      vertex 8.04812 66.316 0
      vertex 6.59719 66.5506 0
      vertex 6.66581 66.6317 0
    endloop
  endfacet
  facet normal 0 0 -1
    outer loop
      vertex 8.04812 66.316 0
      vertex 6.53888 66.4709 0
      vertex 6.59719 66.5506 0
    endloop
  endfacet
  facet normal 0 0 -1
    outer loop
      vertex 8.04812 66.316 0
      vertex 6.49087 66.3927 0
      vertex 6.53888 66.4709 0
    endloop
  endfacet
  facet normal 0 -0 -1
    outer loop
      vertex 6.49087 66.3927 0
      vertex 8.04812 66.316 0
      vertex 6.45318 66.316 0
    endloop
  endfacet
  facet normal 0 0 -1
    outer loop
      vertex 8.04812 66.316 0
      vertex 11.6 54.9 0
      vertex 8.04812 65.984 0
    endloop
  endfacet
  facet normal 0 0 -1
    outer loop
      vertex 11.6 54.9 0
      vertex 6.02351 65.984 0
      vertex 8.04812 65.984 0
    endloop
  endfacet
  facet normal 0 0 -1
    outer loop
      vertex 6.02351 65.984 0
      vertex 5.63429 65.984 0
      vertex 6.02351 66.2596 0
    endloop
  endfacet
  facet normal 0 0 -1
    outer loop
      vertex 11.6 54.9 0
      vertex 5.63429 65.984 0
      vertex 6.02351 65.984 0
    endloop
  endfacet
  facet normal 0 0 -1
    outer loop
      vertex 0 54.9 0
      vertex 5.63429 65.984 0
      vertex 11.6 54.9 0
    endloop
  endfacet
  facet normal -0 0 -1
    outer loop
      vertex 3.60968 65.984 0
      vertex 0 54.9 0
      vertex 3.60968 66.2596 0
    endloop
  endfacet
  facet normal -0 0 -1
    outer loop
      vertex 5.63429 65.984 0
      vertex 0 54.9 0
      vertex 3.60968 65.984 0
    endloop
  endfacet
  facet normal 0 0 -1
    outer loop
      vertex 11.6 54.9 0
      vertex 8.04812 66.316 0
      vertex 11.6 80.1 0
    endloop
  endfacet
  facet normal 0 0 -1
    outer loop
      vertex 8.00038 68.2495 0
      vertex 11.6 80.1 0
      vertex 8.04812 66.316 0
    endloop
  endfacet
  facet normal 0 0 -1
    outer loop
      vertex 7.98484 68.4387 0
      vertex 11.6 80.1 0
      vertex 8.00038 68.2495 0
    endloop
  endfacet
  facet normal 0 0 -1
    outer loop
      vertex 7.93826 68.6051 0
      vertex 11.6 80.1 0
      vertex 7.98484 68.4387 0
    endloop
  endfacet
  facet normal 0 0 -1
    outer loop
      vertex 7.86061 68.7485 0
      vertex 11.6 80.1 0
      vertex 7.93826 68.6051 0
    endloop
  endfacet
  facet normal 0 0 -1
    outer loop
      vertex 7.75189 68.869 0
      vertex 11.6 80.1 0
      vertex 7.86061 68.7485 0
    endloop
  endfacet
  facet normal 0 0 -1
    outer loop
      vertex 7.61432 68.9644 0
      vertex 11.6 80.1 0
      vertex 7.75189 68.869 0
    endloop
  endfacet
  facet normal 0 0 -1
    outer loop
      vertex 7.45001 69.0326 0
      vertex 11.6 80.1 0
      vertex 7.61432 68.9644 0
    endloop
  endfacet
  facet normal 0 0 -1
    outer loop
      vertex 7.25898 69.0735 0
      vertex 11.6 80.1 0
      vertex 7.45001 69.0326 0
    endloop
  endfacet
  facet normal 0 0 -1
    outer loop
      vertex 7.04124 69.0871 0
      vertex 11.6 80.1 0
      vertex 7.25898 69.0735 0
    endloop
  endfacet
  facet normal 0 0 -1
    outer loop
      vertex 6.84031 69.0735 0
      vertex 11.6 80.1 0
      vertex 7.04124 69.0871 0
    endloop
  endfacet
  facet normal 0 0 -1
    outer loop
      vertex 4.84515 69.0735 0
      vertex 6.84031 69.0735 0
      vertex 6.65849 69.0328 0
    endloop
  endfacet
  facet normal 0 0 -1
    outer loop
      vertex 5.03617 69.0326 0
      vertex 6.65849 69.0328 0
      vertex 6.49582 68.965 0
    endloop
  endfacet
  facet normal 0 0 -1
    outer loop
      vertex 5.20048 68.9644 0
      vertex 6.49582 68.965 0
      vertex 6.35225 68.8701 0
    endloop
  endfacet
  facet normal 0 0 -1
    outer loop
      vertex 5.33807 68.869 0
      vertex 6.35225 68.8701 0
      vertex 6.23228 68.7522 0
    endloop
  endfacet
  facet normal 0 0 -1
    outer loop
      vertex 5.44677 68.7485 0
      vertex 6.23228 68.7522 0
      vertex 6.14039 68.6156 0
    endloop
  endfacet
  facet normal 0 0 -1
    outer loop
      vertex 5.63429 66.316 0
      vertex 6.02351 66.2596 0
      vertex 5.63429 65.984 0
    endloop
  endfacet
  facet normal 0 -0 -1
    outer loop
      vertex 5.26323 67.5442 0
      vertex 6.21696 66.6069 0
      vertex 5.16462 67.4443 0
    endloop
  endfacet
  facet normal 0 0 -1
    outer loop
      vertex 6.54206 66.9783 0
      vertex 5.58146 68.1606 0
      vertex 6.04086 68.2864 0
    endloop
  endfacet
  facet normal 0 0 -1
    outer loop
      vertex 5.57101 68.4387 0
      vertex 6.04086 68.2864 0
      vertex 5.58654 68.2495 0
    endloop
  endfacet
  facet normal 0 0 -1
    outer loop
      vertex 6.04086 68.2864 0
      vertex 5.57101 68.4387 0
      vertex 6.0766 68.4604 0
    endloop
  endfacet
  facet normal 0 0 -1
    outer loop
      vertex 5.52443 68.6051 0
      vertex 6.0766 68.4604 0
      vertex 5.57101 68.4387 0
    endloop
  endfacet
  facet normal 0 0 -1
    outer loop
      vertex 6.0766 68.4604 0
      vertex 5.52443 68.6051 0
      vertex 6.14039 68.6156 0
    endloop
  endfacet
  facet normal 0 0 -1
    outer loop
      vertex 5.44677 68.7485 0
      vertex 6.14039 68.6156 0
      vertex 5.52443 68.6051 0
    endloop
  endfacet
  facet normal -0 0 -1
    outer loop
      vertex 6.23228 68.7522 0
      vertex 5.44677 68.7485 0
      vertex 5.33807 68.869 0
    endloop
  endfacet
  facet normal -0 0 -1
    outer loop
      vertex 6.35225 68.8701 0
      vertex 5.33807 68.869 0
      vertex 5.20048 68.9644 0
    endloop
  endfacet
  facet normal -0 0 -1
    outer loop
      vertex 6.49582 68.965 0
      vertex 5.20048 68.9644 0
      vertex 5.03617 69.0326 0
    endloop
  endfacet
  facet normal -0 0 -1
    outer loop
      vertex 6.65849 69.0328 0
      vertex 5.03617 69.0326 0
      vertex 4.84515 69.0735 0
    endloop
  endfacet
  facet normal 0 0 -1
    outer loop
      vertex 6.84031 69.0735 0
      vertex 4.84515 69.0735 0
      vertex 11.6 80.1 0
    endloop
  endfacet
  facet normal 0 0 -1
    outer loop
      vertex 0 80.1 0
      vertex 4.84515 69.0735 0
      vertex 4.62741 69.0871 0
    endloop
  endfacet
  facet normal 0 0 -1
    outer loop
      vertex 0 80.1 0
      vertex 4.62741 69.0871 0
      vertex 4.42648 69.0735 0
    endloop
  endfacet
  facet normal 0 0 -1
    outer loop
      vertex 0 80.1 0
      vertex 4.42648 69.0735 0
      vertex 4.24467 69.0328 0
    endloop
  endfacet
  facet normal 0 0 -1
    outer loop
      vertex 0 80.1 0
      vertex 4.24467 69.0328 0
      vertex 4.08198 68.965 0
    endloop
  endfacet
  facet normal 0 0 -1
    outer loop
      vertex 0 80.1 0
      vertex 4.08198 68.965 0
      vertex 3.93841 68.8701 0
    endloop
  endfacet
  facet normal 0 0 -1
    outer loop
      vertex 0 80.1 0
      vertex 3.93841 68.8701 0
      vertex 3.81846 68.7522 0
    endloop
  endfacet
  facet normal 0 0 -1
    outer loop
      vertex 0 54.9 0
      vertex 3.62703 68.2864 0
      vertex 3.60968 66.2596 0
    endloop
  endfacet
  facet normal 0 0 -1
    outer loop
      vertex 0 80.1 0
      vertex 3.62703 68.2864 0
      vertex 0 54.9 0
    endloop
  endfacet
  facet normal 0 0 -1
    outer loop
      vertex 4.84515 69.0735 0
      vertex 0 80.1 0
      vertex 11.6 80.1 0
    endloop
  endfacet
  facet normal 0 0 -1
    outer loop
      vertex 3.72657 68.6156 0
      vertex 0 80.1 0
      vertex 3.81846 68.7522 0
    endloop
  endfacet
  facet normal 0 0 -1
    outer loop
      vertex 3.66276 68.4604 0
      vertex 0 80.1 0
      vertex 3.72657 68.6156 0
    endloop
  endfacet
  facet normal 0 0 -1
    outer loop
      vertex 3.62703 68.2864 0
      vertex 0 80.1 0
      vertex 3.66276 68.4604 0
    endloop
  endfacet
  facet normal 0 0 -1
    outer loop
      vertex 4.62741 126.188 0
      vertex 5.1851 125.658 0
      vertex 5.17974 125.568 0
    endloop
  endfacet
  facet normal 0 0 -1
    outer loop
      vertex 4.62741 126.188 0
      vertex 5.17974 125.568 0
      vertex 5.16368 125.482 0
    endloop
  endfacet
  facet normal 0 0 -1
    outer loop
      vertex 5.1851 125.658 0
      vertex 4.75151 126.179 0
      vertex 5.17588 125.777 0
    endloop
  endfacet
  facet normal 0 0 -1
    outer loop
      vertex 4.62741 126.188 0
      vertex 5.16368 125.482 0
      vertex 5.13688 125.4 0
    endloop
  endfacet
  facet normal -0 -0 -1
    outer loop
      vertex 4.86122 126.153 0
      vertex 5.17588 125.777 0
      vertex 4.75151 126.179 0
    endloop
  endfacet
  facet normal 0 0 -1
    outer loop
      vertex 4.62741 126.188 0
      vertex 5.13688 125.4 0
      vertex 5.09938 125.324 0
    endloop
  endfacet
  facet normal 0 0 -1
    outer loop
      vertex 4.02632 125.671 0
      vertex 5.09938 125.324 0
      vertex 5.05319 125.251 0
    endloop
  endfacet
  facet normal 0 0 -1
    outer loop
      vertex 5.17588 125.777 0
      vertex 4.86122 126.153 0
      vertex 5.1482 125.882 0
    endloop
  endfacet
  facet normal 0 0 -1
    outer loop
      vertex 4.02632 125.671 0
      vertex 5.05319 125.251 0
      vertex 5.00036 125.18 0
    endloop
  endfacet
  facet normal 0 0 -1
    outer loop
      vertex 5.1482 125.882 0
      vertex 4.86122 126.153 0
      vertex 5.10209 125.973 0
    endloop
  endfacet
  facet normal 0 0 -1
    outer loop
      vertex 4.02632 125.671 0
      vertex 5.00036 125.18 0
      vertex 4.94088 125.11 0
    endloop
  endfacet
  facet normal 0 0 -1
    outer loop
      vertex 4.02632 125.671 0
      vertex 4.94088 125.11 0
      vertex 4.87477 125.042 0
    endloop
  endfacet
  facet normal 0 0 -1
    outer loop
      vertex 5.03752 126.049 0
      vertex 4.86122 126.153 0
      vertex 4.95655 126.11 0
    endloop
  endfacet
  facet normal 0 0 -1
    outer loop
      vertex 4.02632 125.671 0
      vertex 4.87477 125.042 0
      vertex 4.80323 124.975 0
    endloop
  endfacet
  facet normal 0 0 -1
    outer loop
      vertex 5.10209 125.973 0
      vertex 4.86122 126.153 0
      vertex 5.03752 126.049 0
    endloop
  endfacet
  facet normal 0 0 -1
    outer loop
      vertex 4.02632 125.671 0
      vertex 4.80323 124.975 0
      vertex 4.72749 124.908 0
    endloop
  endfacet
  facet normal 0 0 -1
    outer loop
      vertex 4.02632 125.671 0
      vertex 4.72749 124.908 0
      vertex 4.64753 124.84 0
    endloop
  endfacet
  facet normal 0 0 -1
    outer loop
      vertex 5.09938 125.324 0
      vertex 4.02632 125.671 0
      vertex 4.50811 126.179 0
    endloop
  endfacet
  facet normal 0 0 -1
    outer loop
      vertex 4.02632 125.671 0
      vertex 4.64753 124.84 0
      vertex 4.56338 124.773 0
    endloop
  endfacet
  facet normal 0 0 -1
    outer loop
      vertex 5.1851 125.658 0
      vertex 4.62741 126.188 0
      vertex 4.75151 126.179 0
    endloop
  endfacet
  facet normal 0 0 -1
    outer loop
      vertex 4.02632 125.671 0
      vertex 4.56338 124.773 0
      vertex 4.47692 124.704 0
    endloop
  endfacet
  facet normal 0 0 -1
    outer loop
      vertex 5.09938 125.324 0
      vertex 4.50811 126.179 0
      vertex 4.62741 126.188 0
    endloop
  endfacet
  facet normal 0 0 -1
    outer loop
      vertex 4.02632 125.671 0
      vertex 4.47692 124.704 0
      vertex 4.39006 124.633 0
    endloop
  endfacet
  facet normal 0 0 -1
    outer loop
      vertex 4.02632 125.671 0
      vertex 4.39006 124.633 0
      vertex 4.30278 124.558 0
    endloop
  endfacet
  facet normal 0 0 -1
    outer loop
      vertex 4.50811 126.179 0
      vertex 4.02632 125.671 0
      vertex 4.39982 126.154 0
    endloop
  endfacet
  facet normal 0 -0 -1
    outer loop
      vertex 4.04876 125.787 0
      vertex 4.39982 126.154 0
      vertex 4.02632 125.671 0
    endloop
  endfacet
  facet normal 0 0 -1
    outer loop
      vertex 4.02632 125.671 0
      vertex 4.30278 124.558 0
      vertex 4.21508 124.481 0
    endloop
  endfacet
  facet normal 0 0 -1
    outer loop
      vertex 4.39982 126.154 0
      vertex 4.04876 125.787 0
      vertex 4.3025 126.112 0
    endloop
  endfacet
  facet normal 0 0 -1
    outer loop
      vertex 3.62703 125.708 0
      vertex 4.21508 124.481 0
      vertex 4.12823 124.4 0
    endloop
  endfacet
  facet normal 0 0 -1
    outer loop
      vertex 4.3025 126.112 0
      vertex 4.04876 125.787 0
      vertex 4.21618 126.052 0
    endloop
  endfacet
  facet normal 0 -0 -1
    outer loop
      vertex 4.08789 125.889 0
      vertex 4.21618 126.052 0
      vertex 4.04876 125.787 0
    endloop
  endfacet
  facet normal 0 0 -1
    outer loop
      vertex 3.62703 125.708 0
      vertex 4.12823 124.4 0
      vertex 4.04341 124.315 0
    endloop
  endfacet
  facet normal 0 0 -1
    outer loop
      vertex 4.21618 126.052 0
      vertex 4.08789 125.889 0
      vertex 4.14369 125.978 0
    endloop
  endfacet
  facet normal 0 0 -1
    outer loop
      vertex 3.62703 125.708 0
      vertex 4.04341 124.315 0
      vertex 3.9606 124.224 0
    endloop
  endfacet
  facet normal 0 0 -1
    outer loop
      vertex 3.62703 125.708 0
      vertex 3.9606 124.224 0
      vertex 3.87983 124.13 0
    endloop
  endfacet
  facet normal 0 0 -1
    outer loop
      vertex 3.62703 125.708 0
      vertex 3.87983 124.13 0
      vertex 3.80314 124.029 0
    endloop
  endfacet
  facet normal 0 0 -1
    outer loop
      vertex 3.62703 125.708 0
      vertex 3.80314 124.029 0
      vertex 3.73254 123.921 0
    endloop
  endfacet
  facet normal 0 0 -1
    outer loop
      vertex 3.62703 125.708 0
      vertex 3.73254 123.921 0
      vertex 3.66806 123.805 0
    endloop
  endfacet
  facet normal 0 0 -1
    outer loop
      vertex 4.21508 124.481 0
      vertex 3.62703 125.708 0
      vertex 4.02632 125.671 0
    endloop
  endfacet
  facet normal 0 -0 -1
    outer loop
      vertex 3.62703 125.708 0
      vertex 3.66806 123.805 0
      vertex 3.60968 123.682 0
    endloop
  endfacet
  facet normal 0 0 -1
    outer loop
      vertex 6.02134 125.713 0
      vertex 5.58146 125.583 0
      vertex 5.58654 125.671 0
    endloop
  endfacet
  facet normal 0 0 -1
    outer loop
      vertex 5.96923 124.192 0
      vertex 5.5662 125.494 0
      vertex 5.58146 125.583 0
    endloop
  endfacet
  facet normal 0 0 -1
    outer loop
      vertex 5.96923 124.192 0
      vertex 5.54077 125.406 0
      vertex 5.5662 125.494 0
    endloop
  endfacet
  facet normal 0 0 -1
    outer loop
      vertex 5.96923 124.192 0
      vertex 5.50517 125.318 0
      vertex 5.54077 125.406 0
    endloop
  endfacet
  facet normal 0 0 -1
    outer loop
      vertex 5.96923 124.192 0
      vertex 5.45953 125.23 0
      vertex 5.50517 125.318 0
    endloop
  endfacet
  facet normal 0 0 -1
    outer loop
      vertex 5.96923 124.192 0
      vertex 5.40399 125.142 0
      vertex 5.45953 125.23 0
    endloop
  endfacet
  facet normal 0 0 -1
    outer loop
      vertex 5.96923 124.192 0
      vertex 5.33856 125.054 0
      vertex 5.40399 125.142 0
    endloop
  endfacet
  facet normal 0 0 -1
    outer loop
      vertex 5.96923 124.192 0
      vertex 5.26323 124.966 0
      vertex 5.33856 125.054 0
    endloop
  endfacet
  facet normal 0 0 -1
    outer loop
      vertex 5.96923 124.192 0
      vertex 5.16462 124.866 0
      vertex 5.26323 124.966 0
    endloop
  endfacet
  facet normal 0 0 -1
    outer loop
      vertex 5.96923 124.192 0
      vertex 5.0294 124.742 0
      vertex 5.16462 124.866 0
    endloop
  endfacet
  facet normal 0 0 -1
    outer loop
      vertex 5.63429 123.738 0
      vertex 4.85757 124.594 0
      vertex 5.0294 124.742 0
    endloop
  endfacet
  facet normal 0 0 -1
    outer loop
      vertex 5.63429 123.738 0
      vertex 4.64911 124.422 0
      vertex 4.85757 124.594 0
    endloop
  endfacet
  facet normal 0 0 -1
    outer loop
      vertex 5.63429 123.738 0
      vertex 4.5307 124.322 0
      vertex 4.64911 124.422 0
    endloop
  endfacet
  facet normal 0 0 -1
    outer loop
      vertex 5.63429 123.738 0
      vertex 4.42505 124.228 0
      vertex 4.5307 124.322 0
    endloop
  endfacet
  facet normal 0 0 -1
    outer loop
      vertex 5.63429 123.738 0
      vertex 4.33213 124.138 0
      vertex 4.42505 124.228 0
    endloop
  endfacet
  facet normal 0 0 -1
    outer loop
      vertex 5.63429 123.738 0
      vertex 4.25198 124.054 0
      vertex 4.33213 124.138 0
    endloop
  endfacet
  facet normal 0 0 -1
    outer loop
      vertex 5.63429 123.738 0
      vertex 4.18336 123.973 0
      vertex 4.25198 124.054 0
    endloop
  endfacet
  facet normal 0 0 -1
    outer loop
      vertex 5.63429 123.738 0
      vertex 4.12506 123.893 0
      vertex 4.18336 123.973 0
    endloop
  endfacet
  facet normal 0 0 -1
    outer loop
      vertex 5.63429 123.738 0
      vertex 4.07704 123.815 0
      vertex 4.12506 123.893 0
    endloop
  endfacet
  facet normal 0 -0 -1
    outer loop
      vertex 4.07704 123.815 0
      vertex 5.63429 123.738 0
      vertex 4.03935 123.738 0
    endloop
  endfacet
  facet normal 0 0 -1
    outer loop
      vertex 7.37182 124.714 0
      vertex 7.67051 124.263 0
      vertex 7.66002 124.129 0
    endloop
  endfacet
  facet normal 0 0 -1
    outer loop
      vertex 7.41032 123.768 0
      vertex 7.66002 124.129 0
      vertex 7.62848 124.012 0
    endloop
  endfacet
  facet normal -0 -0 -1
    outer loop
      vertex 7.47848 124.653 0
      vertex 7.67051 124.263 0
      vertex 7.37182 124.714 0
    endloop
  endfacet
  facet normal 0 0 -1
    outer loop
      vertex 7.41032 123.768 0
      vertex 7.62848 124.012 0
      vertex 7.57591 123.913 0
    endloop
  endfacet
  facet normal 0 0 -1
    outer loop
      vertex 7.65852 124.381 0
      vertex 7.47848 124.653 0
      vertex 7.62251 124.485 0
    endloop
  endfacet
  facet normal 0 0 -1
    outer loop
      vertex 7.41032 123.768 0
      vertex 7.57591 123.913 0
      vertex 7.50233 123.831 0
    endloop
  endfacet
  facet normal 0 0 -1
    outer loop
      vertex 7.62251 124.485 0
      vertex 7.47848 124.653 0
      vertex 7.5625 124.576 0
    endloop
  endfacet
  facet normal 0 0 -1
    outer loop
      vertex 7.66002 124.129 0
      vertex 7.41032 123.768 0
      vertex 7.30243 123.722 0
    endloop
  endfacet
  facet normal 0 0 -1
    outer loop
      vertex 7.67051 124.263 0
      vertex 7.47848 124.653 0
      vertex 7.65852 124.381 0
    endloop
  endfacet
  facet normal -0 0 -1
    outer loop
      vertex 7.66002 124.129 0
      vertex 7.30243 123.722 0
      vertex 7.37182 124.714 0
    endloop
  endfacet
  facet normal 0 0 -1
    outer loop
      vertex 7.30243 123.722 0
      vertex 7.24386 124.758 0
      vertex 7.37182 124.714 0
    endloop
  endfacet
  facet normal 0 0 -1
    outer loop
      vertex 7.17868 123.695 0
      vertex 7.24386 124.758 0
      vertex 7.30243 123.722 0
    endloop
  endfacet
  facet normal 0 0 -1
    outer loop
      vertex 7.17868 123.695 0
      vertex 7.0946 124.784 0
      vertex 7.24386 124.758 0
    endloop
  endfacet
  facet normal 0 0 -1
    outer loop
      vertex 7.03906 123.686 0
      vertex 7.0946 124.784 0
      vertex 7.17868 123.695 0
    endloop
  endfacet
  facet normal 0 0 -1
    outer loop
      vertex 7.03906 123.686 0
      vertex 6.92405 124.793 0
      vertex 7.0946 124.784 0
    endloop
  endfacet
  facet normal 0 0 -1
    outer loop
      vertex 6.7769 123.72 0
      vertex 6.92405 124.793 0
      vertex 7.03906 123.686 0
    endloop
  endfacet
  facet normal 0 0 -1
    outer loop
      vertex 6.44381 123.991 0
      vertex 6.92405 124.793 0
      vertex 6.7769 123.72 0
    endloop
  endfacet
  facet normal 0 0 -1
    outer loop
      vertex 5.58146 125.583 0
      vertex 6.70271 125.131 0
      vertex 6.70271 124.793 0
    endloop
  endfacet
  facet normal 0 0 -1
    outer loop
      vertex 6.70271 125.131 0
      vertex 6.4141 125.682 0
      vertex 6.68556 126.113 0
    endloop
  endfacet
  facet normal -0 0 -1
    outer loop
      vertex 6.92405 124.793 0
      vertex 6.37289 124.228 0
      vertex 6.70271 124.793 0
    endloop
  endfacet
  facet normal 0 0 -1
    outer loop
      vertex 6.44381 123.991 0
      vertex 6.7769 123.72 0
      vertex 6.57849 123.822 0
    endloop
  endfacet
  facet normal 0 -0 -1
    outer loop
      vertex 6.43547 125.796 0
      vertex 6.68556 126.113 0
      vertex 6.4141 125.682 0
    endloop
  endfacet
  facet normal 0 0 -1
    outer loop
      vertex 6.68556 126.113 0
      vertex 6.43547 125.796 0
      vertex 6.59964 126.056 0
    endloop
  endfacet
  facet normal 0 0 -1
    outer loop
      vertex 6.92405 124.793 0
      vertex 6.44381 123.991 0
      vertex 6.37289 124.228 0
    endloop
  endfacet
  facet normal 0 0 -1
    outer loop
      vertex 6.59964 126.056 0
      vertex 6.43547 125.796 0
      vertex 6.52824 125.983 0
    endloop
  endfacet
  facet normal 0 0 -1
    outer loop
      vertex 6.52824 125.983 0
      vertex 6.43547 125.796 0
      vertex 6.47351 125.896 0
    endloop
  endfacet
  facet normal 0 0 -1
    outer loop
      vertex 5.96923 124.192 0
      vertex 6.70271 124.793 0
      vertex 6.37289 124.228 0
    endloop
  endfacet
  facet normal 0 0 -1
    outer loop
      vertex 6.70271 125.131 0
      vertex 6.02134 125.713 0
      vertex 6.4141 125.682 0
    endloop
  endfacet
  facet normal 0 0 -1
    outer loop
      vertex 5.58146 125.583 0
      vertex 6.70271 124.793 0
      vertex 5.96923 124.192 0
    endloop
  endfacet
  facet normal 0 0 -1
    outer loop
      vertex 7.31593 125.21 0
      vertex 7.59024 125.658 0
      vertex 7.57917 125.541 0
    endloop
  endfacet
  facet normal 0 0 -1
    outer loop
      vertex 7.15075 126.179 0
      vertex 7.59024 125.658 0
      vertex 7.31593 125.21 0
    endloop
  endfacet
  facet normal 0 0 -1
    outer loop
      vertex 7.41337 125.271 0
      vertex 7.57917 125.541 0
      vertex 7.54602 125.438 0
    endloop
  endfacet
  facet normal 0 0 -1
    outer loop
      vertex 7.59024 125.658 0
      vertex 7.15075 126.179 0
      vertex 7.58122 125.775 0
    endloop
  endfacet
  facet normal 0 0 -1
    outer loop
      vertex 7.41337 125.271 0
      vertex 7.54602 125.438 0
      vertex 7.49075 125.348 0
    endloop
  endfacet
  facet normal 0 0 -1
    outer loop
      vertex 7.55415 125.878 0
      vertex 7.26663 126.152 0
      vertex 7.50904 125.968 0
    endloop
  endfacet
  facet normal 0 0 -1
    outer loop
      vertex 7.57917 125.541 0
      vertex 7.41337 125.271 0
      vertex 7.31593 125.21 0
    endloop
  endfacet
  facet normal 0 0 -1
    outer loop
      vertex 7.50904 125.968 0
      vertex 7.26663 126.152 0
      vertex 7.44592 126.046 0
    endloop
  endfacet
  facet normal -0 -0 -1
    outer loop
      vertex 7.26663 126.152 0
      vertex 7.58122 125.775 0
      vertex 7.15075 126.179 0
    endloop
  endfacet
  facet normal 0 0 -1
    outer loop
      vertex 7.44592 126.046 0
      vertex 7.26663 126.152 0
      vertex 7.36502 126.108 0
    endloop
  endfacet
  facet normal 0 0 -1
    outer loop
      vertex 7.15075 126.179 0
      vertex 7.31593 125.21 0
      vertex 7.20045 125.166 0
    endloop
  endfacet
  facet normal 0 0 -1
    outer loop
      vertex 7.58122 125.775 0
      vertex 7.26663 126.152 0
      vertex 7.55415 125.878 0
    endloop
  endfacet
  facet normal 0 0 -1
    outer loop
      vertex 7.01736 126.188 0
      vertex 7.20045 125.166 0
      vertex 7.06694 125.14 0
    endloop
  endfacet
  facet normal 0 0 -1
    outer loop
      vertex 7.20045 125.166 0
      vertex 7.01736 126.188 0
      vertex 7.15075 126.179 0
    endloop
  endfacet
  facet normal 0 0 -1
    outer loop
      vertex 6.89442 126.18 0
      vertex 7.06694 125.14 0
      vertex 6.91539 125.131 0
    endloop
  endfacet
  facet normal 0 0 -1
    outer loop
      vertex 7.06694 125.14 0
      vertex 6.89442 126.18 0
      vertex 7.01736 126.188 0
    endloop
  endfacet
  facet normal 0 0 -1
    outer loop
      vertex 6.91539 125.131 0
      vertex 6.78381 126.155 0
      vertex 6.89442 126.18 0
    endloop
  endfacet
  facet normal 0 0 -1
    outer loop
      vertex 6.68556 126.113 0
      vertex 6.91539 125.131 0
      vertex 6.70271 125.131 0
    endloop
  endfacet
  facet normal 0 0 -1
    outer loop
      vertex 6.91539 125.131 0
      vertex 6.68556 126.113 0
      vertex 6.78381 126.155 0
    endloop
  endfacet
  facet normal 0 0 -1
    outer loop
      vertex 8.06437 124.39 0
      vertex 7.98146 125.56 0
      vertex 7.99171 125.7 0
    endloop
  endfacet
  facet normal 0 0 -1
    outer loop
      vertex 7.95074 125.434 0
      vertex 8.02856 124.518 0
      vertex 7.96888 124.633 0
    endloop
  endfacet
  facet normal 0 0 -1
    outer loop
      vertex 8.02856 124.518 0
      vertex 7.95074 125.434 0
      vertex 7.98146 125.56 0
    endloop
  endfacet
  facet normal 0 0 -1
    outer loop
      vertex 7.96888 124.633 0
      vertex 7.89955 125.322 0
      vertex 7.95074 125.434 0
    endloop
  endfacet
  facet normal 0 0 -1
    outer loop
      vertex 7.88534 124.736 0
      vertex 7.89955 125.322 0
      vertex 7.96888 124.633 0
    endloop
  endfacet
  facet normal 0 0 -1
    outer loop
      vertex 7.88534 124.736 0
      vertex 7.82786 125.223 0
      vertex 7.89955 125.322 0
    endloop
  endfacet
  facet normal 0 0 -1
    outer loop
      vertex 7.78038 124.823 0
      vertex 7.82786 125.223 0
      vertex 7.88534 124.736 0
    endloop
  endfacet
  facet normal 0 0 -1
    outer loop
      vertex 7.78038 124.823 0
      vertex 7.73666 125.139 0
      vertex 7.82786 125.223 0
    endloop
  endfacet
  facet normal 0 0 -1
    outer loop
      vertex 7.65641 124.89 0
      vertex 7.73666 125.139 0
      vertex 7.78038 124.823 0
    endloop
  endfacet
  facet normal 0 0 -1
    outer loop
      vertex 7.65641 124.89 0
      vertex 7.62686 125.07 0
      vertex 7.73666 125.139 0
    endloop
  endfacet
  facet normal 0 0 -1
    outer loop
      vertex 7.51347 124.938 0
      vertex 7.62686 125.07 0
      vertex 7.65641 124.89 0
    endloop
  endfacet
  facet normal 0 0 -1
    outer loop
      vertex 7.51347 124.938 0
      vertex 7.4985 125.015 0
      vertex 7.62686 125.07 0
    endloop
  endfacet
  facet normal 0 0 -1
    outer loop
      vertex 7.35154 124.966 0
      vertex 7.4985 125.015 0
      vertex 7.51347 124.938 0
    endloop
  endfacet
  facet normal 0 0 -1
    outer loop
      vertex 7.4985 125.015 0
      vertex 7.35154 124.966 0
      vertex 7.35154 124.975 0
    endloop
  endfacet
  facet normal 0 0 -1
    outer loop
      vertex 11.6 111.8 0
      vertex 8.07631 124.25 0
      vertex 11.6 138 0
    endloop
  endfacet
  facet normal 0 0 -1
    outer loop
      vertex 11.6 111.8 0
      vertex 8.05949 124.05 0
      vertex 8.07631 124.25 0
    endloop
  endfacet
  facet normal 0 0 -1
    outer loop
      vertex 11.6 111.8 0
      vertex 8.00904 123.875 0
      vertex 8.05949 124.05 0
    endloop
  endfacet
  facet normal 0 0 -1
    outer loop
      vertex 11.6 111.8 0
      vertex 7.92495 123.723 0
      vertex 8.00904 123.875 0
    endloop
  endfacet
  facet normal 0 0 -1
    outer loop
      vertex 11.6 111.8 0
      vertex 7.80722 123.595 0
      vertex 7.92495 123.723 0
    endloop
  endfacet
  facet normal 0 0 -1
    outer loop
      vertex 11.6 111.8 0
      vertex 7.65832 123.493 0
      vertex 7.80722 123.595 0
    endloop
  endfacet
  facet normal 0 0 -1
    outer loop
      vertex 11.6 111.8 0
      vertex 7.48065 123.421 0
      vertex 7.65832 123.493 0
    endloop
  endfacet
  facet normal 0 0 -1
    outer loop
      vertex 11.6 111.8 0
      vertex 7.27424 123.377 0
      vertex 7.48065 123.421 0
    endloop
  endfacet
  facet normal 0 0 -1
    outer loop
      vertex 11.6 111.8 0
      vertex 7.03906 123.363 0
      vertex 7.27424 123.377 0
    endloop
  endfacet
  facet normal 0 0 -1
    outer loop
      vertex 11.6 111.8 0
      vertex 6.8186 123.376 0
      vertex 7.03906 123.363 0
    endloop
  endfacet
  facet normal 0 0 -1
    outer loop
      vertex 5.63429 123.406 0
      vertex 6.8186 123.376 0
      vertex 11.6 111.8 0
    endloop
  endfacet
  facet normal 0 0 -1
    outer loop
      vertex 6.8186 123.376 0
      vertex 5.63429 123.406 0
      vertex 6.62161 123.415 0
    endloop
  endfacet
  facet normal -0 0 -1
    outer loop
      vertex 6.62161 123.415 0
      vertex 5.63429 123.406 0
      vertex 6.44807 123.48 0
    endloop
  endfacet
  facet normal -0 0 -1
    outer loop
      vertex 6.44807 123.48 0
      vertex 5.63429 123.406 0
      vertex 6.298 123.572 0
    endloop
  endfacet
  facet normal -0 0 -1
    outer loop
      vertex 6.298 123.572 0
      vertex 5.63429 123.406 0
      vertex 6.1737 123.689 0
    endloop
  endfacet
  facet normal -0 0 -1
    outer loop
      vertex 6.07748 123.832 0
      vertex 5.63429 123.738 0
      vertex 6.00932 123.999 0
    endloop
  endfacet
  facet normal 0 0 -1
    outer loop
      vertex 6.1737 123.689 0
      vertex 5.63429 123.738 0
      vertex 6.07748 123.832 0
    endloop
  endfacet
  facet normal 0 0 -1
    outer loop
      vertex 5.63429 123.738 0
      vertex 6.1737 123.689 0
      vertex 5.63429 123.406 0
    endloop
  endfacet
  facet normal 0 0 -1
    outer loop
      vertex 0 111.8 0
      vertex 5.63429 123.406 0
      vertex 11.6 111.8 0
    endloop
  endfacet
  facet normal -0 0 -1
    outer loop
      vertex 3.60968 123.406 0
      vertex 0 111.8 0
      vertex 3.60968 123.682 0
    endloop
  endfacet
  facet normal -0 0 -1
    outer loop
      vertex 5.63429 123.406 0
      vertex 0 111.8 0
      vertex 3.60968 123.406 0
    endloop
  endfacet
  facet normal 0 0 -1
    outer loop
      vertex 8.06437 124.39 0
      vertex 11.6 138 0
      vertex 8.07631 124.25 0
    endloop
  endfacet
  facet normal 0 0 -1
    outer loop
      vertex 7.98146 125.56 0
      vertex 8.06437 124.39 0
      vertex 8.02856 124.518 0
    endloop
  endfacet
  facet normal 0 0 -1
    outer loop
      vertex 8.06437 124.39 0
      vertex 7.99171 125.7 0
      vertex 11.6 138 0
    endloop
  endfacet
  facet normal 0 0 -1
    outer loop
      vertex 7.97577 125.88 0
      vertex 11.6 138 0
      vertex 7.99171 125.7 0
    endloop
  endfacet
  facet normal 0 0 -1
    outer loop
      vertex 7.92796 126.04 0
      vertex 11.6 138 0
      vertex 7.97577 125.88 0
    endloop
  endfacet
  facet normal 0 0 -1
    outer loop
      vertex 7.84828 126.178 0
      vertex 11.6 138 0
      vertex 7.92796 126.04 0
    endloop
  endfacet
  facet normal 0 0 -1
    outer loop
      vertex 7.73672 126.295 0
      vertex 11.6 138 0
      vertex 7.84828 126.178 0
    endloop
  endfacet
  facet normal 0 0 -1
    outer loop
      vertex 7.59642 126.389 0
      vertex 11.6 138 0
      vertex 7.73672 126.295 0
    endloop
  endfacet
  facet normal 0 0 -1
    outer loop
      vertex 7.43048 126.456 0
      vertex 11.6 138 0
      vertex 7.59642 126.389 0
    endloop
  endfacet
  facet normal 0 0 -1
    outer loop
      vertex 7.2389 126.496 0
      vertex 11.6 138 0
      vertex 7.43048 126.456 0
    endloop
  endfacet
  facet normal 0 0 -1
    outer loop
      vertex 7.02169 126.509 0
      vertex 11.6 138 0
      vertex 7.2389 126.496 0
    endloop
  endfacet
  facet normal 0 0 -1
    outer loop
      vertex 6.82077 126.496 0
      vertex 11.6 138 0
      vertex 7.02169 126.509 0
    endloop
  endfacet
  facet normal 0 0 -1
    outer loop
      vertex 4.84515 126.495 0
      vertex 6.82077 126.496 0
      vertex 6.63897 126.456 0
    endloop
  endfacet
  facet normal 0 0 -1
    outer loop
      vertex 5.03617 126.455 0
      vertex 6.63897 126.456 0
      vertex 6.47628 126.391 0
    endloop
  endfacet
  facet normal 0 0 -1
    outer loop
      vertex 5.20048 126.386 0
      vertex 6.47628 126.391 0
      vertex 6.33273 126.299 0
    endloop
  endfacet
  facet normal 0 0 -1
    outer loop
      vertex 5.33807 126.291 0
      vertex 6.33273 126.299 0
      vertex 6.21276 126.183 0
    endloop
  endfacet
  facet normal 0 0 -1
    outer loop
      vertex 5.44677 126.171 0
      vertex 6.21276 126.183 0
      vertex 6.12088 126.047 0
    endloop
  endfacet
  facet normal -0 0 -1
    outer loop
      vertex 6.00932 123.999 0
      vertex 5.63429 123.738 0
      vertex 5.96923 124.192 0
    endloop
  endfacet
  facet normal 0 0 -1
    outer loop
      vertex 5.0294 124.742 0
      vertex 5.96923 124.192 0
      vertex 5.63429 123.738 0
    endloop
  endfacet
  facet normal 0 0 -1
    outer loop
      vertex 6.70271 125.131 0
      vertex 5.58146 125.583 0
      vertex 6.02134 125.713 0
    endloop
  endfacet
  facet normal 0 0 -1
    outer loop
      vertex 5.57101 125.861 0
      vertex 6.02134 125.713 0
      vertex 5.58654 125.671 0
    endloop
  endfacet
  facet normal 0 0 -1
    outer loop
      vertex 6.02134 125.713 0
      vertex 5.57101 125.861 0
      vertex 6.05706 125.89 0
    endloop
  endfacet
  facet normal 0 0 -1
    outer loop
      vertex 5.52443 126.027 0
      vertex 6.05706 125.89 0
      vertex 5.57101 125.861 0
    endloop
  endfacet
  facet normal 0 0 -1
    outer loop
      vertex 6.05706 125.89 0
      vertex 5.52443 126.027 0
      vertex 6.12088 126.047 0
    endloop
  endfacet
  facet normal 0 0 -1
    outer loop
      vertex 5.44677 126.171 0
      vertex 6.12088 126.047 0
      vertex 5.52443 126.027 0
    endloop
  endfacet
  facet normal -0 0 -1
    outer loop
      vertex 6.21276 126.183 0
      vertex 5.44677 126.171 0
      vertex 5.33807 126.291 0
    endloop
  endfacet
  facet normal -0 0 -1
    outer loop
      vertex 6.33273 126.299 0
      vertex 5.33807 126.291 0
      vertex 5.20048 126.386 0
    endloop
  endfacet
  facet normal -0 0 -1
    outer loop
      vertex 6.47628 126.391 0
      vertex 5.20048 126.386 0
      vertex 5.03617 126.455 0
    endloop
  endfacet
  facet normal -0 0 -1
    outer loop
      vertex 6.63897 126.456 0
      vertex 5.03617 126.455 0
      vertex 4.84515 126.495 0
    endloop
  endfacet
  facet normal -0 0 -1
    outer loop
      vertex 6.82077 126.496 0
      vertex 4.84515 126.495 0
      vertex 11.6 138 0
    endloop
  endfacet
  facet normal 0 0 -1
    outer loop
      vertex 0 138 0
      vertex 4.84515 126.495 0
      vertex 4.62741 126.509 0
    endloop
  endfacet
  facet normal 0 0 -1
    outer loop
      vertex 0 138 0
      vertex 4.62741 126.509 0
      vertex 4.42648 126.496 0
    endloop
  endfacet
  facet normal 0 0 -1
    outer loop
      vertex 0 138 0
      vertex 4.42648 126.496 0
      vertex 4.24467 126.455 0
    endloop
  endfacet
  facet normal 0 0 -1
    outer loop
      vertex 0 138 0
      vertex 4.24467 126.455 0
      vertex 4.08198 126.387 0
    endloop
  endfacet
  facet normal 0 0 -1
    outer loop
      vertex 0 138 0
      vertex 4.08198 126.387 0
      vertex 3.93841 126.292 0
    endloop
  endfacet
  facet normal 0 0 -1
    outer loop
      vertex 0 138 0
      vertex 3.93841 126.292 0
      vertex 3.81846 126.174 0
    endloop
  endfacet
  facet normal 0 0 -1
    outer loop
      vertex 0 138 0
      vertex 3.81846 126.174 0
      vertex 3.72657 126.038 0
    endloop
  endfacet
  facet normal 0 0 -1
    outer loop
      vertex 0 111.8 0
      vertex 3.62703 125.708 0
      vertex 3.60968 123.682 0
    endloop
  endfacet
  facet normal 0 0 -1
    outer loop
      vertex 0 138 0
      vertex 3.62703 125.708 0
      vertex 0 111.8 0
    endloop
  endfacet
  facet normal 0 0 -1
    outer loop
      vertex 4.84515 126.495 0
      vertex 0 138 0
      vertex 11.6 138 0
    endloop
  endfacet
  facet normal 0 0 -1
    outer loop
      vertex 3.66276 125.882 0
      vertex 0 138 0
      vertex 3.72657 126.038 0
    endloop
  endfacet
  facet normal 0 0 -1
    outer loop
      vertex 3.62703 125.708 0
      vertex 0 138 0
      vertex 3.66276 125.882 0
    endloop
  endfacet
  facet normal 0 0 -1
    outer loop
      vertex 5.56198 154.164 0
      vertex 5.86065 153.713 0
      vertex 5.85015 153.579 0
    endloop
  endfacet
  facet normal 0 0 -1
    outer loop
      vertex 5.60048 153.218 0
      vertex 5.85015 153.579 0
      vertex 5.81861 153.462 0
    endloop
  endfacet
  facet normal -0 -0 -1
    outer loop
      vertex 5.66864 154.103 0
      vertex 5.86065 153.713 0
      vertex 5.56198 154.164 0
    endloop
  endfacet
  facet normal 0 0 -1
    outer loop
      vertex 5.60048 153.218 0
      vertex 5.81861 153.462 0
      vertex 5.76606 153.363 0
    endloop
  endfacet
  facet normal 0 0 -1
    outer loop
      vertex 5.84866 153.831 0
      vertex 5.66864 154.103 0
      vertex 5.81265 153.935 0
    endloop
  endfacet
  facet normal 0 0 -1
    outer loop
      vertex 5.60048 153.218 0
      vertex 5.76606 153.363 0
      vertex 5.69249 153.281 0
    endloop
  endfacet
  facet normal 0 0 -1
    outer loop
      vertex 5.81265 153.935 0
      vertex 5.66864 154.103 0
      vertex 5.75265 154.026 0
    endloop
  endfacet
  facet normal 0 0 -1
    outer loop
      vertex 5.85015 153.579 0
      vertex 5.60048 153.218 0
      vertex 5.49258 153.172 0
    endloop
  endfacet
  facet normal 0 0 -1
    outer loop
      vertex 5.86065 153.713 0
      vertex 5.66864 154.103 0
      vertex 5.84866 153.831 0
    endloop
  endfacet
  facet normal -0 0 -1
    outer loop
      vertex 5.85015 153.579 0
      vertex 5.49258 153.172 0
      vertex 5.56198 154.164 0
    endloop
  endfacet
  facet normal 0 0 -1
    outer loop
      vertex 5.49258 153.172 0
      vertex 5.43402 154.208 0
      vertex 5.56198 154.164 0
    endloop
  endfacet
  facet normal 0 0 -1
    outer loop
      vertex 5.36883 153.145 0
      vertex 5.43402 154.208 0
      vertex 5.49258 153.172 0
    endloop
  endfacet
  facet normal 0 0 -1
    outer loop
      vertex 5.36883 153.145 0
      vertex 5.28477 154.234 0
      vertex 5.43402 154.208 0
    endloop
  endfacet
  facet normal 0 0 -1
    outer loop
      vertex 5.22921 153.136 0
      vertex 5.28477 154.234 0
      vertex 5.36883 153.145 0
    endloop
  endfacet
  facet normal 0 0 -1
    outer loop
      vertex 5.22921 153.136 0
      vertex 5.11421 154.243 0
      vertex 5.28477 154.234 0
    endloop
  endfacet
  facet normal 0 0 -1
    outer loop
      vertex 4.96705 153.17 0
      vertex 5.11421 154.243 0
      vertex 5.22921 153.136 0
    endloop
  endfacet
  facet normal 0 0 -1
    outer loop
      vertex 4.63397 153.441 0
      vertex 5.11421 154.243 0
      vertex 4.96705 153.17 0
    endloop
  endfacet
  facet normal 0 0 -1
    outer loop
      vertex 3.7716 155.033 0
      vertex 4.89286 154.581 0
      vertex 4.89286 154.243 0
    endloop
  endfacet
  facet normal 0 0 -1
    outer loop
      vertex 4.89286 154.581 0
      vertex 4.60426 155.132 0
      vertex 4.87571 155.563 0
    endloop
  endfacet
  facet normal -0 0 -1
    outer loop
      vertex 5.11421 154.243 0
      vertex 4.56305 153.678 0
      vertex 4.89286 154.243 0
    endloop
  endfacet
  facet normal 0 0 -1
    outer loop
      vertex 4.63397 153.441 0
      vertex 4.96705 153.17 0
      vertex 4.76864 153.272 0
    endloop
  endfacet
  facet normal 0 -0 -1
    outer loop
      vertex 4.62562 155.246 0
      vertex 4.87571 155.563 0
      vertex 4.60426 155.132 0
    endloop
  endfacet
  facet normal 0 0 -1
    outer loop
      vertex 4.87571 155.563 0
      vertex 4.62562 155.246 0
      vertex 4.78979 155.506 0
    endloop
  endfacet
  facet normal 0 0 -1
    outer loop
      vertex 5.11421 154.243 0
      vertex 4.63397 153.441 0
      vertex 4.56305 153.678 0
    endloop
  endfacet
  facet normal 0 0 -1
    outer loop
      vertex 4.78979 155.506 0
      vertex 4.62562 155.246 0
      vertex 4.7184 155.433 0
    endloop
  endfacet
  facet normal 0 0 -1
    outer loop
      vertex 4.7184 155.433 0
      vertex 4.62562 155.246 0
      vertex 4.66366 155.346 0
    endloop
  endfacet
  facet normal 0 0 -1
    outer loop
      vertex 4.15939 153.642 0
      vertex 4.89286 154.243 0
      vertex 4.56305 153.678 0
    endloop
  endfacet
  facet normal 0 0 -1
    outer loop
      vertex 4.89286 154.581 0
      vertex 4.2115 155.163 0
      vertex 4.60426 155.132 0
    endloop
  endfacet
  facet normal 0 0 -1
    outer loop
      vertex 3.7716 155.033 0
      vertex 4.89286 154.243 0
      vertex 4.15939 153.642 0
    endloop
  endfacet
  facet normal 0 0 -1
    outer loop
      vertex 5.50608 154.66 0
      vertex 5.78039 155.108 0
      vertex 5.76933 154.991 0
    endloop
  endfacet
  facet normal 0 0 -1
    outer loop
      vertex 5.34091 155.629 0
      vertex 5.78039 155.108 0
      vertex 5.50608 154.66 0
    endloop
  endfacet
  facet normal 0 0 -1
    outer loop
      vertex 5.60353 154.721 0
      vertex 5.76933 154.991 0
      vertex 5.73617 154.888 0
    endloop
  endfacet
  facet normal 0 0 -1
    outer loop
      vertex 5.78039 155.108 0
      vertex 5.34091 155.629 0
      vertex 5.77137 155.225 0
    endloop
  endfacet
  facet normal 0 0 -1
    outer loop
      vertex 5.60353 154.721 0
      vertex 5.73617 154.888 0
      vertex 5.6809 154.798 0
    endloop
  endfacet
  facet normal 0 0 -1
    outer loop
      vertex 5.7443 155.328 0
      vertex 5.45678 155.602 0
      vertex 5.69921 155.418 0
    endloop
  endfacet
  facet normal 0 0 -1
    outer loop
      vertex 5.76933 154.991 0
      vertex 5.60353 154.721 0
      vertex 5.50608 154.66 0
    endloop
  endfacet
  facet normal 0 0 -1
    outer loop
      vertex 5.69921 155.418 0
      vertex 5.45678 155.602 0
      vertex 5.63607 155.496 0
    endloop
  endfacet
  facet normal -0 -0 -1
    outer loop
      vertex 5.45678 155.602 0
      vertex 5.77137 155.225 0
      vertex 5.34091 155.629 0
    endloop
  endfacet
  facet normal 0 0 -1
    outer loop
      vertex 5.63607 155.496 0
      vertex 5.45678 155.602 0
      vertex 5.55517 155.558 0
    endloop
  endfacet
  facet normal 0 0 -1
    outer loop
      vertex 5.34091 155.629 0
      vertex 5.50608 154.66 0
      vertex 5.39061 154.616 0
    endloop
  endfacet
  facet normal 0 0 -1
    outer loop
      vertex 5.77137 155.225 0
      vertex 5.45678 155.602 0
      vertex 5.7443 155.328 0
    endloop
  endfacet
  facet normal 0 0 -1
    outer loop
      vertex 5.20753 155.638 0
      vertex 5.39061 154.616 0
      vertex 5.25709 154.59 0
    endloop
  endfacet
  facet normal 0 0 -1
    outer loop
      vertex 5.39061 154.616 0
      vertex 5.20753 155.638 0
      vertex 5.34091 155.629 0
    endloop
  endfacet
  facet normal 0 0 -1
    outer loop
      vertex 5.08458 155.63 0
      vertex 5.25709 154.59 0
      vertex 5.10554 154.581 0
    endloop
  endfacet
  facet normal 0 0 -1
    outer loop
      vertex 5.25709 154.59 0
      vertex 5.08458 155.63 0
      vertex 5.20753 155.638 0
    endloop
  endfacet
  facet normal 0 0 -1
    outer loop
      vertex 5.10554 154.581 0
      vertex 4.97396 155.605 0
      vertex 5.08458 155.63 0
    endloop
  endfacet
  facet normal 0 0 -1
    outer loop
      vertex 4.87571 155.563 0
      vertex 5.10554 154.581 0
      vertex 4.89286 154.581 0
    endloop
  endfacet
  facet normal 0 0 -1
    outer loop
      vertex 5.10554 154.581 0
      vertex 4.87571 155.563 0
      vertex 4.97396 155.605 0
    endloop
  endfacet
  facet normal 0 0 -1
    outer loop
      vertex 7.87677 154.269 0
      vertex 6.17161 155.01 0
      vertex 6.18185 155.15 0
    endloop
  endfacet
  facet normal -0 0 -1
    outer loop
      vertex 7.87677 154.269 0
      vertex 6.15902 154.083 0
      vertex 6.14088 154.884 0
    endloop
  endfacet
  facet normal 0 0 -1
    outer loop
      vertex 7.87677 154.269 0
      vertex 6.14088 154.884 0
      vertex 6.17161 155.01 0
    endloop
  endfacet
  facet normal 0 0 -1
    outer loop
      vertex 6.15902 154.083 0
      vertex 6.08969 154.772 0
      vertex 6.14088 154.884 0
    endloop
  endfacet
  facet normal 0 0 -1
    outer loop
      vertex 6.07548 154.186 0
      vertex 6.08969 154.772 0
      vertex 6.15902 154.083 0
    endloop
  endfacet
  facet normal 0 0 -1
    outer loop
      vertex 6.07548 154.186 0
      vertex 6.018 154.673 0
      vertex 6.08969 154.772 0
    endloop
  endfacet
  facet normal 0 0 -1
    outer loop
      vertex 5.97052 154.273 0
      vertex 6.018 154.673 0
      vertex 6.07548 154.186 0
    endloop
  endfacet
  facet normal 0 0 -1
    outer loop
      vertex 5.97052 154.273 0
      vertex 5.9268 154.589 0
      vertex 6.018 154.673 0
    endloop
  endfacet
  facet normal 0 0 -1
    outer loop
      vertex 5.84655 154.34 0
      vertex 5.9268 154.589 0
      vertex 5.97052 154.273 0
    endloop
  endfacet
  facet normal 0 0 -1
    outer loop
      vertex 5.84655 154.34 0
      vertex 5.817 154.52 0
      vertex 5.9268 154.589 0
    endloop
  endfacet
  facet normal 0 0 -1
    outer loop
      vertex 5.70362 154.388 0
      vertex 5.817 154.52 0
      vertex 5.84655 154.34 0
    endloop
  endfacet
  facet normal 0 0 -1
    outer loop
      vertex 5.70362 154.388 0
      vertex 5.68866 154.465 0
      vertex 5.817 154.52 0
    endloop
  endfacet
  facet normal 0 0 -1
    outer loop
      vertex 5.5417 154.416 0
      vertex 5.68866 154.465 0
      vertex 5.70362 154.388 0
    endloop
  endfacet
  facet normal 0 0 -1
    outer loop
      vertex 5.68866 154.465 0
      vertex 5.5417 154.416 0
      vertex 5.5417 154.425 0
    endloop
  endfacet
  facet normal 0 0 -1
    outer loop
      vertex 8.82722 154.488 0
      vertex 9.48909 153.843 0
      vertex 9.47796 153.686 0
    endloop
  endfacet
  facet normal 0 0 -1
    outer loop
      vertex 8.96733 153.143 0
      vertex 9.47796 153.686 0
      vertex 9.44459 153.547 0
    endloop
  endfacet
  facet normal -0 -0 -1
    outer loop
      vertex 8.97132 154.477 0
      vertex 9.48909 153.843 0
      vertex 8.82722 154.488 0
    endloop
  endfacet
  facet normal 0 0 -1
    outer loop
      vertex 8.96733 153.143 0
      vertex 9.44459 153.547 0
      vertex 9.38899 153.425 0
    endloop
  endfacet
  facet normal 0 0 -1
    outer loop
      vertex 9.48909 153.843 0
      vertex 8.97132 154.477 0
      vertex 9.47789 153.981 0
    endloop
  endfacet
  facet normal 0 0 -1
    outer loop
      vertex 9.09901 153.179 0
      vertex 9.38899 153.425 0
      vertex 9.31114 153.321 0
    endloop
  endfacet
  facet normal -0 -0 -1
    outer loop
      vertex 9.09983 154.443 0
      vertex 9.44432 154.104 0
      vertex 8.97132 154.477 0
    endloop
  endfacet
  facet normal 0 0 -1
    outer loop
      vertex 9.09901 153.179 0
      vertex 9.31114 153.321 0
      vertex 9.21362 153.238 0
    endloop
  endfacet
  facet normal 0 0 -1
    outer loop
      vertex 9.44432 154.104 0
      vertex 9.09983 154.443 0
      vertex 9.38838 154.214 0
    endloop
  endfacet
  facet normal 0 0 -1
    outer loop
      vertex 9.38838 154.214 0
      vertex 9.09983 154.443 0
      vertex 9.31004 154.31 0
    endloop
  endfacet
  facet normal 0 0 -1
    outer loop
      vertex 9.38899 153.425 0
      vertex 9.09901 153.179 0
      vertex 8.96733 153.143 0
    endloop
  endfacet
  facet normal 0 0 -1
    outer loop
      vertex 9.31004 154.31 0
      vertex 9.09983 154.443 0
      vertex 9.21273 154.388 0
    endloop
  endfacet
  facet normal 0 0 -1
    outer loop
      vertex 9.47796 153.686 0
      vertex 8.96733 153.143 0
      vertex 8.81855 153.132 0
    endloop
  endfacet
  facet normal 0 0 -1
    outer loop
      vertex 9.47789 153.981 0
      vertex 8.97132 154.477 0
      vertex 9.44432 154.104 0
    endloop
  endfacet
  facet normal 0 0 -1
    outer loop
      vertex 8.18275 153.585 0
      vertex 9.47796 153.686 0
      vertex 8.81855 153.132 0
    endloop
  endfacet
  facet normal -0 0 -1
    outer loop
      vertex 9.47796 153.686 0
      vertex 8.18275 153.585 0
      vertex 8.82722 154.488 0
    endloop
  endfacet
  facet normal 0 0 -1
    outer loop
      vertex 8.82722 154.488 0
      vertex 8.18275 153.585 0
      vertex 8.74939 154.485 0
    endloop
  endfacet
  facet normal 0 0 -1
    outer loop
      vertex 8.74939 154.485 0
      vertex 8.18275 153.585 0
      vertex 8.67424 154.475 0
    endloop
  endfacet
  facet normal 0 0 -1
    outer loop
      vertex 8.18275 153.585 0
      vertex 8.81855 153.132 0
      vertex 8.58677 153.16 0
    endloop
  endfacet
  facet normal 0 0 -1
    outer loop
      vertex 8.67424 154.475 0
      vertex 8.18275 153.585 0
      vertex 8.60182 154.46 0
    endloop
  endfacet
  facet normal 0 0 -1
    outer loop
      vertex 8.60182 154.46 0
      vertex 8.18275 153.585 0
      vertex 8.53209 154.438 0
    endloop
  endfacet
  facet normal 0 0 -1
    outer loop
      vertex 8.26887 153.387 0
      vertex 8.58677 153.16 0
      vertex 8.40355 153.245 0
    endloop
  endfacet
  facet normal 0 0 -1
    outer loop
      vertex 8.53209 154.438 0
      vertex 8.18275 153.585 0
      vertex 8.46374 154.409 0
    endloop
  endfacet
  facet normal 0 0 -1
    outer loop
      vertex 8.46374 154.409 0
      vertex 8.18275 153.585 0
      vertex 8.39538 154.371 0
    endloop
  endfacet
  facet normal 0 0 -1
    outer loop
      vertex 8.58677 153.16 0
      vertex 8.26887 153.387 0
      vertex 8.18275 153.585 0
    endloop
  endfacet
  facet normal 0 0 -1
    outer loop
      vertex 8.39538 154.371 0
      vertex 8.18275 153.585 0
      vertex 8.32704 154.324 0
    endloop
  endfacet
  facet normal 0 0 -1
    outer loop
      vertex 8.32704 154.324 0
      vertex 8.18275 153.585 0
      vertex 8.25868 154.269 0
    endloop
  endfacet
  facet normal 0 0 -1
    outer loop
      vertex 8.18275 153.585 0
      vertex 7.87677 154.269 0
      vertex 8.25868 154.269 0
    endloop
  endfacet
  facet normal 0 -0 -1
    outer loop
      vertex 7.87677 154.269 0
      vertex 8.18275 153.585 0
      vertex 7.78781 153.54 0
    endloop
  endfacet
  facet normal 0 0 -1
    outer loop
      vertex 9.62687 154.542 0
      vertex 9.71693 155.582 0
      vertex 9.74412 154.4 0
    endloop
  endfacet
  facet normal 0 0 -1
    outer loop
      vertex 9.48141 154.658 0
      vertex 9.71693 155.582 0
      vertex 9.62687 154.542 0
    endloop
  endfacet
  facet normal 0 0 -1
    outer loop
      vertex 9.31303 154.741 0
      vertex 9.71693 155.582 0
      vertex 9.48141 154.658 0
    endloop
  endfacet
  facet normal 0 0 -1
    outer loop
      vertex 9.12173 154.79 0
      vertex 9.71693 155.582 0
      vertex 9.31303 154.741 0
    endloop
  endfacet
  facet normal 0 0 -1
    outer loop
      vertex 8.90751 154.807 0
      vertex 9.71693 155.582 0
      vertex 9.12173 154.79 0
    endloop
  endfacet
  facet normal 0 0 -1
    outer loop
      vertex 8.33462 155.582 0
      vertex 8.90751 154.807 0
      vertex 8.72645 154.795 0
    endloop
  endfacet
  facet normal 0 0 -1
    outer loop
      vertex 8.33462 155.582 0
      vertex 8.72645 154.795 0
      vertex 8.56086 154.758 0
    endloop
  endfacet
  facet normal 0 0 -1
    outer loop
      vertex 8.33462 155.582 0
      vertex 8.56086 154.758 0
      vertex 8.41072 154.697 0
    endloop
  endfacet
  facet normal 0 0 -1
    outer loop
      vertex 8.90751 154.807 0
      vertex 8.33462 155.582 0
      vertex 9.71693 155.582 0
    endloop
  endfacet
  facet normal 0 -0 -1
    outer loop
      vertex 8.33462 155.582 0
      vertex 8.41072 154.697 0
      vertex 8.27603 154.612 0
    endloop
  endfacet
  facet normal 0 0 -1
    outer loop
      vertex 11.6 141 0
      vertex 9.89488 153.852 0
      vertex 11.6 167.7 0
    endloop
  endfacet
  facet normal 0 0 -1
    outer loop
      vertex 11.6 141 0
      vertex 9.8769 153.623 0
      vertex 9.89488 153.852 0
    endloop
  endfacet
  facet normal 0 0 -1
    outer loop
      vertex 11.6 141 0
      vertex 9.82299 153.42 0
      vertex 9.8769 153.623 0
    endloop
  endfacet
  facet normal 0 0 -1
    outer loop
      vertex 11.6 141 0
      vertex 9.73312 153.242 0
      vertex 9.82299 153.42 0
    endloop
  endfacet
  facet normal 0 0 -1
    outer loop
      vertex 11.6 141 0
      vertex 9.60733 153.09 0
      vertex 9.73312 153.242 0
    endloop
  endfacet
  facet normal 0 0 -1
    outer loop
      vertex 11.6 141 0
      vertex 9.44966 152.969 0
      vertex 9.60733 153.09 0
    endloop
  endfacet
  facet normal 0 0 -1
    outer loop
      vertex 11.6 141 0
      vertex 9.2642 152.882 0
      vertex 9.44966 152.969 0
    endloop
  endfacet
  facet normal 0 0 -1
    outer loop
      vertex 11.6 141 0
      vertex 9.05093 152.83 0
      vertex 9.2642 152.882 0
    endloop
  endfacet
  facet normal 0 0 -1
    outer loop
      vertex 11.6 141 0
      vertex 8.80986 152.813 0
      vertex 9.05093 152.83 0
    endloop
  endfacet
  facet normal 0 0 -1
    outer loop
      vertex 11.6 141 0
      vertex 8.60641 152.824 0
      vertex 8.80986 152.813 0
    endloop
  endfacet
  facet normal 0 0 -1
    outer loop
      vertex 7.23291 152.856 0
      vertex 8.60641 152.824 0
      vertex 11.6 141 0
    endloop
  endfacet
  facet normal 0 0 -1
    outer loop
      vertex 8.60641 152.824 0
      vertex 7.23291 152.856 0
      vertex 8.4236 152.859 0
    endloop
  endfacet
  facet normal -0 0 -1
    outer loop
      vertex 8.4236 152.859 0
      vertex 7.23291 152.856 0
      vertex 8.26139 152.918 0
    endloop
  endfacet
  facet normal -0 0 -1
    outer loop
      vertex 8.26139 152.918 0
      vertex 7.23291 152.856 0
      vertex 8.11981 152.999 0
    endloop
  endfacet
  facet normal -0 0 -1
    outer loop
      vertex 8.11981 152.999 0
      vertex 7.23291 152.856 0
      vertex 8.00059 153.103 0
    endloop
  endfacet
  facet normal -0 0 -1
    outer loop
      vertex 8.00059 153.103 0
      vertex 7.23291 152.856 0
      vertex 7.90553 153.228 0
    endloop
  endfacet
  facet normal 0 0 -1
    outer loop
      vertex 7.90553 153.228 0
      vertex 7.23291 153.331 0
      vertex 7.83459 153.373 0
    endloop
  endfacet
  facet normal 0 0 -1
    outer loop
      vertex 7.23291 153.331 0
      vertex 7.90553 153.228 0
      vertex 7.23291 152.856 0
    endloop
  endfacet
  facet normal 0 0 -1
    outer loop
      vertex 11.6 141 0
      vertex 6.80976 152.856 0
      vertex 7.23291 152.856 0
    endloop
  endfacet
  facet normal 0 0 -1
    outer loop
      vertex 6.19918 153.325 0
      vertex 6.80976 153.331 0
      vertex 6.80976 152.856 0
    endloop
  endfacet
  facet normal 0 0 -1
    outer loop
      vertex 5.4644 152.827 0
      vertex 6.80976 152.856 0
      vertex 11.6 141 0
    endloop
  endfacet
  facet normal 0 0 -1
    outer loop
      vertex 6.80976 153.331 0
      vertex 6.24963 153.501 0
      vertex 6.26645 153.7 0
    endloop
  endfacet
  facet normal -0 0 -1
    outer loop
      vertex 6.80976 153.331 0
      vertex 6.19918 153.325 0
      vertex 6.24963 153.501 0
    endloop
  endfacet
  facet normal 0 0 -1
    outer loop
      vertex 6.80976 152.856 0
      vertex 6.11509 153.173 0
      vertex 6.19918 153.325 0
    endloop
  endfacet
  facet normal 0 0 -1
    outer loop
      vertex 6.80976 152.856 0
      vertex 5.99737 153.045 0
      vertex 6.11509 153.173 0
    endloop
  endfacet
  facet normal 0 0 -1
    outer loop
      vertex 6.80976 152.856 0
      vertex 5.84846 152.943 0
      vertex 5.99737 153.045 0
    endloop
  endfacet
  facet normal 0 0 -1
    outer loop
      vertex 6.80976 152.856 0
      vertex 5.67082 152.871 0
      vertex 5.84846 152.943 0
    endloop
  endfacet
  facet normal -0 0 -1
    outer loop
      vertex 6.80976 152.856 0
      vertex 5.4644 152.827 0
      vertex 5.67082 152.871 0
    endloop
  endfacet
  facet normal 0 0 -1
    outer loop
      vertex 11.6 141 0
      vertex 5.22921 152.813 0
      vertex 5.4644 152.827 0
    endloop
  endfacet
  facet normal 0 0 -1
    outer loop
      vertex 0 141 0
      vertex 5.22921 152.813 0
      vertex 11.6 141 0
    endloop
  endfacet
  facet normal -0 0 -1
    outer loop
      vertex 5.22921 152.813 0
      vertex 0 141 0
      vertex 5.00875 152.826 0
    endloop
  endfacet
  facet normal 0 -0 -1
    outer loop
      vertex 3.82443 152.856 0
      vertex 5.00875 152.826 0
      vertex 0 141 0
    endloop
  endfacet
  facet normal 0 0 -1
    outer loop
      vertex 5.00875 152.826 0
      vertex 3.82443 152.856 0
      vertex 4.81176 152.865 0
    endloop
  endfacet
  facet normal -0 0 -1
    outer loop
      vertex 4.63823 152.93 0
      vertex 3.82443 152.856 0
      vertex 4.48817 153.022 0
    endloop
  endfacet
  facet normal -0 0 -1
    outer loop
      vertex 4.48817 153.022 0
      vertex 3.82443 152.856 0
      vertex 4.36386 153.139 0
    endloop
  endfacet
  facet normal -0 0 -1
    outer loop
      vertex 4.26764 153.282 0
      vertex 3.82443 153.188 0
      vertex 4.19947 153.449 0
    endloop
  endfacet
  facet normal 0 0 -1
    outer loop
      vertex 4.36386 153.139 0
      vertex 3.82443 153.188 0
      vertex 4.26764 153.282 0
    endloop
  endfacet
  facet normal 0 0 -1
    outer loop
      vertex 3.82443 153.188 0
      vertex 4.36386 153.139 0
      vertex 3.82443 152.856 0
    endloop
  endfacet
  facet normal -0 0 -1
    outer loop
      vertex 4.81176 152.865 0
      vertex 3.82443 152.856 0
      vertex 4.63823 152.93 0
    endloop
  endfacet
  facet normal 0 0 -1
    outer loop
      vertex -1.6 167.7 0
      vertex 1.79982 152.856 0
      vertex 0 141 0
    endloop
  endfacet
  facet normal -0 0 -1
    outer loop
      vertex 3.82443 152.856 0
      vertex 0 141 0
      vertex 1.79982 152.856 0
    endloop
  endfacet
  facet normal 0 0 -1
    outer loop
      vertex 9.87812 154.055 0
      vertex 11.6 167.7 0
      vertex 9.89488 153.852 0
    endloop
  endfacet
  facet normal 0 0 -1
    outer loop
      vertex 9.71693 155.582 0
      vertex 9.87812 154.055 0
      vertex 9.82788 154.237 0
    endloop
  endfacet
  facet normal 0 0 -1
    outer loop
      vertex 9.71693 155.582 0
      vertex 9.82788 154.237 0
      vertex 9.74412 154.4 0
    endloop
  endfacet
  facet normal 0 0 -1
    outer loop
      vertex 9.87812 154.055 0
      vertex 9.71693 155.582 0
      vertex 9.71693 155.914 0
    endloop
  endfacet
  facet normal 0 0 -1
    outer loop
      vertex 9.87812 154.055 0
      vertex 9.71693 155.914 0
      vertex 11.6 167.7 0
    endloop
  endfacet
  facet normal 0 0 -1
    outer loop
      vertex 7.97874 155.914 0
      vertex 11.6 167.7 0
      vertex 9.71693 155.914 0
    endloop
  endfacet
  facet normal 0 0 -1
    outer loop
      vertex 7.23291 153.331 0
      vertex 7.87677 154.269 0
      vertex 7.78781 153.54 0
    endloop
  endfacet
  facet normal -0 0 -1
    outer loop
      vertex 7.83459 153.373 0
      vertex 7.23291 153.331 0
      vertex 7.78781 153.54 0
    endloop
  endfacet
  facet normal 0 0 -1
    outer loop
      vertex 7.87677 154.269 0
      vertex 7.23291 153.331 0
      vertex 6.21872 153.968 0
    endloop
  endfacet
  facet normal 0 0 -1
    outer loop
      vertex 6.21872 153.968 0
      vertex 7.23291 153.331 0
      vertex 6.80976 153.331 0
    endloop
  endfacet
  facet normal 0 0 -1
    outer loop
      vertex 6.15902 154.083 0
      vertex 7.87677 154.269 0
      vertex 6.21872 153.968 0
    endloop
  endfacet
  facet normal 0 0 -1
    outer loop
      vertex 6.25451 153.84 0
      vertex 6.80976 153.331 0
      vertex 6.26645 153.7 0
    endloop
  endfacet
  facet normal 0 0 -1
    outer loop
      vertex 6.21872 153.968 0
      vertex 6.80976 153.331 0
      vertex 6.25451 153.84 0
    endloop
  endfacet
  facet normal 0 0 -1
    outer loop
      vertex 7.87677 154.269 0
      vertex 6.18185 155.15 0
      vertex 7.97874 155.914 0
    endloop
  endfacet
  facet normal 0 0 -1
    outer loop
      vertex 7.97874 155.914 0
      vertex 6.18185 155.15 0
      vertex 6.1659 155.33 0
    endloop
  endfacet
  facet normal 0 0 -1
    outer loop
      vertex 6.1181 155.49 0
      vertex 7.97874 155.914 0
      vertex 6.1659 155.33 0
    endloop
  endfacet
  facet normal 0 0 -1
    outer loop
      vertex 6.03842 155.628 0
      vertex 7.97874 155.914 0
      vertex 6.1181 155.49 0
    endloop
  endfacet
  facet normal 0 0 -1
    outer loop
      vertex 5.92686 155.745 0
      vertex 7.97874 155.914 0
      vertex 6.03842 155.628 0
    endloop
  endfacet
  facet normal 0 0 -1
    outer loop
      vertex 5.78657 155.839 0
      vertex 7.97874 155.914 0
      vertex 5.92686 155.745 0
    endloop
  endfacet
  facet normal 0 0 -1
    outer loop
      vertex 5.62063 155.906 0
      vertex 7.97874 155.914 0
      vertex 5.78657 155.839 0
    endloop
  endfacet
  facet normal 0 0 -1
    outer loop
      vertex 5.42906 155.946 0
      vertex 7.97874 155.914 0
      vertex 5.62063 155.906 0
    endloop
  endfacet
  facet normal 0 0 -1
    outer loop
      vertex 7.97874 155.914 0
      vertex 5.42906 155.946 0
      vertex 11.6 167.7 0
    endloop
  endfacet
  facet normal 0 0 -1
    outer loop
      vertex 5.21185 155.959 0
      vertex 11.6 167.7 0
      vertex 5.42906 155.946 0
    endloop
  endfacet
  facet normal 0 0 -1
    outer loop
      vertex -1.6 167.7 0
      vertex 5.21185 155.959 0
      vertex 5.01092 155.946 0
    endloop
  endfacet
  facet normal 0 0 -1
    outer loop
      vertex 3.03529 155.945 0
      vertex 5.01092 155.946 0
      vertex 4.82913 155.906 0
    endloop
  endfacet
  facet normal 0 0 -1
    outer loop
      vertex 3.22631 155.905 0
      vertex 4.82913 155.906 0
      vertex 4.66644 155.841 0
    endloop
  endfacet
  facet normal 0 0 -1
    outer loop
      vertex 3.39062 155.836 0
      vertex 4.66644 155.841 0
      vertex 4.52288 155.749 0
    endloop
  endfacet
  facet normal 0 0 -1
    outer loop
      vertex 3.52821 155.741 0
      vertex 4.52288 155.749 0
      vertex 4.40292 155.633 0
    endloop
  endfacet
  facet normal 0 0 -1
    outer loop
      vertex 3.63691 155.621 0
      vertex 4.40292 155.633 0
      vertex 4.31103 155.497 0
    endloop
  endfacet
  facet normal -0 0 -1
    outer loop
      vertex 4.19947 153.449 0
      vertex 3.82443 153.188 0
      vertex 4.15939 153.642 0
    endloop
  endfacet
  facet normal 0 0 -1
    outer loop
      vertex 3.21954 154.192 0
      vertex 4.15939 153.642 0
      vertex 3.82443 153.188 0
    endloop
  endfacet
  facet normal 0 0 -1
    outer loop
      vertex 4.89286 154.581 0
      vertex 3.7716 155.033 0
      vertex 4.2115 155.163 0
    endloop
  endfacet
  facet normal 0 0 -1
    outer loop
      vertex 3.76115 155.311 0
      vertex 4.2115 155.163 0
      vertex 3.77668 155.121 0
    endloop
  endfacet
  facet normal 0 0 -1
    outer loop
      vertex 4.2115 155.163 0
      vertex 3.76115 155.311 0
      vertex 4.24722 155.34 0
    endloop
  endfacet
  facet normal 0 0 -1
    outer loop
      vertex 3.71457 155.477 0
      vertex 4.24722 155.34 0
      vertex 3.76115 155.311 0
    endloop
  endfacet
  facet normal 0 0 -1
    outer loop
      vertex 4.24722 155.34 0
      vertex 3.71457 155.477 0
      vertex 4.31103 155.497 0
    endloop
  endfacet
  facet normal 0 0 -1
    outer loop
      vertex 3.63691 155.621 0
      vertex 4.31103 155.497 0
      vertex 3.71457 155.477 0
    endloop
  endfacet
  facet normal -0 0 -1
    outer loop
      vertex 4.40292 155.633 0
      vertex 3.63691 155.621 0
      vertex 3.52821 155.741 0
    endloop
  endfacet
  facet normal -0 0 -1
    outer loop
      vertex 4.52288 155.749 0
      vertex 3.52821 155.741 0
      vertex 3.39062 155.836 0
    endloop
  endfacet
  facet normal -0 0 -1
    outer loop
      vertex 4.66644 155.841 0
      vertex 3.39062 155.836 0
      vertex 3.22631 155.905 0
    endloop
  endfacet
  facet normal -0 0 -1
    outer loop
      vertex 4.82913 155.906 0
      vertex 3.22631 155.905 0
      vertex 3.03529 155.945 0
    endloop
  endfacet
  facet normal -0 0 -1
    outer loop
      vertex 5.01092 155.946 0
      vertex 3.03529 155.945 0
      vertex -1.6 167.7 0
    endloop
  endfacet
  facet normal 0 0 -1
    outer loop
      vertex -1.6 167.7 0
      vertex 3.03529 155.945 0
      vertex 2.81755 155.959 0
    endloop
  endfacet
  facet normal 0 0 -1
    outer loop
      vertex -1.6 167.7 0
      vertex 2.81755 155.959 0
      vertex 2.61662 155.946 0
    endloop
  endfacet
  facet normal 0 0 -1
    outer loop
      vertex -1.6 167.7 0
      vertex 2.61662 155.946 0
      vertex 2.43481 155.905 0
    endloop
  endfacet
  facet normal 0 0 -1
    outer loop
      vertex -1.6 167.7 0
      vertex 2.43481 155.905 0
      vertex 2.27212 155.837 0
    endloop
  endfacet
  facet normal 0 0 -1
    outer loop
      vertex -1.6 167.7 0
      vertex 2.27212 155.837 0
      vertex 2.12857 155.742 0
    endloop
  endfacet
  facet normal 0 0 -1
    outer loop
      vertex -1.6 167.7 0
      vertex 2.12857 155.742 0
      vertex 2.0086 155.624 0
    endloop
  endfacet
  facet normal 0 0 -1
    outer loop
      vertex 1.79982 152.856 0
      vertex -1.6 167.7 0
      vertex 1.79982 153.132 0
    endloop
  endfacet
  facet normal 0 0 -1
    outer loop
      vertex 5.21185 155.959 0
      vertex -1.6 167.7 0
      vertex 11.6 167.7 0
    endloop
  endfacet
  facet normal 0 0 -1
    outer loop
      vertex 1.91671 155.488 0
      vertex -1.6 167.7 0
      vertex 2.0086 155.624 0
    endloop
  endfacet
  facet normal 0 0 -1
    outer loop
      vertex 1.8529 155.332 0
      vertex -1.6 167.7 0
      vertex 1.91671 155.488 0
    endloop
  endfacet
  facet normal 0 0 -1
    outer loop
      vertex 1.81717 155.158 0
      vertex -1.6 167.7 0
      vertex 1.8529 155.332 0
    endloop
  endfacet
  facet normal 0 0 -1
    outer loop
      vertex 1.79982 153.132 0
      vertex -1.6 167.7 0
      vertex 1.81717 155.158 0
    endloop
  endfacet
  facet normal 0 0 -1
    outer loop
      vertex 0 138 0
      vertex -1.6 167.7 0
      vertex 0 141 0
    endloop
  endfacet
  facet normal 1 -0 0
    outer loop
      vertex 0 108.8 9.2
      vertex 0 111.8 0
      vertex 0 111.8 9.2
    endloop
  endfacet
  facet normal 1 0 0
    outer loop
      vertex 0 111.8 0
      vertex 0 108.8 9.2
      vertex 0 108.8 0
    endloop
  endfacet
  facet normal 1 -0 0
    outer loop
      vertex 0 80.1 9.2
      vertex 0 83.1 0
      vertex 0 83.1 9.2
    endloop
  endfacet
  facet normal 1 0 0
    outer loop
      vertex 0 83.1 0
      vertex 0 80.1 9.2
      vertex 0 80.1 0
    endloop
  endfacet
  facet normal 1 -0 0
    outer loop
      vertex 0 84.7 9.2
      vertex 0 107.2 1.2
      vertex 0 107.2 9.2
    endloop
  endfacet
  facet normal 1 0 0
    outer loop
      vertex 0 107.2 1.2
      vertex 0 84.7 9.2
      vertex 0 84.7 1.2
    endloop
  endfacet
  facet normal 1 -0 0
    outer loop
      vertex 0 138 9.2
      vertex 0 141 0
      vertex 0 141 9.2
    endloop
  endfacet
  facet normal 1 0 0
    outer loop
      vertex 0 141 0
      vertex 0 138 9.2
      vertex 0 138 0
    endloop
  endfacet
  facet normal 1 -0 0
    outer loop
      vertex 0 142.6 9.2
      vertex 0 166.1 1.2
      vertex 0 166.1 9.2
    endloop
  endfacet
  facet normal 1 0 0
    outer loop
      vertex 0 166.1 1.2
      vertex 0 142.6 9.2
      vertex 0 142.6 1.2
    endloop
  endfacet
  facet normal 1 -0 0
    outer loop
      vertex 0 24.2 9.2
      vertex 0 27.2 0
      vertex 0 27.2 9.2
    endloop
  endfacet
  facet normal 1 0 0
    outer loop
      vertex 0 27.2 0
      vertex 0 24.2 9.2
      vertex 0 24.2 0
    endloop
  endfacet
  facet normal 1 -0 0
    outer loop
      vertex 0 1.6 9.2
      vertex 0 22.6 1.2
      vertex 0 22.6 9.2
    endloop
  endfacet
  facet normal 1 0 0
    outer loop
      vertex 0 22.6 1.2
      vertex 0 1.6 9.2
      vertex 0 1.6 1.2
    endloop
  endfacet
  facet normal 1 -0 0
    outer loop
      vertex 0 51.9 9.2
      vertex 0 54.9 0
      vertex 0 54.9 9.2
    endloop
  endfacet
  facet normal 1 0 0
    outer loop
      vertex 0 54.9 0
      vertex 0 51.9 9.2
      vertex 0 51.9 0
    endloop
  endfacet
  facet normal 1 -0 0
    outer loop
      vertex 0 28.8 9.2
      vertex 0 50.3 1.2
      vertex 0 50.3 9.2
    endloop
  endfacet
  facet normal 1 0 0
    outer loop
      vertex 0 50.3 1.2
      vertex 0 28.8 9.2
      vertex 0 28.8 1.2
    endloop
  endfacet
  facet normal 1 -0 0
    outer loop
      vertex 0 56.5 9.2
      vertex 0 78.5 1.2
      vertex 0 78.5 9.2
    endloop
  endfacet
  facet normal 1 0 0
    outer loop
      vertex 0 78.5 1.2
      vertex 0 56.5 9.2
      vertex 0 56.5 1.2
    endloop
  endfacet
  facet normal 1 -0 0
    outer loop
      vertex 0 113.4 9.2
      vertex 0 136.4 1.2
      vertex 0 136.4 9.2
    endloop
  endfacet
  facet normal 1 0 0
    outer loop
      vertex 0 136.4 1.2
      vertex 0 113.4 9.2
      vertex 0 113.4 1.2
    endloop
  endfacet
  facet normal 0 1 -0
    outer loop
      vertex 11.6 24.2 0
      vertex 0 24.2 9.2
      vertex 11.6 24.2 9.2
    endloop
  endfacet
  facet normal 0 1 0
    outer loop
      vertex 0 24.2 9.2
      vertex 11.6 24.2 0
      vertex 0 24.2 0
    endloop
  endfacet
  facet normal 0 -1 0
    outer loop
      vertex -1.6 0 0
      vertex 11.6 0 9.2
      vertex -1.6 0 9.2
    endloop
  endfacet
  facet normal 0 -1 -0
    outer loop
      vertex 11.6 0 9.2
      vertex -1.6 0 0
      vertex 11.6 0 0
    endloop
  endfacet
  facet normal -1 0 0
    outer loop
      vertex 10.01 1.6 1.2
      vertex 10.01 22.6 9.2
      vertex 10.01 22.6 1.2
    endloop
  endfacet
  facet normal -1 -0 0
    outer loop
      vertex 10.01 22.6 9.2
      vertex 10.01 1.6 1.2
      vertex 10.01 1.6 9.2
    endloop
  endfacet
  facet normal -0 0 1
    outer loop
      vertex 0 22.6 1.2
      vertex 10.01 1.6 1.2
      vertex 10.01 22.6 1.2
    endloop
  endfacet
  facet normal 0 0 1
    outer loop
      vertex 10.01 1.6 1.2
      vertex 0 22.6 1.2
      vertex 0 1.6 1.2
    endloop
  endfacet
  facet normal 0 -1 0
    outer loop
      vertex 0 22.6 1.2
      vertex 10.01 22.6 9.2
      vertex 0 22.6 9.2
    endloop
  endfacet
  facet normal 0 -1 -0
    outer loop
      vertex 10.01 22.6 9.2
      vertex 0 22.6 1.2
      vertex 10.01 22.6 1.2
    endloop
  endfacet
  facet normal 0 1 -0
    outer loop
      vertex 10.01 1.6 1.2
      vertex 0 1.6 9.2
      vertex 10.01 1.6 9.2
    endloop
  endfacet
  facet normal 0 1 0
    outer loop
      vertex 0 1.6 9.2
      vertex 10.01 1.6 1.2
      vertex 0 1.6 1.2
    endloop
  endfacet
  facet normal 0 0 -1
    outer loop
      vertex 5.63429 10.584 0.599999
      vertex 4.03935 10.916 0.599999
      vertex 5.63429 10.916 0.599999
    endloop
  endfacet
  facet normal 0 0 -1
    outer loop
      vertex 4.18336 11.1506 0.599999
      vertex 3.87983 11.3077 0.599999
      vertex 3.9606 11.4025 0.599999
    endloop
  endfacet
  facet normal 0 0 -1
    outer loop
      vertex 4.07704 10.9927 0.599999
      vertex 3.80314 11.2069 0.599999
      vertex 3.87983 11.3077 0.599999
    endloop
  endfacet
  facet normal 0 0 -1
    outer loop
      vertex 4.07704 10.9927 0.599999
      vertex 3.73254 11.0986 0.599999
      vertex 3.80314 11.2069 0.599999
    endloop
  endfacet
  facet normal 0 0 -1
    outer loop
      vertex 4.03935 10.916 0.599999
      vertex 3.66806 10.9828 0.599999
      vertex 3.73254 11.0986 0.599999
    endloop
  endfacet
  facet normal 0 0 -1
    outer loop
      vertex 3.60968 10.584 0.599999
      vertex 4.03935 10.916 0.599999
      vertex 5.63429 10.584 0.599999
    endloop
  endfacet
  facet normal 0 0 -1
    outer loop
      vertex 3.60968 10.8596 0.599999
      vertex 4.03935 10.916 0.599999
      vertex 3.60968 10.584 0.599999
    endloop
  endfacet
  facet normal -0 0 -1
    outer loop
      vertex 4.03935 10.916 0.599999
      vertex 3.60968 10.8596 0.599999
      vertex 3.66806 10.9828 0.599999
    endloop
  endfacet
  facet normal 0 0 -1
    outer loop
      vertex 5.1851 12.8364 0.599999
      vertex 5.58654 12.8495 0.599999
      vertex 5.58146 12.7606 0.599999
    endloop
  endfacet
  facet normal 0 0 -1
    outer loop
      vertex 5.17974 12.7456 0.599999
      vertex 5.58146 12.7606 0.599999
      vertex 5.5662 12.6721 0.599999
    endloop
  endfacet
  facet normal 0 0 -1
    outer loop
      vertex 5.17974 12.7456 0.599999
      vertex 5.5662 12.6721 0.599999
      vertex 5.54077 12.5838 0.599999
    endloop
  endfacet
  facet normal 0 0 -1
    outer loop
      vertex 5.17588 12.9553 0.599999
      vertex 5.58654 12.8495 0.599999
      vertex 5.1851 12.8364 0.599999
    endloop
  endfacet
  facet normal 0 0 -1
    outer loop
      vertex 5.16368 12.6596 0.599999
      vertex 5.54077 12.5838 0.599999
      vertex 5.50517 12.4958 0.599999
    endloop
  endfacet
  facet normal 0 0 -1
    outer loop
      vertex 5.13688 12.5785 0.599999
      vertex 5.50517 12.4958 0.599999
      vertex 5.45953 12.4079 0.599999
    endloop
  endfacet
  facet normal 0 0 -1
    outer loop
      vertex 5.58654 12.8495 0.599999
      vertex 5.17588 12.9553 0.599999
      vertex 5.57101 13.0387 0.599999
    endloop
  endfacet
  facet normal 0 0 -1
    outer loop
      vertex 5.13688 12.5785 0.599999
      vertex 5.45953 12.4079 0.599999
      vertex 5.40399 12.32 0.599999
    endloop
  endfacet
  facet normal 0 0 -1
    outer loop
      vertex 5.09938 12.5023 0.599999
      vertex 5.40399 12.32 0.599999
      vertex 5.33856 12.2321 0.599999
    endloop
  endfacet
  facet normal -0 0 -1
    outer loop
      vertex 5.58146 12.7606 0.599999
      vertex 5.17974 12.7456 0.599999
      vertex 5.1851 12.8364 0.599999
    endloop
  endfacet
  facet normal 0 0 -1
    outer loop
      vertex 5.05319 12.4293 0.599999
      vertex 5.33856 12.2321 0.599999
      vertex 5.26323 12.1442 0.599999
    endloop
  endfacet
  facet normal 0 0 -1
    outer loop
      vertex 5.57101 13.0387 0.599999
      vertex 5.1482 13.06 0.599999
      vertex 5.52443 13.2051 0.599999
    endloop
  endfacet
  facet normal -0 0 -1
    outer loop
      vertex 5.52443 13.2051 0.599999
      vertex 5.1482 13.06 0.599999
      vertex 5.44677 13.3485 0.599999
    endloop
  endfacet
  facet normal 0 0 -1
    outer loop
      vertex 5.1482 13.06 0.599999
      vertex 5.57101 13.0387 0.599999
      vertex 5.17588 12.9553 0.599999
    endloop
  endfacet
  facet normal 0 0 -1
    outer loop
      vertex 4.94088 12.2882 0.599999
      vertex 5.26323 12.1442 0.599999
      vertex 5.16462 12.0443 0.599999
    endloop
  endfacet
  facet normal 0 0 -1
    outer loop
      vertex 5.54077 12.5838 0.599999
      vertex 5.16368 12.6596 0.599999
      vertex 5.17974 12.7456 0.599999
    endloop
  endfacet
  facet normal 0 0 -1
    outer loop
      vertex 5.50517 12.4958 0.599999
      vertex 5.13688 12.5785 0.599999
      vertex 5.16368 12.6596 0.599999
    endloop
  endfacet
  facet normal 0 0 -1
    outer loop
      vertex 5.40399 12.32 0.599999
      vertex 5.09938 12.5023 0.599999
      vertex 5.13688 12.5785 0.599999
    endloop
  endfacet
  facet normal 0 0 -1
    outer loop
      vertex 5.33856 12.2321 0.599999
      vertex 5.05319 12.4293 0.599999
      vertex 5.09938 12.5023 0.599999
    endloop
  endfacet
  facet normal 0 0 -1
    outer loop
      vertex 4.87477 12.2201 0.599999
      vertex 5.16462 12.0443 0.599999
      vertex 5.0294 11.9202 0.599999
    endloop
  endfacet
  facet normal 0 0 -1
    outer loop
      vertex 5.26323 12.1442 0.599999
      vertex 5.00036 12.358 0.599999
      vertex 5.05319 12.4293 0.599999
    endloop
  endfacet
  facet normal 0 0 -1
    outer loop
      vertex 5.26323 12.1442 0.599999
      vertex 4.94088 12.2882 0.599999
      vertex 5.00036 12.358 0.599999
    endloop
  endfacet
  facet normal 0 0 -1
    outer loop
      vertex 5.16462 12.0443 0.599999
      vertex 4.87477 12.2201 0.599999
      vertex 4.94088 12.2882 0.599999
    endloop
  endfacet
  facet normal 0 0 -1
    outer loop
      vertex 4.72749 12.0856 0.599999
      vertex 5.0294 11.9202 0.599999
      vertex 4.85757 11.7719 0.599999
    endloop
  endfacet
  facet normal 0 0 -1
    outer loop
      vertex 5.0294 11.9202 0.599999
      vertex 4.80323 12.1529 0.599999
      vertex 4.87477 12.2201 0.599999
    endloop
  endfacet
  facet normal 0 0 -1
    outer loop
      vertex 5.0294 11.9202 0.599999
      vertex 4.72749 12.0856 0.599999
      vertex 4.80323 12.1529 0.599999
    endloop
  endfacet
  facet normal 0 0 -1
    outer loop
      vertex 4.56338 11.9511 0.599999
      vertex 4.85757 11.7719 0.599999
      vertex 4.64911 11.5996 0.599999
    endloop
  endfacet
  facet normal 0 0 -1
    outer loop
      vertex 4.85757 11.7719 0.599999
      vertex 4.64753 12.0184 0.599999
      vertex 4.72749 12.0856 0.599999
    endloop
  endfacet
  facet normal 0 0 -1
    outer loop
      vertex 4.85757 11.7719 0.599999
      vertex 4.56338 11.9511 0.599999
      vertex 4.64753 12.0184 0.599999
    endloop
  endfacet
  facet normal 0 0 -1
    outer loop
      vertex 4.39006 11.8109 0.599999
      vertex 4.64911 11.5996 0.599999
      vertex 4.5307 11.5001 0.599999
    endloop
  endfacet
  facet normal 0 0 -1
    outer loop
      vertex 4.64911 11.5996 0.599999
      vertex 4.47692 11.8824 0.599999
      vertex 4.56338 11.9511 0.599999
    endloop
  endfacet
  facet normal 0 0 -1
    outer loop
      vertex 4.30278 11.7365 0.599999
      vertex 4.5307 11.5001 0.599999
      vertex 4.42505 11.4056 0.599999
    endloop
  endfacet
  facet normal 0 0 -1
    outer loop
      vertex 4.64911 11.5996 0.599999
      vertex 4.39006 11.8109 0.599999
      vertex 4.47692 11.8824 0.599999
    endloop
  endfacet
  facet normal 0 0 -1
    outer loop
      vertex 4.12823 11.5783 0.599999
      vertex 4.42505 11.4056 0.599999
      vertex 4.33213 11.3162 0.599999
    endloop
  endfacet
  facet normal 0 0 -1
    outer loop
      vertex 4.5307 11.5001 0.599999
      vertex 4.30278 11.7365 0.599999
      vertex 4.39006 11.8109 0.599999
    endloop
  endfacet
  facet normal 0 0 -1
    outer loop
      vertex 4.04341 11.4927 0.599999
      vertex 4.33213 11.3162 0.599999
      vertex 4.25198 11.2317 0.599999
    endloop
  endfacet
  facet normal 0 0 -1
    outer loop
      vertex 4.42505 11.4056 0.599999
      vertex 4.21508 11.6592 0.599999
      vertex 4.30278 11.7365 0.599999
    endloop
  endfacet
  facet normal 0 0 -1
    outer loop
      vertex 3.9606 11.4025 0.599999
      vertex 4.25198 11.2317 0.599999
      vertex 4.18336 11.1506 0.599999
    endloop
  endfacet
  facet normal 0 0 -1
    outer loop
      vertex 4.42505 11.4056 0.599999
      vertex 4.12823 11.5783 0.599999
      vertex 4.21508 11.6592 0.599999
    endloop
  endfacet
  facet normal 0 0 -1
    outer loop
      vertex 3.87983 11.3077 0.599999
      vertex 4.18336 11.1506 0.599999
      vertex 4.12506 11.0709 0.599999
    endloop
  endfacet
  facet normal 0 0 -1
    outer loop
      vertex 3.87983 11.3077 0.599999
      vertex 4.12506 11.0709 0.599999
      vertex 4.07704 10.9927 0.599999
    endloop
  endfacet
  facet normal 0 0 -1
    outer loop
      vertex 4.33213 11.3162 0.599999
      vertex 4.04341 11.4927 0.599999
      vertex 4.12823 11.5783 0.599999
    endloop
  endfacet
  facet normal 0 0 -1
    outer loop
      vertex 3.73254 11.0986 0.599999
      vertex 4.07704 10.9927 0.599999
      vertex 4.03935 10.916 0.599999
    endloop
  endfacet
  facet normal 0 0 -1
    outer loop
      vertex 4.25198 11.2317 0.599999
      vertex 3.9606 11.4025 0.599999
      vertex 4.04341 11.4927 0.599999
    endloop
  endfacet
  facet normal 0 0 -1
    outer loop
      vertex 5.10209 13.1506 0.599999
      vertex 5.44677 13.3485 0.599999
      vertex 5.1482 13.06 0.599999
    endloop
  endfacet
  facet normal -0 0 -1
    outer loop
      vertex 5.44677 13.3485 0.599999
      vertex 5.10209 13.1506 0.599999
      vertex 5.33807 13.469 0.599999
    endloop
  endfacet
  facet normal 0 0 -1
    outer loop
      vertex 5.03752 13.2271 0.599999
      vertex 5.33807 13.469 0.599999
      vertex 5.10209 13.1506 0.599999
    endloop
  endfacet
  facet normal -0 0 -1
    outer loop
      vertex 5.33807 13.469 0.599999
      vertex 5.03752 13.2271 0.599999
      vertex 5.20048 13.5644 0.599999
    endloop
  endfacet
  facet normal 0 0 -1
    outer loop
      vertex 4.95655 13.2878 0.599999
      vertex 5.20048 13.5644 0.599999
      vertex 5.03752 13.2271 0.599999
    endloop
  endfacet
  facet normal -0 0 -1
    outer loop
      vertex 5.20048 13.5644 0.599999
      vertex 4.95655 13.2878 0.599999
      vertex 5.03617 13.6326 0.599999
    endloop
  endfacet
  facet normal 0 0 -1
    outer loop
      vertex 4.86122 13.3312 0.599999
      vertex 5.03617 13.6326 0.599999
      vertex 4.95655 13.2878 0.599999
    endloop
  endfacet
  facet normal 0 0 -1
    outer loop
      vertex 4.86122 13.3312 0.599999
      vertex 4.84515 13.6735 0.599999
      vertex 5.03617 13.6326 0.599999
    endloop
  endfacet
  facet normal 0 0 -1
    outer loop
      vertex 4.75151 13.3573 0.599999
      vertex 4.84515 13.6735 0.599999
      vertex 4.86122 13.3312 0.599999
    endloop
  endfacet
  facet normal 0 0 -1
    outer loop
      vertex 4.62741 13.6871 0.599999
      vertex 4.75151 13.3573 0.599999
      vertex 4.62741 13.3659 0.599999
    endloop
  endfacet
  facet normal 0 0 -1
    outer loop
      vertex 4.75151 13.3573 0.599999
      vertex 4.62741 13.6871 0.599999
      vertex 4.84515 13.6735 0.599999
    endloop
  endfacet
  facet normal 0 0 -1
    outer loop
      vertex 4.50811 13.3575 0.599999
      vertex 4.62741 13.6871 0.599999
      vertex 4.62741 13.3659 0.599999
    endloop
  endfacet
  facet normal 0 0 -1
    outer loop
      vertex 4.50811 13.3575 0.599999
      vertex 4.42648 13.6735 0.599999
      vertex 4.62741 13.6871 0.599999
    endloop
  endfacet
  facet normal 0 0 -1
    outer loop
      vertex 4.39982 13.332 0.599999
      vertex 4.42648 13.6735 0.599999
      vertex 4.50811 13.3575 0.599999
    endloop
  endfacet
  facet normal 0 0 -1
    outer loop
      vertex 4.24467 13.6328 0.599999
      vertex 4.39982 13.332 0.599999
      vertex 4.3025 13.2896 0.599999
    endloop
  endfacet
  facet normal 0 0 -1
    outer loop
      vertex 4.39982 13.332 0.599999
      vertex 4.24467 13.6328 0.599999
      vertex 4.42648 13.6735 0.599999
    endloop
  endfacet
  facet normal 0 0 -1
    outer loop
      vertex 4.08198 13.565 0.599999
      vertex 4.3025 13.2896 0.599999
      vertex 4.21618 13.2303 0.599999
    endloop
  endfacet
  facet normal 0 0 -1
    outer loop
      vertex 3.93841 13.4701 0.599999
      vertex 4.21618 13.2303 0.599999
      vertex 4.14369 13.1556 0.599999
    endloop
  endfacet
  facet normal 0 0 -1
    outer loop
      vertex 3.81846 13.3522 0.599999
      vertex 4.14369 13.1556 0.599999
      vertex 4.08789 13.0673 0.599999
    endloop
  endfacet
  facet normal 0 0 -1
    outer loop
      vertex 4.3025 13.2896 0.599999
      vertex 4.08198 13.565 0.599999
      vertex 4.24467 13.6328 0.599999
    endloop
  endfacet
  facet normal 0 0 -1
    outer loop
      vertex 3.72657 13.2156 0.599999
      vertex 4.08789 13.0673 0.599999
      vertex 4.04876 12.9652 0.599999
    endloop
  endfacet
  facet normal 0 0 -1
    outer loop
      vertex 3.66276 13.0604 0.599999
      vertex 4.04876 12.9652 0.599999
      vertex 4.02632 12.8495 0.599999
    endloop
  endfacet
  facet normal 0 0 -1
    outer loop
      vertex 4.21618 13.2303 0.599999
      vertex 3.93841 13.4701 0.599999
      vertex 4.08198 13.565 0.599999
    endloop
  endfacet
  facet normal 0 0 -1
    outer loop
      vertex 4.14369 13.1556 0.599999
      vertex 3.81846 13.3522 0.599999
      vertex 3.93841 13.4701 0.599999
    endloop
  endfacet
  facet normal 0 0 -1
    outer loop
      vertex 4.08789 13.0673 0.599999
      vertex 3.72657 13.2156 0.599999
      vertex 3.81846 13.3522 0.599999
    endloop
  endfacet
  facet normal 0 0 -1
    outer loop
      vertex 4.04876 12.9652 0.599999
      vertex 3.66276 13.0604 0.599999
      vertex 3.72657 13.2156 0.599999
    endloop
  endfacet
  facet normal 0 -0 -1
    outer loop
      vertex 3.66276 13.0604 0.599999
      vertex 4.02632 12.8495 0.599999
      vertex 3.62703 12.8864 0.599999
    endloop
  endfacet
  facet normal 0 0 -1
    outer loop
      vertex 8.05462 10.584 0.599999
      vertex 7.31033 10.916 0.599999
      vertex 8.05462 10.916 0.599999
    endloop
  endfacet
  facet normal 0 0 -1
    outer loop
      vertex 6.91752 13.2683 0.599999
      vertex 7.31033 13.6415 0.599999
      vertex 7.31033 10.916 0.599999
    endloop
  endfacet
  facet normal 0 0 -1
    outer loop
      vertex 6.91752 13.2683 0.599999
      vertex 7.31033 10.916 0.599999
      vertex 6.91752 10.916 0.599999
    endloop
  endfacet
  facet normal 0 0 -1
    outer loop
      vertex 8.05462 10.584 0.599999
      vertex 6.91752 10.916 0.599999
      vertex 7.31033 10.916 0.599999
    endloop
  endfacet
  facet normal 0 0 -1
    outer loop
      vertex 6.13852 10.584 0.599999
      vertex 6.91752 10.916 0.599999
      vertex 8.05462 10.584 0.599999
    endloop
  endfacet
  facet normal -0 0 -1
    outer loop
      vertex 6.91752 10.916 0.599999
      vertex 6.13852 10.584 0.599999
      vertex 6.13852 10.916 0.599999
    endloop
  endfacet
  facet normal -0 0 -1
    outer loop
      vertex 7.31033 13.6415 0.599999
      vertex 6.91752 13.2683 0.599999
      vertex 6.9501 13.6415 0.599999
    endloop
  endfacet
  facet normal 0 0 -1
    outer loop
      vertex 6.22747 13.1446 0.599999
      vertex 6.91752 13.2683 0.599999
      vertex 6.22747 12.7757 0.599999
    endloop
  endfacet
  facet normal -0 0 -1
    outer loop
      vertex 6.91752 13.2683 0.599999
      vertex 6.22747 13.1446 0.599999
      vertex 6.9501 13.6415 0.599999
    endloop
  endfacet
  facet normal 0 -1 0
    outer loop
      vertex 4.03935 10.916 0
      vertex 5.63429 10.916 0.599999
      vertex 4.03935 10.916 0.599999
    endloop
  endfacet
  facet normal 0 -1 -0
    outer loop
      vertex 5.63429 10.916 0.599999
      vertex 4.03935 10.916 0
      vertex 5.63429 10.916 0
    endloop
  endfacet
  facet normal -0.897495 0.441025 0
    outer loop
      vertex 4.03935 10.916 0
      vertex 4.07704 10.9927 0.599999
      vertex 4.07704 10.9927 0
    endloop
  endfacet
  facet normal -0.897495 0.441025 0
    outer loop
      vertex 4.07704 10.9927 0.599999
      vertex 4.03935 10.916 0
      vertex 4.03935 10.916 0.599999
    endloop
  endfacet
  facet normal -0.852159 0.523282 0
    outer loop
      vertex 4.07704 10.9927 0
      vertex 4.12506 11.0709 0.599999
      vertex 4.12506 11.0709 0
    endloop
  endfacet
  facet normal -0.852159 0.523282 0
    outer loop
      vertex 4.12506 11.0709 0.599999
      vertex 4.07704 10.9927 0
      vertex 4.07704 10.9927 0.599999
    endloop
  endfacet
  facet normal -0.807113 0.590397 0
    outer loop
      vertex 4.12506 11.0709 0
      vertex 4.18336 11.1506 0.599999
      vertex 4.18336 11.1506 0
    endloop
  endfacet
  facet normal -0.807113 0.590397 0
    outer loop
      vertex 4.18336 11.1506 0.599999
      vertex 4.12506 11.0709 0
      vertex 4.12506 11.0709 0.599999
    endloop
  endfacet
  facet normal -0.763401 0.645925 0
    outer loop
      vertex 4.18336 11.1506 0
      vertex 4.25198 11.2317 0.599999
      vertex 4.25198 11.2317 0
    endloop
  endfacet
  facet normal -0.763401 0.645925 0
    outer loop
      vertex 4.25198 11.2317 0.599999
      vertex 4.18336 11.1506 0
      vertex 4.18336 11.1506 0.599999
    endloop
  endfacet
  facet normal -0.725535 0.688185 0
    outer loop
      vertex 4.25198 11.2317 0
      vertex 4.33213 11.3162 0.599999
      vertex 4.33213 11.3162 0
    endloop
  endfacet
  facet normal -0.725535 0.688185 0
    outer loop
      vertex 4.33213 11.3162 0.599999
      vertex 4.25198 11.2317 0
      vertex 4.25198 11.2317 0.599999
    endloop
  endfacet
  facet normal -0.693326 0.720624 0
    outer loop
      vertex 4.42505 11.4056 0
      vertex 4.33213 11.3162 0.599999
      vertex 4.42505 11.4056 0.599999
    endloop
  endfacet
  facet normal -0.693326 0.720624 0
    outer loop
      vertex 4.33213 11.3162 0.599999
      vertex 4.42505 11.4056 0
      vertex 4.33213 11.3162 0
    endloop
  endfacet
  facet normal -0.666681 0.745343 0
    outer loop
      vertex 4.5307 11.5001 0
      vertex 4.42505 11.4056 0.599999
      vertex 4.5307 11.5001 0.599999
    endloop
  endfacet
  facet normal -0.666681 0.745343 0
    outer loop
      vertex 4.42505 11.4056 0.599999
      vertex 4.5307 11.5001 0
      vertex 4.42505 11.4056 0
    endloop
  endfacet
  facet normal -0.643327 0.765591 0
    outer loop
      vertex 4.64911 11.5996 0
      vertex 4.5307 11.5001 0.599999
      vertex 4.64911 11.5996 0.599999
    endloop
  endfacet
  facet normal -0.643327 0.765591 0
    outer loop
      vertex 4.5307 11.5001 0.599999
      vertex 4.64911 11.5996 0
      vertex 4.5307 11.5001 0
    endloop
  endfacet
  facet normal -0.637088 0.770791 0
    outer loop
      vertex 4.85757 11.7719 0
      vertex 4.64911 11.5996 0.599999
      vertex 4.85757 11.7719 0.599999
    endloop
  endfacet
  facet normal -0.637088 0.770791 0
    outer loop
      vertex 4.64911 11.5996 0.599999
      vertex 4.85757 11.7719 0
      vertex 4.64911 11.5996 0
    endloop
  endfacet
  facet normal -0.653371 0.757038 0
    outer loop
      vertex 5.0294 11.9202 0
      vertex 4.85757 11.7719 0.599999
      vertex 5.0294 11.9202 0.599999
    endloop
  endfacet
  facet normal -0.653371 0.757038 0
    outer loop
      vertex 4.85757 11.7719 0.599999
      vertex 5.0294 11.9202 0
      vertex 4.85757 11.7719 0
    endloop
  endfacet
  facet normal -0.676164 0.736751 0
    outer loop
      vertex 5.16462 12.0443 0
      vertex 5.0294 11.9202 0.599999
      vertex 5.16462 12.0443 0.599999
    endloop
  endfacet
  facet normal -0.676164 0.736751 0
    outer loop
      vertex 5.0294 11.9202 0.599999
      vertex 5.16462 12.0443 0
      vertex 5.0294 11.9202 0
    endloop
  endfacet
  facet normal -0.711687 0.702497 0
    outer loop
      vertex 5.16462 12.0443 0
      vertex 5.26323 12.1442 0.599999
      vertex 5.26323 12.1442 0
    endloop
  endfacet
  facet normal -0.711687 0.702497 0
    outer loop
      vertex 5.26323 12.1442 0.599999
      vertex 5.16462 12.0443 0
      vertex 5.16462 12.0443 0.599999
    endloop
  endfacet
  facet normal -0.759311 0.650727 0
    outer loop
      vertex 5.26323 12.1442 0
      vertex 5.33856 12.2321 0.599999
      vertex 5.33856 12.2321 0
    endloop
  endfacet
  facet normal -0.759311 0.650727 0
    outer loop
      vertex 5.33856 12.2321 0.599999
      vertex 5.26323 12.1442 0
      vertex 5.26323 12.1442 0.599999
    endloop
  endfacet
  facet normal -0.802163 0.597105 0
    outer loop
      vertex 5.33856 12.2321 0
      vertex 5.40399 12.32 0.599999
      vertex 5.40399 12.32 0
    endloop
  endfacet
  facet normal -0.802163 0.597105 0
    outer loop
      vertex 5.40399 12.32 0.599999
      vertex 5.33856 12.2321 0
      vertex 5.33856 12.2321 0.599999
    endloop
  endfacet
  facet normal -0.845384 0.534159 0
    outer loop
      vertex 5.40399 12.32 0
      vertex 5.45953 12.4079 0.599999
      vertex 5.45953 12.4079 0
    endloop
  endfacet
  facet normal -0.845384 0.534159 0
    outer loop
      vertex 5.45953 12.4079 0.599999
      vertex 5.40399 12.32 0
      vertex 5.40399 12.32 0.599999
    endloop
  endfacet
  facet normal -0.887498 0.460812 0
    outer loop
      vertex 5.45953 12.4079 0
      vertex 5.50517 12.4958 0.599999
      vertex 5.50517 12.4958 0
    endloop
  endfacet
  facet normal -0.887498 0.460812 0
    outer loop
      vertex 5.50517 12.4958 0.599999
      vertex 5.45953 12.4079 0
      vertex 5.45953 12.4079 0.599999
    endloop
  endfacet
  facet normal -0.927017 0.37502 0
    outer loop
      vertex 5.50517 12.4958 0
      vertex 5.54077 12.5838 0.599999
      vertex 5.54077 12.5838 0
    endloop
  endfacet
  facet normal -0.927017 0.37502 0
    outer loop
      vertex 5.54077 12.5838 0.599999
      vertex 5.50517 12.4958 0
      vertex 5.50517 12.4958 0.599999
    endloop
  endfacet
  facet normal -0.960943 0.276747 0
    outer loop
      vertex 5.54077 12.5838 0
      vertex 5.5662 12.6721 0.599999
      vertex 5.5662 12.6721 0
    endloop
  endfacet
  facet normal -0.960943 0.276747 0
    outer loop
      vertex 5.5662 12.6721 0.599999
      vertex 5.54077 12.5838 0
      vertex 5.54077 12.5838 0.599999
    endloop
  endfacet
  facet normal -0.985458 0.169922 0
    outer loop
      vertex 5.5662 12.6721 0
      vertex 5.58146 12.7606 0.599999
      vertex 5.58146 12.7606 0
    endloop
  endfacet
  facet normal -0.985458 0.169922 0
    outer loop
      vertex 5.58146 12.7606 0.599999
      vertex 5.5662 12.6721 0
      vertex 5.5662 12.6721 0.599999
    endloop
  endfacet
  facet normal -0.998371 0.0570498 0
    outer loop
      vertex 5.58146 12.7606 0
      vertex 5.58654 12.8495 0.599999
      vertex 5.58654 12.8495 0
    endloop
  endfacet
  facet normal -0.998371 0.0570498 0
    outer loop
      vertex 5.58654 12.8495 0.599999
      vertex 5.58146 12.7606 0
      vertex 5.58146 12.7606 0.599999
    endloop
  endfacet
  facet normal -0.996648 -0.0818073 0
    outer loop
      vertex 5.58654 12.8495 0
      vertex 5.57101 13.0387 0.599999
      vertex 5.57101 13.0387 0
    endloop
  endfacet
  facet normal -0.996648 -0.0818073 0
    outer loop
      vertex 5.57101 13.0387 0.599999
      vertex 5.58654 12.8495 0
      vertex 5.58654 12.8495 0.599999
    endloop
  endfacet
  facet normal -0.962982 -0.269566 0
    outer loop
      vertex 5.57101 13.0387 0
      vertex 5.52443 13.2051 0.599999
      vertex 5.52443 13.2051 0
    endloop
  endfacet
  facet normal -0.962982 -0.269566 0
    outer loop
      vertex 5.52443 13.2051 0.599999
      vertex 5.57101 13.0387 0
      vertex 5.57101 13.0387 0.599999
    endloop
  endfacet
  facet normal -0.87933 -0.476212 0
    outer loop
      vertex 5.52443 13.2051 0
      vertex 5.44677 13.3485 0.599999
      vertex 5.44677 13.3485 0
    endloop
  endfacet
  facet normal -0.87933 -0.476212 0
    outer loop
      vertex 5.44677 13.3485 0.599999
      vertex 5.52443 13.2051 0
      vertex 5.52443 13.2051 0.599999
    endloop
  endfacet
  facet normal -0.742528 -0.669815 0
    outer loop
      vertex 5.44677 13.3485 0
      vertex 5.33807 13.469 0.599999
      vertex 5.33807 13.469 0
    endloop
  endfacet
  facet normal -0.742528 -0.669815 0
    outer loop
      vertex 5.33807 13.469 0.599999
      vertex 5.44677 13.3485 0
      vertex 5.44677 13.3485 0.599999
    endloop
  endfacet
  facet normal -0.569797 -0.821786 0
    outer loop
      vertex 5.20048 13.5644 0
      vertex 5.33807 13.469 0.599999
      vertex 5.20048 13.5644 0.599999
    endloop
  endfacet
  facet normal -0.569797 -0.821786 -0
    outer loop
      vertex 5.33807 13.469 0.599999
      vertex 5.20048 13.5644 0
      vertex 5.33807 13.469 0
    endloop
  endfacet
  facet normal -0.383358 -0.9236 0
    outer loop
      vertex 5.03617 13.6326 0
      vertex 5.20048 13.5644 0.599999
      vertex 5.03617 13.6326 0.599999
    endloop
  endfacet
  facet normal -0.383358 -0.9236 -0
    outer loop
      vertex 5.20048 13.5644 0.599999
      vertex 5.03617 13.6326 0
      vertex 5.20048 13.5644 0
    endloop
  endfacet
  facet normal -0.209368 -0.977837 0
    outer loop
      vertex 4.84515 13.6735 0
      vertex 5.03617 13.6326 0.599999
      vertex 4.84515 13.6735 0.599999
    endloop
  endfacet
  facet normal -0.209368 -0.977837 -0
    outer loop
      vertex 5.03617 13.6326 0.599999
      vertex 4.84515 13.6735 0
      vertex 5.03617 13.6326 0
    endloop
  endfacet
  facet normal -0.0623383 -0.998055 0
    outer loop
      vertex 4.62741 13.6871 0
      vertex 4.84515 13.6735 0.599999
      vertex 4.62741 13.6871 0.599999
    endloop
  endfacet
  facet normal -0.0623383 -0.998055 -0
    outer loop
      vertex 4.84515 13.6735 0.599999
      vertex 4.62741 13.6871 0
      vertex 4.84515 13.6735 0
    endloop
  endfacet
  facet normal 0.0675308 -0.997717 0
    outer loop
      vertex 4.42648 13.6735 0
      vertex 4.62741 13.6871 0.599999
      vertex 4.42648 13.6735 0.599999
    endloop
  endfacet
  facet normal 0.0675308 -0.997717 0
    outer loop
      vertex 4.62741 13.6871 0.599999
      vertex 4.42648 13.6735 0
      vertex 4.62741 13.6871 0
    endloop
  endfacet
  facet normal 0.218453 -0.975847 0
    outer loop
      vertex 4.24467 13.6328 0
      vertex 4.42648 13.6735 0.599999
      vertex 4.24467 13.6328 0.599999
    endloop
  endfacet
  facet normal 0.218453 -0.975847 0
    outer loop
      vertex 4.42648 13.6735 0.599999
      vertex 4.24467 13.6328 0
      vertex 4.42648 13.6735 0
    endloop
  endfacet
  facet normal 0.384676 -0.923052 0
    outer loop
      vertex 4.08198 13.565 0
      vertex 4.24467 13.6328 0.599999
      vertex 4.08198 13.565 0.599999
    endloop
  endfacet
  facet normal 0.384676 -0.923052 0
    outer loop
      vertex 4.24467 13.6328 0.599999
      vertex 4.08198 13.565 0
      vertex 4.24467 13.6328 0
    endloop
  endfacet
  facet normal 0.551424 -0.834225 0
    outer loop
      vertex 3.93841 13.4701 0
      vertex 4.08198 13.565 0.599999
      vertex 3.93841 13.4701 0.599999
    endloop
  endfacet
  facet normal 0.551424 -0.834225 0
    outer loop
      vertex 4.08198 13.565 0.599999
      vertex 3.93841 13.4701 0
      vertex 4.08198 13.565 0
    endloop
  endfacet
  facet normal 0.700986 -0.713175 0
    outer loop
      vertex 3.81846 13.3522 0
      vertex 3.93841 13.4701 0.599999
      vertex 3.81846 13.3522 0.599999
    endloop
  endfacet
  facet normal 0.700986 -0.713175 0
    outer loop
      vertex 3.93841 13.4701 0.599999
      vertex 3.81846 13.3522 0
      vertex 3.93841 13.4701 0
    endloop
  endfacet
  facet normal 0.829735 -0.558158 0
    outer loop
      vertex 3.72657 13.2156 0.599999
      vertex 3.81846 13.3522 0
      vertex 3.81846 13.3522 0.599999
    endloop
  endfacet
  facet normal 0.829735 -0.558158 0
    outer loop
      vertex 3.81846 13.3522 0
      vertex 3.72657 13.2156 0.599999
      vertex 3.72657 13.2156 0
    endloop
  endfacet
  facet normal 0.924879 -0.380261 0
    outer loop
      vertex 3.66276 13.0604 0.599999
      vertex 3.72657 13.2156 0
      vertex 3.72657 13.2156 0.599999
    endloop
  endfacet
  facet normal 0.924879 -0.380261 0
    outer loop
      vertex 3.72657 13.2156 0
      vertex 3.66276 13.0604 0.599999
      vertex 3.66276 13.0604 0
    endloop
  endfacet
  facet normal 0.979561 -0.201148 0
    outer loop
      vertex 3.62703 12.8864 0.599999
      vertex 3.66276 13.0604 0
      vertex 3.66276 13.0604 0.599999
    endloop
  endfacet
  facet normal 0.979561 -0.201148 0
    outer loop
      vertex 3.66276 13.0604 0
      vertex 3.62703 12.8864 0.599999
      vertex 3.62703 12.8864 0
    endloop
  endfacet
  facet normal 0.0920219 0.995757 -0
    outer loop
      vertex 4.02632 12.8495 0
      vertex 3.62703 12.8864 0.599999
      vertex 4.02632 12.8495 0.599999
    endloop
  endfacet
  facet normal 0.0920219 0.995757 0
    outer loop
      vertex 3.62703 12.8864 0.599999
      vertex 4.02632 12.8495 0
      vertex 3.62703 12.8864 0
    endloop
  endfacet
  facet normal -0.981706 0.190402 0
    outer loop
      vertex 4.02632 12.8495 0
      vertex 4.04876 12.9652 0.599999
      vertex 4.04876 12.9652 0
    endloop
  endfacet
  facet normal -0.981706 0.190402 0
    outer loop
      vertex 4.04876 12.9652 0.599999
      vertex 4.02632 12.8495 0
      vertex 4.02632 12.8495 0.599999
    endloop
  endfacet
  facet normal -0.933772 0.35787 0
    outer loop
      vertex 4.04876 12.9652 0
      vertex 4.08789 13.0673 0.599999
      vertex 4.08789 13.0673 0
    endloop
  endfacet
  facet normal -0.933772 0.35787 0
    outer loop
      vertex 4.08789 13.0673 0.599999
      vertex 4.04876 12.9652 0
      vertex 4.04876 12.9652 0.599999
    endloop
  endfacet
  facet normal -0.845352 0.534209 0
    outer loop
      vertex 4.08789 13.0673 0
      vertex 4.14369 13.1556 0.599999
      vertex 4.14369 13.1556 0
    endloop
  endfacet
  facet normal -0.845352 0.534209 0
    outer loop
      vertex 4.14369 13.1556 0.599999
      vertex 4.08789 13.0673 0
      vertex 4.08789 13.0673 0.599999
    endloop
  endfacet
  facet normal -0.717643 0.696411 0
    outer loop
      vertex 4.14369 13.1556 0
      vertex 4.21618 13.2303 0.599999
      vertex 4.21618 13.2303 0
    endloop
  endfacet
  facet normal -0.717643 0.696411 0
    outer loop
      vertex 4.21618 13.2303 0.599999
      vertex 4.14369 13.1556 0
      vertex 4.14369 13.1556 0.599999
    endloop
  endfacet
  facet normal -0.566237 0.824242 0
    outer loop
      vertex 4.3025 13.2896 0
      vertex 4.21618 13.2303 0.599999
      vertex 4.3025 13.2896 0.599999
    endloop
  endfacet
  facet normal -0.566237 0.824242 0
    outer loop
      vertex 4.21618 13.2303 0.599999
      vertex 4.3025 13.2896 0
      vertex 4.21618 13.2303 0
    endloop
  endfacet
  facet normal -0.399415 0.91677 0
    outer loop
      vertex 4.39982 13.332 0
      vertex 4.3025 13.2896 0.599999
      vertex 4.39982 13.332 0.599999
    endloop
  endfacet
  facet normal -0.399415 0.91677 0
    outer loop
      vertex 4.3025 13.2896 0.599999
      vertex 4.39982 13.332 0
      vertex 4.3025 13.2896 0
    endloop
  endfacet
  facet normal -0.22921 0.973377 0
    outer loop
      vertex 4.50811 13.3575 0
      vertex 4.39982 13.332 0.599999
      vertex 4.50811 13.3575 0.599999
    endloop
  endfacet
  facet normal -0.22921 0.973377 0
    outer loop
      vertex 4.39982 13.332 0.599999
      vertex 4.50811 13.3575 0
      vertex 4.39982 13.332 0
    endloop
  endfacet
  facet normal -0.0702368 0.99753 0
    outer loop
      vertex 4.62741 13.3659 0
      vertex 4.50811 13.3575 0.599999
      vertex 4.62741 13.3659 0.599999
    endloop
  endfacet
  facet normal -0.0702368 0.99753 0
    outer loop
      vertex 4.50811 13.3575 0.599999
      vertex 4.62741 13.3659 0
      vertex 4.50811 13.3575 0
    endloop
  endfacet
  facet normal 0.0691332 0.997607 -0
    outer loop
      vertex 4.75151 13.3573 0
      vertex 4.62741 13.3659 0.599999
      vertex 4.75151 13.3573 0.599999
    endloop
  endfacet
  facet normal 0.0691332 0.997607 0
    outer loop
      vertex 4.62741 13.3659 0.599999
      vertex 4.75151 13.3573 0
      vertex 4.62741 13.3659 0
    endloop
  endfacet
  facet normal 0.231441 0.972849 -0
    outer loop
      vertex 4.86122 13.3312 0
      vertex 4.75151 13.3573 0.599999
      vertex 4.86122 13.3312 0.599999
    endloop
  endfacet
  facet normal 0.231441 0.972849 0
    outer loop
      vertex 4.75151 13.3573 0.599999
      vertex 4.86122 13.3312 0
      vertex 4.75151 13.3573 0
    endloop
  endfacet
  facet normal 0.414342 0.910121 -0
    outer loop
      vertex 4.95655 13.2878 0
      vertex 4.86122 13.3312 0.599999
      vertex 4.95655 13.2878 0.599999
    endloop
  endfacet
  facet normal 0.414342 0.910121 0
    outer loop
      vertex 4.86122 13.3312 0.599999
      vertex 4.95655 13.2878 0
      vertex 4.86122 13.3312 0
    endloop
  endfacet
  facet normal 0.599826 0.80013 -0
    outer loop
      vertex 5.03752 13.2271 0
      vertex 4.95655 13.2878 0.599999
      vertex 5.03752 13.2271 0.599999
    endloop
  endfacet
  facet normal 0.599826 0.80013 0
    outer loop
      vertex 4.95655 13.2878 0.599999
      vertex 5.03752 13.2271 0
      vertex 4.95655 13.2878 0
    endloop
  endfacet
  facet normal 0.764178 0.645006 0
    outer loop
      vertex 5.10209 13.1506 0.599999
      vertex 5.03752 13.2271 0
      vertex 5.03752 13.2271 0.599999
    endloop
  endfacet
  facet normal 0.764178 0.645006 0
    outer loop
      vertex 5.03752 13.2271 0
      vertex 5.10209 13.1506 0.599999
      vertex 5.10209 13.1506 0
    endloop
  endfacet
  facet normal 0.891217 0.453577 0
    outer loop
      vertex 5.1482 13.06 0.599999
      vertex 5.10209 13.1506 0
      vertex 5.10209 13.1506 0.599999
    endloop
  endfacet
  facet normal 0.891217 0.453577 0
    outer loop
      vertex 5.10209 13.1506 0
      vertex 5.1482 13.06 0.599999
      vertex 5.1482 13.06 0
    endloop
  endfacet
  facet normal 0.966784 0.255593 0
    outer loop
      vertex 5.17588 12.9553 0.599999
      vertex 5.1482 13.06 0
      vertex 5.1482 13.06 0.599999
    endloop
  endfacet
  facet normal 0.966784 0.255593 0
    outer loop
      vertex 5.1482 13.06 0
      vertex 5.17588 12.9553 0.599999
      vertex 5.17588 12.9553 0
    endloop
  endfacet
  facet normal 0.997007 0.0773121 0
    outer loop
      vertex 5.1851 12.8364 0.599999
      vertex 5.17588 12.9553 0
      vertex 5.17588 12.9553 0.599999
    endloop
  endfacet
  facet normal 0.997007 0.0773121 0
    outer loop
      vertex 5.17588 12.9553 0
      vertex 5.1851 12.8364 0.599999
      vertex 5.1851 12.8364 0
    endloop
  endfacet
  facet normal 0.998262 -0.0589283 0
    outer loop
      vertex 5.17974 12.7456 0.599999
      vertex 5.1851 12.8364 0
      vertex 5.1851 12.8364 0.599999
    endloop
  endfacet
  facet normal 0.998262 -0.0589283 0
    outer loop
      vertex 5.1851 12.8364 0
      vertex 5.17974 12.7456 0.599999
      vertex 5.17974 12.7456 0
    endloop
  endfacet
  facet normal 0.983007 -0.183571 0
    outer loop
      vertex 5.16368 12.6596 0.599999
      vertex 5.17974 12.7456 0
      vertex 5.17974 12.7456 0.599999
    endloop
  endfacet
  facet normal 0.983007 -0.183571 0
    outer loop
      vertex 5.17974 12.7456 0
      vertex 5.16368 12.6596 0.599999
      vertex 5.16368 12.6596 0
    endloop
  endfacet
  facet normal 0.9495 -0.313768 0
    outer loop
      vertex 5.13688 12.5785 0.599999
      vertex 5.16368 12.6596 0
      vertex 5.16368 12.6596 0.599999
    endloop
  endfacet
  facet normal 0.9495 -0.313768 0
    outer loop
      vertex 5.16368 12.6596 0
      vertex 5.13688 12.5785 0.599999
      vertex 5.13688 12.5785 0
    endloop
  endfacet
  facet normal 0.897235 -0.441553 0
    outer loop
      vertex 5.09938 12.5023 0.599999
      vertex 5.13688 12.5785 0
      vertex 5.13688 12.5785 0.599999
    endloop
  endfacet
  facet normal 0.897235 -0.441553 0
    outer loop
      vertex 5.13688 12.5785 0
      vertex 5.09938 12.5023 0.599999
      vertex 5.09938 12.5023 0
    endloop
  endfacet
  facet normal 0.845046 -0.534694 0
    outer loop
      vertex 5.05319 12.4293 0.599999
      vertex 5.09938 12.5023 0
      vertex 5.09938 12.5023 0.599999
    endloop
  endfacet
  facet normal 0.845046 -0.534694 0
    outer loop
      vertex 5.09938 12.5023 0
      vertex 5.05319 12.4293 0.599999
      vertex 5.05319 12.4293 0
    endloop
  endfacet
  facet normal 0.803475 -0.595338 0
    outer loop
      vertex 5.00036 12.358 0.599999
      vertex 5.05319 12.4293 0
      vertex 5.05319 12.4293 0.599999
    endloop
  endfacet
  facet normal 0.803475 -0.595338 0
    outer loop
      vertex 5.05319 12.4293 0
      vertex 5.00036 12.358 0.599999
      vertex 5.00036 12.358 0
    endloop
  endfacet
  facet normal 0.761132 -0.648598 0
    outer loop
      vertex 4.94088 12.2882 0.599999
      vertex 5.00036 12.358 0
      vertex 5.00036 12.358 0.599999
    endloop
  endfacet
  facet normal 0.761132 -0.648598 0
    outer loop
      vertex 5.00036 12.358 0
      vertex 4.94088 12.2882 0.599999
      vertex 4.94088 12.2882 0
    endloop
  endfacet
  facet normal 0.717513 -0.696546 0
    outer loop
      vertex 4.87477 12.2201 0.599999
      vertex 4.94088 12.2882 0
      vertex 4.94088 12.2882 0.599999
    endloop
  endfacet
  facet normal 0.717513 -0.696546 0
    outer loop
      vertex 4.94088 12.2882 0
      vertex 4.87477 12.2201 0.599999
      vertex 4.87477 12.2201 0
    endloop
  endfacet
  facet normal 0.684653 -0.72887 0
    outer loop
      vertex 4.80323 12.1529 0
      vertex 4.87477 12.2201 0.599999
      vertex 4.80323 12.1529 0.599999
    endloop
  endfacet
  facet normal 0.684653 -0.72887 0
    outer loop
      vertex 4.87477 12.2201 0.599999
      vertex 4.80323 12.1529 0
      vertex 4.87477 12.2201 0
    endloop
  endfacet
  facet normal 0.664229 -0.747529 0
    outer loop
      vertex 4.72749 12.0856 0
      vertex 4.80323 12.1529 0.599999
      vertex 4.72749 12.0856 0.599999
    endloop
  endfacet
  facet normal 0.664229 -0.747529 0
    outer loop
      vertex 4.80323 12.1529 0.599999
      vertex 4.72749 12.0856 0
      vertex 4.80323 12.1529 0
    endloop
  endfacet
  facet normal 0.643381 -0.765546 0
    outer loop
      vertex 4.64753 12.0184 0
      vertex 4.72749 12.0856 0.599999
      vertex 4.64753 12.0184 0.599999
    endloop
  endfacet
  facet normal 0.643381 -0.765546 0
    outer loop
      vertex 4.72749 12.0856 0.599999
      vertex 4.64753 12.0184 0
      vertex 4.72749 12.0856 0
    endloop
  endfacet
  facet normal 0.624582 -0.780959 0
    outer loop
      vertex 4.56338 11.9511 0
      vertex 4.64753 12.0184 0.599999
      vertex 4.56338 11.9511 0.599999
    endloop
  endfacet
  facet normal 0.624582 -0.780959 0
    outer loop
      vertex 4.64753 12.0184 0.599999
      vertex 4.56338 11.9511 0
      vertex 4.64753 12.0184 0
    endloop
  endfacet
  facet normal 0.622108 -0.782932 0
    outer loop
      vertex 4.47692 11.8824 0
      vertex 4.56338 11.9511 0.599999
      vertex 4.47692 11.8824 0.599999
    endloop
  endfacet
  facet normal 0.622108 -0.782932 0
    outer loop
      vertex 4.56338 11.9511 0.599999
      vertex 4.47692 11.8824 0
      vertex 4.56338 11.9511 0
    endloop
  endfacet
  facet normal 0.635539 -0.772069 0
    outer loop
      vertex 4.39006 11.8109 0
      vertex 4.47692 11.8824 0.599999
      vertex 4.39006 11.8109 0.599999
    endloop
  endfacet
  facet normal 0.635539 -0.772069 0
    outer loop
      vertex 4.47692 11.8824 0.599999
      vertex 4.39006 11.8109 0
      vertex 4.47692 11.8824 0
    endloop
  endfacet
  facet normal 0.648721 -0.761026 0
    outer loop
      vertex 4.30278 11.7365 0
      vertex 4.39006 11.8109 0.599999
      vertex 4.30278 11.7365 0.599999
    endloop
  endfacet
  facet normal 0.648721 -0.761026 0
    outer loop
      vertex 4.39006 11.8109 0.599999
      vertex 4.30278 11.7365 0
      vertex 4.39006 11.8109 0
    endloop
  endfacet
  facet normal 0.661225 -0.750187 0
    outer loop
      vertex 4.21508 11.6592 0
      vertex 4.30278 11.7365 0.599999
      vertex 4.21508 11.6592 0.599999
    endloop
  endfacet
  facet normal 0.661225 -0.750187 0
    outer loop
      vertex 4.30278 11.7365 0.599999
      vertex 4.21508 11.6592 0
      vertex 4.30278 11.7365 0
    endloop
  endfacet
  facet normal 0.681597 -0.731727 0
    outer loop
      vertex 4.12823 11.5783 0
      vertex 4.21508 11.6592 0.599999
      vertex 4.12823 11.5783 0.599999
    endloop
  endfacet
  facet normal 0.681597 -0.731727 0
    outer loop
      vertex 4.21508 11.6592 0.599999
      vertex 4.12823 11.5783 0
      vertex 4.21508 11.6592 0
    endloop
  endfacet
  facet normal 0.710336 -0.703863 0
    outer loop
      vertex 4.04341 11.4927 0.599999
      vertex 4.12823 11.5783 0
      vertex 4.12823 11.5783 0.599999
    endloop
  endfacet
  facet normal 0.710336 -0.703863 0
    outer loop
      vertex 4.12823 11.5783 0
      vertex 4.04341 11.4927 0.599999
      vertex 4.04341 11.4927 0
    endloop
  endfacet
  facet normal 0.736639 -0.676287 0
    outer loop
      vertex 3.9606 11.4025 0.599999
      vertex 4.04341 11.4927 0
      vertex 4.04341 11.4927 0.599999
    endloop
  endfacet
  facet normal 0.736639 -0.676287 0
    outer loop
      vertex 4.04341 11.4927 0
      vertex 3.9606 11.4025 0.599999
      vertex 3.9606 11.4025 0
    endloop
  endfacet
  facet normal 0.761186 -0.648534 0
    outer loop
      vertex 3.87983 11.3077 0.599999
      vertex 3.9606 11.4025 0
      vertex 3.9606 11.4025 0.599999
    endloop
  endfacet
  facet normal 0.761186 -0.648534 0
    outer loop
      vertex 3.9606 11.4025 0
      vertex 3.87983 11.3077 0.599999
      vertex 3.87983 11.3077 0
    endloop
  endfacet
  facet normal 0.79585 -0.605494 0
    outer loop
      vertex 3.80314 11.2069 0.599999
      vertex 3.87983 11.3077 0
      vertex 3.87983 11.3077 0.599999
    endloop
  endfacet
  facet normal 0.79585 -0.605494 0
    outer loop
      vertex 3.87983 11.3077 0
      vertex 3.80314 11.2069 0.599999
      vertex 3.80314 11.2069 0
    endloop
  endfacet
  facet normal 0.837718 -0.546103 0
    outer loop
      vertex 3.73254 11.0986 0.599999
      vertex 3.80314 11.2069 0
      vertex 3.80314 11.2069 0.599999
    endloop
  endfacet
  facet normal 0.837718 -0.546103 0
    outer loop
      vertex 3.80314 11.2069 0
      vertex 3.73254 11.0986 0.599999
      vertex 3.73254 11.0986 0
    endloop
  endfacet
  facet normal 0.873687 -0.486488 0
    outer loop
      vertex 3.66806 10.9828 0.599999
      vertex 3.73254 11.0986 0
      vertex 3.73254 11.0986 0.599999
    endloop
  endfacet
  facet normal 0.873687 -0.486488 0
    outer loop
      vertex 3.73254 11.0986 0
      vertex 3.66806 10.9828 0.599999
      vertex 3.66806 10.9828 0
    endloop
  endfacet
  facet normal 0.903675 -0.428219 0
    outer loop
      vertex 3.60968 10.8596 0.599999
      vertex 3.66806 10.9828 0
      vertex 3.66806 10.9828 0.599999
    endloop
  endfacet
  facet normal 0.903675 -0.428219 0
    outer loop
      vertex 3.66806 10.9828 0
      vertex 3.60968 10.8596 0.599999
      vertex 3.60968 10.8596 0
    endloop
  endfacet
  facet normal 1 -0 0
    outer loop
      vertex 3.60968 10.584 0.599999
      vertex 3.60968 10.8596 0
      vertex 3.60968 10.8596 0.599999
    endloop
  endfacet
  facet normal 1 0 0
    outer loop
      vertex 3.60968 10.8596 0
      vertex 3.60968 10.584 0.599999
      vertex 3.60968 10.584 0
    endloop
  endfacet
  facet normal 0 1 -0
    outer loop
      vertex 5.63429 10.584 0
      vertex 3.60968 10.584 0.599999
      vertex 5.63429 10.584 0.599999
    endloop
  endfacet
  facet normal 0 1 0
    outer loop
      vertex 3.60968 10.584 0.599999
      vertex 5.63429 10.584 0
      vertex 3.60968 10.584 0
    endloop
  endfacet
  facet normal -1 0 0
    outer loop
      vertex 5.63429 10.584 0
      vertex 5.63429 10.916 0.599999
      vertex 5.63429 10.916 0
    endloop
  endfacet
  facet normal -1 -0 0
    outer loop
      vertex 5.63429 10.916 0.599999
      vertex 5.63429 10.584 0
      vertex 5.63429 10.584 0.599999
    endloop
  endfacet
  facet normal 0 -1 0
    outer loop
      vertex 7.31033 10.916 0
      vertex 8.05462 10.916 0.599999
      vertex 7.31033 10.916 0.599999
    endloop
  endfacet
  facet normal 0 -1 -0
    outer loop
      vertex 8.05462 10.916 0.599999
      vertex 7.31033 10.916 0
      vertex 8.05462 10.916 0
    endloop
  endfacet
  facet normal -1 0 0
    outer loop
      vertex 7.31033 10.916 0
      vertex 7.31033 13.6415 0.599999
      vertex 7.31033 13.6415 0
    endloop
  endfacet
  facet normal -1 -0 0
    outer loop
      vertex 7.31033 13.6415 0.599999
      vertex 7.31033 10.916 0
      vertex 7.31033 10.916 0.599999
    endloop
  endfacet
  facet normal 0 -1 0
    outer loop
      vertex 6.9501 13.6415 0
      vertex 7.31033 13.6415 0.599999
      vertex 6.9501 13.6415 0.599999
    endloop
  endfacet
  facet normal 0 -1 -0
    outer loop
      vertex 7.31033 13.6415 0.599999
      vertex 6.9501 13.6415 0
      vertex 7.31033 13.6415 0
    endloop
  endfacet
  facet normal 0.5666 -0.823993 0
    outer loop
      vertex 6.22747 13.1446 0
      vertex 6.9501 13.6415 0.599999
      vertex 6.22747 13.1446 0.599999
    endloop
  endfacet
  facet normal 0.5666 -0.823993 0
    outer loop
      vertex 6.9501 13.6415 0.599999
      vertex 6.22747 13.1446 0
      vertex 6.9501 13.6415 0
    endloop
  endfacet
  facet normal 1 -0 0
    outer loop
      vertex 6.22747 12.7757 0.599999
      vertex 6.22747 13.1446 0
      vertex 6.22747 13.1446 0.599999
    endloop
  endfacet
  facet normal 1 0 0
    outer loop
      vertex 6.22747 13.1446 0
      vertex 6.22747 12.7757 0.599999
      vertex 6.22747 12.7757 0
    endloop
  endfacet
  facet normal -0.581009 0.813897 0
    outer loop
      vertex 6.91752 13.2683 0
      vertex 6.22747 12.7757 0.599999
      vertex 6.91752 13.2683 0.599999
    endloop
  endfacet
  facet normal -0.581009 0.813897 0
    outer loop
      vertex 6.22747 12.7757 0.599999
      vertex 6.91752 13.2683 0
      vertex 6.22747 12.7757 0
    endloop
  endfacet
  facet normal 1 -0 0
    outer loop
      vertex 6.91752 10.916 0.599999
      vertex 6.91752 13.2683 0
      vertex 6.91752 13.2683 0.599999
    endloop
  endfacet
  facet normal 1 0 0
    outer loop
      vertex 6.91752 13.2683 0
      vertex 6.91752 10.916 0.599999
      vertex 6.91752 10.916 0
    endloop
  endfacet
  facet normal 0 -1 0
    outer loop
      vertex 6.13852 10.916 0
      vertex 6.91752 10.916 0.599999
      vertex 6.13852 10.916 0.599999
    endloop
  endfacet
  facet normal 0 -1 -0
    outer loop
      vertex 6.91752 10.916 0.599999
      vertex 6.13852 10.916 0
      vertex 6.91752 10.916 0
    endloop
  endfacet
  facet normal 1 -0 0
    outer loop
      vertex 6.13852 10.584 0.599999
      vertex 6.13852 10.916 0
      vertex 6.13852 10.916 0.599999
    endloop
  endfacet
  facet normal 1 0 0
    outer loop
      vertex 6.13852 10.916 0
      vertex 6.13852 10.584 0.599999
      vertex 6.13852 10.584 0
    endloop
  endfacet
  facet normal 0 1 -0
    outer loop
      vertex 8.05462 10.584 0
      vertex 6.13852 10.584 0.599999
      vertex 8.05462 10.584 0.599999
    endloop
  endfacet
  facet normal 0 1 0
    outer loop
      vertex 6.13852 10.584 0.599999
      vertex 8.05462 10.584 0
      vertex 6.13852 10.584 0
    endloop
  endfacet
  facet normal -1 0 0
    outer loop
      vertex 8.05462 10.584 0
      vertex 8.05462 10.916 0.599999
      vertex 8.05462 10.916 0
    endloop
  endfacet
  facet normal -1 -0 0
    outer loop
      vertex 8.05462 10.916 0.599999
      vertex 8.05462 10.584 0
      vertex 8.05462 10.584 0.599999
    endloop
  endfacet
  facet normal 1 -0 0
    outer loop
      vertex 11.6 27.2 9.2
      vertex 11.6 51.9 0
      vertex 11.6 51.9 9.2
    endloop
  endfacet
  facet normal 1 0 0
    outer loop
      vertex 11.6 51.9 0
      vertex 11.6 27.2 9.2
      vertex 11.6 27.2 0
    endloop
  endfacet
  facet normal 0 1 -0
    outer loop
      vertex 11.6 51.9 0
      vertex 0 51.9 9.2
      vertex 11.6 51.9 9.2
    endloop
  endfacet
  facet normal 0 1 0
    outer loop
      vertex 0 51.9 9.2
      vertex 11.6 51.9 0
      vertex 0 51.9 0
    endloop
  endfacet
  facet normal 0 -1 0
    outer loop
      vertex 0 27.2 0
      vertex 11.6 27.2 9.2
      vertex 0 27.2 9.2
    endloop
  endfacet
  facet normal 0 -1 -0
    outer loop
      vertex 11.6 27.2 9.2
      vertex 0 27.2 0
      vertex 11.6 27.2 0
    endloop
  endfacet
  facet normal -1 0 0
    outer loop
      vertex 10.01 28.8 1.2
      vertex 10.01 50.3 9.2
      vertex 10.01 50.3 1.2
    endloop
  endfacet
  facet normal -1 -0 0
    outer loop
      vertex 10.01 50.3 9.2
      vertex 10.01 28.8 1.2
      vertex 10.01 28.8 9.2
    endloop
  endfacet
  facet normal -0 0 1
    outer loop
      vertex 0 50.3 1.2
      vertex 10.01 28.8 1.2
      vertex 10.01 50.3 1.2
    endloop
  endfacet
  facet normal 0 0 1
    outer loop
      vertex 10.01 28.8 1.2
      vertex 0 50.3 1.2
      vertex 0 28.8 1.2
    endloop
  endfacet
  facet normal 0 -1 0
    outer loop
      vertex 0 50.3 1.2
      vertex 10.01 50.3 9.2
      vertex 0 50.3 9.2
    endloop
  endfacet
  facet normal 0 -1 -0
    outer loop
      vertex 10.01 50.3 9.2
      vertex 0 50.3 1.2
      vertex 10.01 50.3 1.2
    endloop
  endfacet
  facet normal 0 1 -0
    outer loop
      vertex 10.01 28.8 1.2
      vertex 0 28.8 9.2
      vertex 10.01 28.8 9.2
    endloop
  endfacet
  facet normal 0 1 0
    outer loop
      vertex 0 28.8 9.2
      vertex 10.01 28.8 1.2
      vertex 0 28.8 1.2
    endloop
  endfacet
  facet normal 0 0 -1
    outer loop
      vertex 3.82443 38.056 0.599999
      vertex 2.22949 38.388 0.599999
      vertex 3.82443 38.388 0.599999
    endloop
  endfacet
  facet normal 0 0 -1
    outer loop
      vertex 2.3735 38.6226 0.599999
      vertex 2.06997 38.7797 0.599999
      vertex 2.15074 38.8745 0.599999
    endloop
  endfacet
  facet normal 0 0 -1
    outer loop
      vertex 2.26719 38.4647 0.599999
      vertex 1.99328 38.6789 0.599999
      vertex 2.06997 38.7797 0.599999
    endloop
  endfacet
  facet normal 0 0 -1
    outer loop
      vertex 2.26719 38.4647 0.599999
      vertex 1.9227 38.5706 0.599999
      vertex 1.99328 38.6789 0.599999
    endloop
  endfacet
  facet normal 0 0 -1
    outer loop
      vertex 2.22949 38.388 0.599999
      vertex 1.8582 38.4548 0.599999
      vertex 1.9227 38.5706 0.599999
    endloop
  endfacet
  facet normal 0 0 -1
    outer loop
      vertex 1.79982 38.056 0.599999
      vertex 2.22949 38.388 0.599999
      vertex 3.82443 38.056 0.599999
    endloop
  endfacet
  facet normal 0 0 -1
    outer loop
      vertex 1.79982 38.3316 0.599999
      vertex 2.22949 38.388 0.599999
      vertex 1.79982 38.056 0.599999
    endloop
  endfacet
  facet normal -0 0 -1
    outer loop
      vertex 2.22949 38.388 0.599999
      vertex 1.79982 38.3316 0.599999
      vertex 1.8582 38.4548 0.599999
    endloop
  endfacet
  facet normal 0 0 -1
    outer loop
      vertex 3.37524 40.3084 0.599999
      vertex 3.77668 40.3215 0.599999
      vertex 3.7716 40.2326 0.599999
    endloop
  endfacet
  facet normal 0 0 -1
    outer loop
      vertex 3.36988 40.2176 0.599999
      vertex 3.7716 40.2326 0.599999
      vertex 3.75634 40.1441 0.599999
    endloop
  endfacet
  facet normal 0 0 -1
    outer loop
      vertex 3.36988 40.2176 0.599999
      vertex 3.75634 40.1441 0.599999
      vertex 3.73091 40.0558 0.599999
    endloop
  endfacet
  facet normal 0 0 -1
    outer loop
      vertex 3.36602 40.4273 0.599999
      vertex 3.77668 40.3215 0.599999
      vertex 3.37524 40.3084 0.599999
    endloop
  endfacet
  facet normal 0 0 -1
    outer loop
      vertex 3.35382 40.1316 0.599999
      vertex 3.73091 40.0558 0.599999
      vertex 3.69531 39.9678 0.599999
    endloop
  endfacet
  facet normal 0 0 -1
    outer loop
      vertex 3.32702 40.0505 0.599999
      vertex 3.69531 39.9678 0.599999
      vertex 3.64967 39.8799 0.599999
    endloop
  endfacet
  facet normal 0 0 -1
    outer loop
      vertex 3.77668 40.3215 0.599999
      vertex 3.36602 40.4273 0.599999
      vertex 3.76115 40.5107 0.599999
    endloop
  endfacet
  facet normal 0 0 -1
    outer loop
      vertex 3.32702 40.0505 0.599999
      vertex 3.64967 39.8799 0.599999
      vertex 3.59414 39.792 0.599999
    endloop
  endfacet
  facet normal 0 0 -1
    outer loop
      vertex 3.28952 39.9743 0.599999
      vertex 3.59414 39.792 0.599999
      vertex 3.5287 39.7041 0.599999
    endloop
  endfacet
  facet normal -0 0 -1
    outer loop
      vertex 3.7716 40.2326 0.599999
      vertex 3.36988 40.2176 0.599999
      vertex 3.37524 40.3084 0.599999
    endloop
  endfacet
  facet normal 0 0 -1
    outer loop
      vertex 3.24333 39.9013 0.599999
      vertex 3.5287 39.7041 0.599999
      vertex 3.45337 39.6162 0.599999
    endloop
  endfacet
  facet normal 0 0 -1
    outer loop
      vertex 3.76115 40.5107 0.599999
      vertex 3.33834 40.532 0.599999
      vertex 3.71457 40.6771 0.599999
    endloop
  endfacet
  facet normal -0 0 -1
    outer loop
      vertex 3.71457 40.6771 0.599999
      vertex 3.33834 40.532 0.599999
      vertex 3.63691 40.8205 0.599999
    endloop
  endfacet
  facet normal 0 0 -1
    outer loop
      vertex 3.33834 40.532 0.599999
      vertex 3.76115 40.5107 0.599999
      vertex 3.36602 40.4273 0.599999
    endloop
  endfacet
  facet normal 0 0 -1
    outer loop
      vertex 3.13102 39.7603 0.599999
      vertex 3.45337 39.6162 0.599999
      vertex 3.35476 39.5163 0.599999
    endloop
  endfacet
  facet normal 0 0 -1
    outer loop
      vertex 3.73091 40.0558 0.599999
      vertex 3.35382 40.1316 0.599999
      vertex 3.36988 40.2176 0.599999
    endloop
  endfacet
  facet normal 0 0 -1
    outer loop
      vertex 3.69531 39.9678 0.599999
      vertex 3.32702 40.0505 0.599999
      vertex 3.35382 40.1316 0.599999
    endloop
  endfacet
  facet normal 0 0 -1
    outer loop
      vertex 3.59414 39.792 0.599999
      vertex 3.28952 39.9743 0.599999
      vertex 3.32702 40.0505 0.599999
    endloop
  endfacet
  facet normal 0 0 -1
    outer loop
      vertex 3.5287 39.7041 0.599999
      vertex 3.24333 39.9013 0.599999
      vertex 3.28952 39.9743 0.599999
    endloop
  endfacet
  facet normal 0 0 -1
    outer loop
      vertex 3.06491 39.6922 0.599999
      vertex 3.35476 39.5163 0.599999
      vertex 3.21954 39.3922 0.599999
    endloop
  endfacet
  facet normal 0 0 -1
    outer loop
      vertex 3.45337 39.6162 0.599999
      vertex 3.1905 39.83 0.599999
      vertex 3.24333 39.9013 0.599999
    endloop
  endfacet
  facet normal 0 0 -1
    outer loop
      vertex 3.45337 39.6162 0.599999
      vertex 3.13102 39.7603 0.599999
      vertex 3.1905 39.83 0.599999
    endloop
  endfacet
  facet normal 0 0 -1
    outer loop
      vertex 3.35476 39.5163 0.599999
      vertex 3.06491 39.6922 0.599999
      vertex 3.13102 39.7603 0.599999
    endloop
  endfacet
  facet normal 0 0 -1
    outer loop
      vertex 2.91763 39.5576 0.599999
      vertex 3.21954 39.3922 0.599999
      vertex 3.04771 39.2439 0.599999
    endloop
  endfacet
  facet normal 0 0 -1
    outer loop
      vertex 3.21954 39.3922 0.599999
      vertex 2.99337 39.6249 0.599999
      vertex 3.06491 39.6922 0.599999
    endloop
  endfacet
  facet normal 0 0 -1
    outer loop
      vertex 3.21954 39.3922 0.599999
      vertex 2.91763 39.5576 0.599999
      vertex 2.99337 39.6249 0.599999
    endloop
  endfacet
  facet normal 0 0 -1
    outer loop
      vertex 2.75352 39.4231 0.599999
      vertex 3.04771 39.2439 0.599999
      vertex 2.83924 39.0716 0.599999
    endloop
  endfacet
  facet normal 0 0 -1
    outer loop
      vertex 3.04771 39.2439 0.599999
      vertex 2.83767 39.4904 0.599999
      vertex 2.91763 39.5576 0.599999
    endloop
  endfacet
  facet normal 0 0 -1
    outer loop
      vertex 3.04771 39.2439 0.599999
      vertex 2.75352 39.4231 0.599999
      vertex 2.83767 39.4904 0.599999
    endloop
  endfacet
  facet normal 0 0 -1
    outer loop
      vertex 2.5802 39.2829 0.599999
      vertex 2.83924 39.0716 0.599999
      vertex 2.72084 38.9721 0.599999
    endloop
  endfacet
  facet normal 0 0 -1
    outer loop
      vertex 2.83924 39.0716 0.599999
      vertex 2.66706 39.3544 0.599999
      vertex 2.75352 39.4231 0.599999
    endloop
  endfacet
  facet normal 0 0 -1
    outer loop
      vertex 2.49292 39.2085 0.599999
      vertex 2.72084 38.9721 0.599999
      vertex 2.61518 38.8776 0.599999
    endloop
  endfacet
  facet normal 0 0 -1
    outer loop
      vertex 2.83924 39.0716 0.599999
      vertex 2.5802 39.2829 0.599999
      vertex 2.66706 39.3544 0.599999
    endloop
  endfacet
  facet normal 0 0 -1
    outer loop
      vertex 2.31837 39.0503 0.599999
      vertex 2.61518 38.8776 0.599999
      vertex 2.52227 38.7882 0.599999
    endloop
  endfacet
  facet normal 0 0 -1
    outer loop
      vertex 2.72084 38.9721 0.599999
      vertex 2.49292 39.2085 0.599999
      vertex 2.5802 39.2829 0.599999
    endloop
  endfacet
  facet normal 0 0 -1
    outer loop
      vertex 2.23355 38.9647 0.599999
      vertex 2.52227 38.7882 0.599999
      vertex 2.44213 38.7037 0.599999
    endloop
  endfacet
  facet normal 0 0 -1
    outer loop
      vertex 2.61518 38.8776 0.599999
      vertex 2.40524 39.1312 0.599999
      vertex 2.49292 39.2085 0.599999
    endloop
  endfacet
  facet normal 0 0 -1
    outer loop
      vertex 2.15074 38.8745 0.599999
      vertex 2.44213 38.7037 0.599999
      vertex 2.3735 38.6226 0.599999
    endloop
  endfacet
  facet normal 0 0 -1
    outer loop
      vertex 2.61518 38.8776 0.599999
      vertex 2.31837 39.0503 0.599999
      vertex 2.40524 39.1312 0.599999
    endloop
  endfacet
  facet normal 0 0 -1
    outer loop
      vertex 2.06997 38.7797 0.599999
      vertex 2.3735 38.6226 0.599999
      vertex 2.3152 38.5429 0.599999
    endloop
  endfacet
  facet normal 0 0 -1
    outer loop
      vertex 2.06997 38.7797 0.599999
      vertex 2.3152 38.5429 0.599999
      vertex 2.26719 38.4647 0.599999
    endloop
  endfacet
  facet normal 0 0 -1
    outer loop
      vertex 2.52227 38.7882 0.599999
      vertex 2.23355 38.9647 0.599999
      vertex 2.31837 39.0503 0.599999
    endloop
  endfacet
  facet normal 0 0 -1
    outer loop
      vertex 1.9227 38.5706 0.599999
      vertex 2.26719 38.4647 0.599999
      vertex 2.22949 38.388 0.599999
    endloop
  endfacet
  facet normal 0 0 -1
    outer loop
      vertex 2.44213 38.7037 0.599999
      vertex 2.15074 38.8745 0.599999
      vertex 2.23355 38.9647 0.599999
    endloop
  endfacet
  facet normal 0 0 -1
    outer loop
      vertex 3.29223 40.6226 0.599999
      vertex 3.63691 40.8205 0.599999
      vertex 3.33834 40.532 0.599999
    endloop
  endfacet
  facet normal -0 0 -1
    outer loop
      vertex 3.63691 40.8205 0.599999
      vertex 3.29223 40.6226 0.599999
      vertex 3.52821 40.941 0.599999
    endloop
  endfacet
  facet normal 0 0 -1
    outer loop
      vertex 3.22766 40.6991 0.599999
      vertex 3.52821 40.941 0.599999
      vertex 3.29223 40.6226 0.599999
    endloop
  endfacet
  facet normal -0 0 -1
    outer loop
      vertex 3.52821 40.941 0.599999
      vertex 3.22766 40.6991 0.599999
      vertex 3.39062 41.0364 0.599999
    endloop
  endfacet
  facet normal 0 0 -1
    outer loop
      vertex 3.14669 40.7598 0.599999
      vertex 3.39062 41.0364 0.599999
      vertex 3.22766 40.6991 0.599999
    endloop
  endfacet
  facet normal -0 0 -1
    outer loop
      vertex 3.39062 41.0364 0.599999
      vertex 3.14669 40.7598 0.599999
      vertex 3.22631 41.1046 0.599999
    endloop
  endfacet
  facet normal 0 0 -1
    outer loop
      vertex 3.05136 40.8032 0.599999
      vertex 3.22631 41.1046 0.599999
      vertex 3.14669 40.7598 0.599999
    endloop
  endfacet
  facet normal 0 0 -1
    outer loop
      vertex 3.05136 40.8032 0.599999
      vertex 3.03529 41.1455 0.599999
      vertex 3.22631 41.1046 0.599999
    endloop
  endfacet
  facet normal 0 0 -1
    outer loop
      vertex 2.94165 40.8293 0.599999
      vertex 3.03529 41.1455 0.599999
      vertex 3.05136 40.8032 0.599999
    endloop
  endfacet
  facet normal 0 0 -1
    outer loop
      vertex 2.81755 41.1591 0.599999
      vertex 2.94165 40.8293 0.599999
      vertex 2.81755 40.8379 0.599999
    endloop
  endfacet
  facet normal 0 0 -1
    outer loop
      vertex 2.94165 40.8293 0.599999
      vertex 2.81755 41.1591 0.599999
      vertex 3.03529 41.1455 0.599999
    endloop
  endfacet
  facet normal 0 0 -1
    outer loop
      vertex 2.69827 40.8295 0.599999
      vertex 2.81755 41.1591 0.599999
      vertex 2.81755 40.8379 0.599999
    endloop
  endfacet
  facet normal 0 0 -1
    outer loop
      vertex 2.69827 40.8295 0.599999
      vertex 2.61662 41.1455 0.599999
      vertex 2.81755 41.1591 0.599999
    endloop
  endfacet
  facet normal 0 0 -1
    outer loop
      vertex 2.58996 40.804 0.599999
      vertex 2.61662 41.1455 0.599999
      vertex 2.69827 40.8295 0.599999
    endloop
  endfacet
  facet normal 0 0 -1
    outer loop
      vertex 2.43481 41.1048 0.599999
      vertex 2.58996 40.804 0.599999
      vertex 2.49264 40.7616 0.599999
    endloop
  endfacet
  facet normal 0 0 -1
    outer loop
      vertex 2.58996 40.804 0.599999
      vertex 2.43481 41.1048 0.599999
      vertex 2.61662 41.1455 0.599999
    endloop
  endfacet
  facet normal 0 0 -1
    outer loop
      vertex 2.27212 41.037 0.599999
      vertex 2.49264 40.7616 0.599999
      vertex 2.40632 40.7023 0.599999
    endloop
  endfacet
  facet normal 0 0 -1
    outer loop
      vertex 2.12857 40.9421 0.599999
      vertex 2.40632 40.7023 0.599999
      vertex 2.33383 40.6276 0.599999
    endloop
  endfacet
  facet normal 0 0 -1
    outer loop
      vertex 2.0086 40.8242 0.599999
      vertex 2.33383 40.6276 0.599999
      vertex 2.27803 40.5393 0.599999
    endloop
  endfacet
  facet normal 0 0 -1
    outer loop
      vertex 2.49264 40.7616 0.599999
      vertex 2.27212 41.037 0.599999
      vertex 2.43481 41.1048 0.599999
    endloop
  endfacet
  facet normal 0 0 -1
    outer loop
      vertex 1.91671 40.6876 0.599999
      vertex 2.27803 40.5393 0.599999
      vertex 2.2389 40.4372 0.599999
    endloop
  endfacet
  facet normal 0 0 -1
    outer loop
      vertex 1.8529 40.5324 0.599999
      vertex 2.2389 40.4372 0.599999
      vertex 2.21646 40.3215 0.599999
    endloop
  endfacet
  facet normal 0 0 -1
    outer loop
      vertex 2.40632 40.7023 0.599999
      vertex 2.12857 40.9421 0.599999
      vertex 2.27212 41.037 0.599999
    endloop
  endfacet
  facet normal 0 0 -1
    outer loop
      vertex 2.33383 40.6276 0.599999
      vertex 2.0086 40.8242 0.599999
      vertex 2.12857 40.9421 0.599999
    endloop
  endfacet
  facet normal 0 0 -1
    outer loop
      vertex 2.27803 40.5393 0.599999
      vertex 1.91671 40.6876 0.599999
      vertex 2.0086 40.8242 0.599999
    endloop
  endfacet
  facet normal 0 0 -1
    outer loop
      vertex 2.2389 40.4372 0.599999
      vertex 1.8529 40.5324 0.599999
      vertex 1.91671 40.6876 0.599999
    endloop
  endfacet
  facet normal 0 -0 -1
    outer loop
      vertex 1.8529 40.5324 0.599999
      vertex 2.21646 40.3215 0.599999
      vertex 1.81717 40.3584 0.599999
    endloop
  endfacet
  facet normal 0 0 -1
    outer loop
      vertex 6.24476 38.056 0.599999
      vertex 5.50048 38.388 0.599999
      vertex 6.24476 38.388 0.599999
    endloop
  endfacet
  facet normal 0 0 -1
    outer loop
      vertex 5.10768 40.7403 0.599999
      vertex 5.50048 41.1135 0.599999
      vertex 5.50048 38.388 0.599999
    endloop
  endfacet
  facet normal 0 0 -1
    outer loop
      vertex 5.10768 40.7403 0.599999
      vertex 5.50048 38.388 0.599999
      vertex 5.10768 38.388 0.599999
    endloop
  endfacet
  facet normal 0 0 -1
    outer loop
      vertex 6.24476 38.056 0.599999
      vertex 5.10768 38.388 0.599999
      vertex 5.50048 38.388 0.599999
    endloop
  endfacet
  facet normal 0 0 -1
    outer loop
      vertex 4.32867 38.056 0.599999
      vertex 5.10768 38.388 0.599999
      vertex 6.24476 38.056 0.599999
    endloop
  endfacet
  facet normal -0 0 -1
    outer loop
      vertex 5.10768 38.388 0.599999
      vertex 4.32867 38.056 0.599999
      vertex 4.32867 38.388 0.599999
    endloop
  endfacet
  facet normal -0 0 -1
    outer loop
      vertex 5.50048 41.1135 0.599999
      vertex 5.10768 40.7403 0.599999
      vertex 5.14025 41.1135 0.599999
    endloop
  endfacet
  facet normal 0 0 -1
    outer loop
      vertex 4.41763 40.6166 0.599999
      vertex 5.10768 40.7403 0.599999
      vertex 4.41763 40.2477 0.599999
    endloop
  endfacet
  facet normal -0 0 -1
    outer loop
      vertex 5.10768 40.7403 0.599999
      vertex 4.41763 40.6166 0.599999
      vertex 5.14025 41.1135 0.599999
    endloop
  endfacet
  facet normal 0 0 -1
    outer loop
      vertex 9.8769 38.823 0.599999
      vertex 9.47796 38.8862 0.599999
      vertex 9.48909 39.0434 0.599999
    endloop
  endfacet
  facet normal 0 0 -1
    outer loop
      vertex 9.31114 38.5215 0.599999
      vertex 9.60733 38.2904 0.599999
      vertex 9.44966 38.1688 0.599999
    endloop
  endfacet
  facet normal 0 0 -1
    outer loop
      vertex 9.73312 38.4421 0.599999
      vertex 9.44459 38.7469 0.599999
      vertex 9.47796 38.8862 0.599999
    endloop
  endfacet
  facet normal 0 0 -1
    outer loop
      vertex 9.73312 38.4421 0.599999
      vertex 9.38899 38.6253 0.599999
      vertex 9.44459 38.7469 0.599999
    endloop
  endfacet
  facet normal 0 0 -1
    outer loop
      vertex 9.60733 38.2904 0.599999
      vertex 9.31114 38.5215 0.599999
      vertex 9.38899 38.6253 0.599999
    endloop
  endfacet
  facet normal 0 0 -1
    outer loop
      vertex 9.21362 38.4384 0.599999
      vertex 9.44966 38.1688 0.599999
      vertex 9.2642 38.0821 0.599999
    endloop
  endfacet
  facet normal 0 0 -1
    outer loop
      vertex 9.44966 38.1688 0.599999
      vertex 9.21362 38.4384 0.599999
      vertex 9.31114 38.5215 0.599999
    endloop
  endfacet
  facet normal 0 0 -1
    outer loop
      vertex 9.2642 38.0821 0.599999
      vertex 9.09901 38.3791 0.599999
      vertex 9.21362 38.4384 0.599999
    endloop
  endfacet
  facet normal 0 0 -1
    outer loop
      vertex 9.05093 38.03 0.599999
      vertex 9.09901 38.3791 0.599999
      vertex 9.2642 38.0821 0.599999
    endloop
  endfacet
  facet normal 0 0 -1
    outer loop
      vertex 9.05093 38.03 0.599999
      vertex 8.96733 38.3435 0.599999
      vertex 9.09901 38.3791 0.599999
    endloop
  endfacet
  facet normal 0 0 -1
    outer loop
      vertex 8.80986 38.0126 0.599999
      vertex 8.96733 38.3435 0.599999
      vertex 9.05093 38.03 0.599999
    endloop
  endfacet
  facet normal 0 0 -1
    outer loop
      vertex 8.96733 38.3435 0.599999
      vertex 8.80986 38.0126 0.599999
      vertex 8.81855 38.3316 0.599999
    endloop
  endfacet
  facet normal 0 0 -1
    outer loop
      vertex 8.60641 38.0243 0.599999
      vertex 8.81855 38.3316 0.599999
      vertex 8.80986 38.0126 0.599999
    endloop
  endfacet
  facet normal 0 0 -1
    outer loop
      vertex 8.60641 38.0243 0.599999
      vertex 8.58677 38.3599 0.599999
      vertex 8.81855 38.3316 0.599999
    endloop
  endfacet
  facet normal 0 0 -1
    outer loop
      vertex 8.4236 38.0593 0.599999
      vertex 8.58677 38.3599 0.599999
      vertex 8.60641 38.0243 0.599999
    endloop
  endfacet
  facet normal 0 0 -1
    outer loop
      vertex 8.4236 38.0593 0.599999
      vertex 8.40355 38.445 0.599999
      vertex 8.58677 38.3599 0.599999
    endloop
  endfacet
  facet normal 0 0 -1
    outer loop
      vertex 8.26139 38.1176 0.599999
      vertex 8.40355 38.445 0.599999
      vertex 8.4236 38.0593 0.599999
    endloop
  endfacet
  facet normal 0 0 -1
    outer loop
      vertex 8.11981 38.1992 0.599999
      vertex 8.40355 38.445 0.599999
      vertex 8.26139 38.1176 0.599999
    endloop
  endfacet
  facet normal -0 0 -1
    outer loop
      vertex 8.40355 38.445 0.599999
      vertex 8.11981 38.1992 0.599999
      vertex 8.26887 38.5867 0.599999
    endloop
  endfacet
  facet normal 0 0 -1
    outer loop
      vertex 8.00059 38.303 0.599999
      vertex 8.26887 38.5867 0.599999
      vertex 8.11981 38.1992 0.599999
    endloop
  endfacet
  facet normal 0 0 -1
    outer loop
      vertex 7.90553 38.4276 0.599999
      vertex 8.26887 38.5867 0.599999
      vertex 8.00059 38.303 0.599999
    endloop
  endfacet
  facet normal 0 0 -1
    outer loop
      vertex 7.83459 38.5731 0.599999
      vertex 8.26887 38.5867 0.599999
      vertex 7.90553 38.4276 0.599999
    endloop
  endfacet
  facet normal -0 0 -1
    outer loop
      vertex 8.26887 38.5867 0.599999
      vertex 7.83459 38.5731 0.599999
      vertex 8.18275 38.7851 0.599999
    endloop
  endfacet
  facet normal 0 0 -1
    outer loop
      vertex 8.18275 38.7851 0.599999
      vertex 7.83459 38.5731 0.599999
      vertex 7.78781 38.7396 0.599999
    endloop
  endfacet
  facet normal 0 0 -1
    outer loop
      vertex 9.48909 39.0434 0.599999
      vertex 9.89488 39.052 0.599999
      vertex 9.8769 38.823 0.599999
    endloop
  endfacet
  facet normal 0 0 -1
    outer loop
      vertex 9.47789 39.1808 0.599999
      vertex 9.89488 39.052 0.599999
      vertex 9.48909 39.0434 0.599999
    endloop
  endfacet
  facet normal 0 0 -1
    outer loop
      vertex 9.47796 38.8862 0.599999
      vertex 9.8769 38.823 0.599999
      vertex 9.82299 38.6197 0.599999
    endloop
  endfacet
  facet normal 0 0 -1
    outer loop
      vertex 9.89488 39.052 0.599999
      vertex 9.47789 39.1808 0.599999
      vertex 9.87812 39.2547 0.599999
    endloop
  endfacet
  facet normal 0 0 -1
    outer loop
      vertex 9.47796 38.8862 0.599999
      vertex 9.82299 38.6197 0.599999
      vertex 9.73312 38.4421 0.599999
    endloop
  endfacet
  facet normal -0 0 -1
    outer loop
      vertex 9.87812 39.2547 0.599999
      vertex 9.47789 39.1808 0.599999
      vertex 9.82788 39.4372 0.599999
    endloop
  endfacet
  facet normal 0 0 -1
    outer loop
      vertex 9.38899 38.6253 0.599999
      vertex 9.73312 38.4421 0.599999
      vertex 9.60733 38.2904 0.599999
    endloop
  endfacet
  facet normal 0 0 -1
    outer loop
      vertex 9.44432 39.3043 0.599999
      vertex 9.82788 39.4372 0.599999
      vertex 9.47789 39.1808 0.599999
    endloop
  endfacet
  facet normal -0 0 -1
    outer loop
      vertex 9.82788 39.4372 0.599999
      vertex 9.44432 39.3043 0.599999
      vertex 9.74412 39.5997 0.599999
    endloop
  endfacet
  facet normal 0 0 -1
    outer loop
      vertex 9.38838 39.414 0.599999
      vertex 9.74412 39.5997 0.599999
      vertex 9.44432 39.3043 0.599999
    endloop
  endfacet
  facet normal -0 0 -1
    outer loop
      vertex 9.74412 39.5997 0.599999
      vertex 9.38838 39.414 0.599999
      vertex 9.62687 39.7421 0.599999
    endloop
  endfacet
  facet normal 0 0 -1
    outer loop
      vertex 9.31004 39.5099 0.599999
      vertex 9.62687 39.7421 0.599999
      vertex 9.38838 39.414 0.599999
    endloop
  endfacet
  facet normal -0 0 -1
    outer loop
      vertex 9.62687 39.7421 0.599999
      vertex 9.31004 39.5099 0.599999
      vertex 9.48141 39.8579 0.599999
    endloop
  endfacet
  facet normal 0 0 -1
    outer loop
      vertex 9.21273 39.5877 0.599999
      vertex 9.48141 39.8579 0.599999
      vertex 9.31004 39.5099 0.599999
    endloop
  endfacet
  facet normal -0 0 -1
    outer loop
      vertex 9.48141 39.8579 0.599999
      vertex 9.21273 39.5877 0.599999
      vertex 9.31303 39.9406 0.599999
    endloop
  endfacet
  facet normal 0 0 -1
    outer loop
      vertex 9.09983 39.6433 0.599999
      vertex 9.31303 39.9406 0.599999
      vertex 9.21273 39.5877 0.599999
    endloop
  endfacet
  facet normal -0 0 -1
    outer loop
      vertex 9.31303 39.9406 0.599999
      vertex 9.09983 39.6433 0.599999
      vertex 9.12173 39.9903 0.599999
    endloop
  endfacet
  facet normal 0 0 -1
    outer loop
      vertex 8.97132 39.6767 0.599999
      vertex 9.12173 39.9903 0.599999
      vertex 9.09983 39.6433 0.599999
    endloop
  endfacet
  facet normal 0 0 -1
    outer loop
      vertex 8.97132 39.6767 0.599999
      vertex 8.90751 40.0068 0.599999
      vertex 9.12173 39.9903 0.599999
    endloop
  endfacet
  facet normal 0 0 -1
    outer loop
      vertex 8.82722 39.6878 0.599999
      vertex 8.90751 40.0068 0.599999
      vertex 8.97132 39.6767 0.599999
    endloop
  endfacet
  facet normal 0 0 -1
    outer loop
      vertex 8.72645 39.9946 0.599999
      vertex 8.82722 39.6878 0.599999
      vertex 8.74939 39.6847 0.599999
    endloop
  endfacet
  facet normal 0 0 -1
    outer loop
      vertex 8.82722 39.6878 0.599999
      vertex 8.72645 39.9946 0.599999
      vertex 8.90751 40.0068 0.599999
    endloop
  endfacet
  facet normal 0 0 -1
    outer loop
      vertex 8.67424 39.6754 0.599999
      vertex 8.72645 39.9946 0.599999
      vertex 8.74939 39.6847 0.599999
    endloop
  endfacet
  facet normal 0 0 -1
    outer loop
      vertex 8.56086 39.958 0.599999
      vertex 8.67424 39.6754 0.599999
      vertex 8.60182 39.6598 0.599999
    endloop
  endfacet
  facet normal 0 0 -1
    outer loop
      vertex 8.67424 39.6754 0.599999
      vertex 8.56086 39.958 0.599999
      vertex 8.72645 39.9946 0.599999
    endloop
  endfacet
  facet normal 0 0 -1
    outer loop
      vertex 8.41072 39.897 0.599999
      vertex 8.60182 39.6598 0.599999
      vertex 8.53209 39.6379 0.599999
    endloop
  endfacet
  facet normal 0 0 -1
    outer loop
      vertex 8.41072 39.897 0.599999
      vertex 8.53209 39.6379 0.599999
      vertex 8.46374 39.6086 0.599999
    endloop
  endfacet
  facet normal 0 0 -1
    outer loop
      vertex 8.60182 39.6598 0.599999
      vertex 8.41072 39.897 0.599999
      vertex 8.56086 39.958 0.599999
    endloop
  endfacet
  facet normal 0 0 -1
    outer loop
      vertex 8.27603 39.8115 0.599999
      vertex 8.46374 39.6086 0.599999
      vertex 8.39538 39.5707 0.599999
    endloop
  endfacet
  facet normal 0 0 -1
    outer loop
      vertex 8.27603 39.8115 0.599999
      vertex 8.39538 39.5707 0.599999
      vertex 8.32704 39.524 0.599999
    endloop
  endfacet
  facet normal 0 0 -1
    outer loop
      vertex 8.46374 39.6086 0.599999
      vertex 8.27603 39.8115 0.599999
      vertex 8.41072 39.897 0.599999
    endloop
  endfacet
  facet normal 0 -0 -1
    outer loop
      vertex 8.27603 39.8115 0.599999
      vertex 8.32704 39.524 0.599999
      vertex 8.25868 39.4687 0.599999
    endloop
  endfacet
  facet normal 0 0 -1
    outer loop
      vertex 8.33462 40.7815 0.599999
      vertex 9.71693 41.1135 0.599999
      vertex 9.71693 40.7815 0.599999
    endloop
  endfacet
  facet normal 0 0 -1
    outer loop
      vertex 8.33462 40.7815 0.599999
      vertex 7.97874 41.1135 0.599999
      vertex 9.71693 41.1135 0.599999
    endloop
  endfacet
  facet normal 0 0 -1
    outer loop
      vertex 8.27603 39.8115 0.599999
      vertex 7.97874 41.1135 0.599999
      vertex 8.33462 40.7815 0.599999
    endloop
  endfacet
  facet normal 0 0 -1
    outer loop
      vertex 7.87677 39.4687 0.599999
      vertex 8.27603 39.8115 0.599999
      vertex 8.25868 39.4687 0.599999
    endloop
  endfacet
  facet normal -0 0 -1
    outer loop
      vertex 8.27603 39.8115 0.599999
      vertex 7.87677 39.4687 0.599999
      vertex 7.97874 41.1135 0.599999
    endloop
  endfacet
  facet normal 0 0 -1
    outer loop
      vertex 6.80976 38.056 0.599999
      vertex 7.23291 38.5312 0.599999
      vertex 7.23291 38.056 0.599999
    endloop
  endfacet
  facet normal -0 0 -1
    outer loop
      vertex 7.23291 38.5312 0.599999
      vertex 6.80976 38.056 0.599999
      vertex 6.80976 38.5312 0.599999
    endloop
  endfacet
  facet normal 0 -1 0
    outer loop
      vertex 2.22949 38.388 0
      vertex 3.82443 38.388 0.599999
      vertex 2.22949 38.388 0.599999
    endloop
  endfacet
  facet normal 0 -1 -0
    outer loop
      vertex 3.82443 38.388 0.599999
      vertex 2.22949 38.388 0
      vertex 3.82443 38.388 0
    endloop
  endfacet
  facet normal -0.897449 0.441119 0
    outer loop
      vertex 2.22949 38.388 0
      vertex 2.26719 38.4647 0.599999
      vertex 2.26719 38.4647 0
    endloop
  endfacet
  facet normal -0.897449 0.441119 0
    outer loop
      vertex 2.26719 38.4647 0.599999
      vertex 2.22949 38.388 0
      vertex 2.22949 38.388 0.599999
    endloop
  endfacet
  facet normal -0.852208 0.523203 0
    outer loop
      vertex 2.26719 38.4647 0
      vertex 2.3152 38.5429 0.599999
      vertex 2.3152 38.5429 0
    endloop
  endfacet
  facet normal -0.852208 0.523203 0
    outer loop
      vertex 2.3152 38.5429 0.599999
      vertex 2.26719 38.4647 0
      vertex 2.26719 38.4647 0.599999
    endloop
  endfacet
  facet normal -0.807113 0.590397 0
    outer loop
      vertex 2.3152 38.5429 0
      vertex 2.3735 38.6226 0.599999
      vertex 2.3735 38.6226 0
    endloop
  endfacet
  facet normal -0.807113 0.590397 0
    outer loop
      vertex 2.3735 38.6226 0.599999
      vertex 2.3152 38.5429 0
      vertex 2.3152 38.5429 0.599999
    endloop
  endfacet
  facet normal -0.763354 0.64598 0
    outer loop
      vertex 2.3735 38.6226 0
      vertex 2.44213 38.7037 0.599999
      vertex 2.44213 38.7037 0
    endloop
  endfacet
  facet normal -0.763354 0.64598 0
    outer loop
      vertex 2.44213 38.7037 0.599999
      vertex 2.3735 38.6226 0
      vertex 2.3735 38.6226 0.599999
    endloop
  endfacet
  facet normal -0.725578 0.68814 0
    outer loop
      vertex 2.44213 38.7037 0
      vertex 2.52227 38.7882 0.599999
      vertex 2.52227 38.7882 0
    endloop
  endfacet
  facet normal -0.725578 0.68814 0
    outer loop
      vertex 2.52227 38.7882 0.599999
      vertex 2.44213 38.7037 0
      vertex 2.44213 38.7037 0.599999
    endloop
  endfacet
  facet normal -0.693364 0.720587 0
    outer loop
      vertex 2.61518 38.8776 0
      vertex 2.52227 38.7882 0.599999
      vertex 2.61518 38.8776 0.599999
    endloop
  endfacet
  facet normal -0.693364 0.720587 0
    outer loop
      vertex 2.52227 38.7882 0.599999
      vertex 2.61518 38.8776 0
      vertex 2.52227 38.7882 0
    endloop
  endfacet
  facet normal -0.666646 0.745374 0
    outer loop
      vertex 2.72084 38.9721 0
      vertex 2.61518 38.8776 0.599999
      vertex 2.72084 38.9721 0.599999
    endloop
  endfacet
  facet normal -0.666646 0.745374 0
    outer loop
      vertex 2.61518 38.8776 0.599999
      vertex 2.72084 38.9721 0
      vertex 2.61518 38.8776 0
    endloop
  endfacet
  facet normal -0.643359 0.765565 0
    outer loop
      vertex 2.83924 39.0716 0
      vertex 2.72084 38.9721 0.599999
      vertex 2.83924 39.0716 0.599999
    endloop
  endfacet
  facet normal -0.643359 0.765565 0
    outer loop
      vertex 2.72084 38.9721 0.599999
      vertex 2.83924 39.0716 0
      vertex 2.72084 38.9721 0
    endloop
  endfacet
  facet normal -0.63707 0.770806 0
    outer loop
      vertex 3.04771 39.2439 0
      vertex 2.83924 39.0716 0.599999
      vertex 3.04771 39.2439 0.599999
    endloop
  endfacet
  facet normal -0.63707 0.770806 0
    outer loop
      vertex 2.83924 39.0716 0.599999
      vertex 3.04771 39.2439 0
      vertex 2.83924 39.0716 0
    endloop
  endfacet
  facet normal -0.653371 0.757038 0
    outer loop
      vertex 3.21954 39.3922 0
      vertex 3.04771 39.2439 0.599999
      vertex 3.21954 39.3922 0.599999
    endloop
  endfacet
  facet normal -0.653371 0.757038 0
    outer loop
      vertex 3.04771 39.2439 0.599999
      vertex 3.21954 39.3922 0
      vertex 3.04771 39.2439 0
    endloop
  endfacet
  facet normal -0.676164 0.736751 0
    outer loop
      vertex 3.35476 39.5163 0
      vertex 3.21954 39.3922 0.599999
      vertex 3.35476 39.5163 0.599999
    endloop
  endfacet
  facet normal -0.676164 0.736751 0
    outer loop
      vertex 3.21954 39.3922 0.599999
      vertex 3.35476 39.5163 0
      vertex 3.21954 39.3922 0
    endloop
  endfacet
  facet normal -0.711687 0.702497 0
    outer loop
      vertex 3.35476 39.5163 0
      vertex 3.45337 39.6162 0.599999
      vertex 3.45337 39.6162 0
    endloop
  endfacet
  facet normal -0.711687 0.702497 0
    outer loop
      vertex 3.45337 39.6162 0.599999
      vertex 3.35476 39.5163 0
      vertex 3.35476 39.5163 0.599999
    endloop
  endfacet
  facet normal -0.759311 0.650727 0
    outer loop
      vertex 3.45337 39.6162 0
      vertex 3.5287 39.7041 0.599999
      vertex 3.5287 39.7041 0
    endloop
  endfacet
  facet normal -0.759311 0.650727 0
    outer loop
      vertex 3.5287 39.7041 0.599999
      vertex 3.45337 39.6162 0
      vertex 3.45337 39.6162 0.599999
    endloop
  endfacet
  facet normal -0.802119 0.597164 0
    outer loop
      vertex 3.5287 39.7041 0
      vertex 3.59414 39.792 0.599999
      vertex 3.59414 39.792 0
    endloop
  endfacet
  facet normal -0.802119 0.597164 0
    outer loop
      vertex 3.59414 39.792 0.599999
      vertex 3.5287 39.7041 0
      vertex 3.5287 39.7041 0.599999
    endloop
  endfacet
  facet normal -0.845427 0.534091 0
    outer loop
      vertex 3.59414 39.792 0
      vertex 3.64967 39.8799 0.599999
      vertex 3.64967 39.8799 0
    endloop
  endfacet
  facet normal -0.845427 0.534091 0
    outer loop
      vertex 3.64967 39.8799 0.599999
      vertex 3.59414 39.792 0
      vertex 3.59414 39.792 0.599999
    endloop
  endfacet
  facet normal -0.887498 0.460812 0
    outer loop
      vertex 3.64967 39.8799 0
      vertex 3.69531 39.9678 0.599999
      vertex 3.69531 39.9678 0
    endloop
  endfacet
  facet normal -0.887498 0.460812 0
    outer loop
      vertex 3.69531 39.9678 0.599999
      vertex 3.64967 39.8799 0
      vertex 3.64967 39.8799 0.599999
    endloop
  endfacet
  facet normal -0.927017 0.37502 0
    outer loop
      vertex 3.69531 39.9678 0
      vertex 3.73091 40.0558 0.599999
      vertex 3.73091 40.0558 0
    endloop
  endfacet
  facet normal -0.927017 0.37502 0
    outer loop
      vertex 3.73091 40.0558 0.599999
      vertex 3.69531 39.9678 0
      vertex 3.69531 39.9678 0.599999
    endloop
  endfacet
  facet normal -0.960943 0.276747 0
    outer loop
      vertex 3.73091 40.0558 0
      vertex 3.75634 40.1441 0.599999
      vertex 3.75634 40.1441 0
    endloop
  endfacet
  facet normal -0.960943 0.276747 0
    outer loop
      vertex 3.75634 40.1441 0.599999
      vertex 3.73091 40.0558 0
      vertex 3.73091 40.0558 0.599999
    endloop
  endfacet
  facet normal -0.985458 0.169922 0
    outer loop
      vertex 3.75634 40.1441 0
      vertex 3.7716 40.2326 0.599999
      vertex 3.7716 40.2326 0
    endloop
  endfacet
  facet normal -0.985458 0.169922 0
    outer loop
      vertex 3.7716 40.2326 0.599999
      vertex 3.75634 40.1441 0
      vertex 3.75634 40.1441 0.599999
    endloop
  endfacet
  facet normal -0.998371 0.0570498 0
    outer loop
      vertex 3.7716 40.2326 0
      vertex 3.77668 40.3215 0.599999
      vertex 3.77668 40.3215 0
    endloop
  endfacet
  facet normal -0.998371 0.0570498 0
    outer loop
      vertex 3.77668 40.3215 0.599999
      vertex 3.7716 40.2326 0
      vertex 3.7716 40.2326 0.599999
    endloop
  endfacet
  facet normal -0.996648 -0.0818073 0
    outer loop
      vertex 3.77668 40.3215 0
      vertex 3.76115 40.5107 0.599999
      vertex 3.76115 40.5107 0
    endloop
  endfacet
  facet normal -0.996648 -0.0818073 0
    outer loop
      vertex 3.76115 40.5107 0.599999
      vertex 3.77668 40.3215 0
      vertex 3.77668 40.3215 0.599999
    endloop
  endfacet
  facet normal -0.962982 -0.269566 0
    outer loop
      vertex 3.76115 40.5107 0
      vertex 3.71457 40.6771 0.599999
      vertex 3.71457 40.6771 0
    endloop
  endfacet
  facet normal -0.962982 -0.269566 0
    outer loop
      vertex 3.71457 40.6771 0.599999
      vertex 3.76115 40.5107 0
      vertex 3.76115 40.5107 0.599999
    endloop
  endfacet
  facet normal -0.87933 -0.476212 0
    outer loop
      vertex 3.71457 40.6771 0
      vertex 3.63691 40.8205 0.599999
      vertex 3.63691 40.8205 0
    endloop
  endfacet
  facet normal -0.87933 -0.476212 0
    outer loop
      vertex 3.63691 40.8205 0.599999
      vertex 3.71457 40.6771 0
      vertex 3.71457 40.6771 0.599999
    endloop
  endfacet
  facet normal -0.742528 -0.669815 0
    outer loop
      vertex 3.63691 40.8205 0
      vertex 3.52821 40.941 0.599999
      vertex 3.52821 40.941 0
    endloop
  endfacet
  facet normal -0.742528 -0.669815 0
    outer loop
      vertex 3.52821 40.941 0.599999
      vertex 3.63691 40.8205 0
      vertex 3.63691 40.8205 0.599999
    endloop
  endfacet
  facet normal -0.569797 -0.821786 0
    outer loop
      vertex 3.39062 41.0364 0
      vertex 3.52821 40.941 0.599999
      vertex 3.39062 41.0364 0.599999
    endloop
  endfacet
  facet normal -0.569797 -0.821786 -0
    outer loop
      vertex 3.52821 40.941 0.599999
      vertex 3.39062 41.0364 0
      vertex 3.52821 40.941 0
    endloop
  endfacet
  facet normal -0.383358 -0.9236 0
    outer loop
      vertex 3.22631 41.1046 0
      vertex 3.39062 41.0364 0.599999
      vertex 3.22631 41.1046 0.599999
    endloop
  endfacet
  facet normal -0.383358 -0.9236 -0
    outer loop
      vertex 3.39062 41.0364 0.599999
      vertex 3.22631 41.1046 0
      vertex 3.39062 41.0364 0
    endloop
  endfacet
  facet normal -0.209368 -0.977837 0
    outer loop
      vertex 3.03529 41.1455 0
      vertex 3.22631 41.1046 0.599999
      vertex 3.03529 41.1455 0.599999
    endloop
  endfacet
  facet normal -0.209368 -0.977837 -0
    outer loop
      vertex 3.22631 41.1046 0.599999
      vertex 3.03529 41.1455 0
      vertex 3.22631 41.1046 0
    endloop
  endfacet
  facet normal -0.0623383 -0.998055 0
    outer loop
      vertex 2.81755 41.1591 0
      vertex 3.03529 41.1455 0.599999
      vertex 2.81755 41.1591 0.599999
    endloop
  endfacet
  facet normal -0.0623383 -0.998055 -0
    outer loop
      vertex 3.03529 41.1455 0.599999
      vertex 2.81755 41.1591 0
      vertex 3.03529 41.1455 0
    endloop
  endfacet
  facet normal 0.0675308 -0.997717 0
    outer loop
      vertex 2.61662 41.1455 0
      vertex 2.81755 41.1591 0.599999
      vertex 2.61662 41.1455 0.599999
    endloop
  endfacet
  facet normal 0.0675308 -0.997717 0
    outer loop
      vertex 2.81755 41.1591 0.599999
      vertex 2.61662 41.1455 0
      vertex 2.81755 41.1591 0
    endloop
  endfacet
  facet normal 0.218453 -0.975847 0
    outer loop
      vertex 2.43481 41.1048 0
      vertex 2.61662 41.1455 0.599999
      vertex 2.43481 41.1048 0.599999
    endloop
  endfacet
  facet normal 0.218453 -0.975847 0
    outer loop
      vertex 2.61662 41.1455 0.599999
      vertex 2.43481 41.1048 0
      vertex 2.61662 41.1455 0
    endloop
  endfacet
  facet normal 0.384676 -0.923052 0
    outer loop
      vertex 2.27212 41.037 0
      vertex 2.43481 41.1048 0.599999
      vertex 2.27212 41.037 0.599999
    endloop
  endfacet
  facet normal 0.384676 -0.923052 0
    outer loop
      vertex 2.43481 41.1048 0.599999
      vertex 2.27212 41.037 0
      vertex 2.43481 41.1048 0
    endloop
  endfacet
  facet normal 0.551478 -0.83419 0
    outer loop
      vertex 2.12857 40.9421 0
      vertex 2.27212 41.037 0.599999
      vertex 2.12857 40.9421 0.599999
    endloop
  endfacet
  facet normal 0.551478 -0.83419 0
    outer loop
      vertex 2.27212 41.037 0.599999
      vertex 2.12857 40.9421 0
      vertex 2.27212 41.037 0
    endloop
  endfacet
  facet normal 0.700927 -0.713233 0
    outer loop
      vertex 2.0086 40.8242 0
      vertex 2.12857 40.9421 0.599999
      vertex 2.0086 40.8242 0.599999
    endloop
  endfacet
  facet normal 0.700927 -0.713233 0
    outer loop
      vertex 2.12857 40.9421 0.599999
      vertex 2.0086 40.8242 0
      vertex 2.12857 40.9421 0
    endloop
  endfacet
  facet normal 0.829735 -0.558158 0
    outer loop
      vertex 1.91671 40.6876 0.599999
      vertex 2.0086 40.8242 0
      vertex 2.0086 40.8242 0.599999
    endloop
  endfacet
  facet normal 0.829735 -0.558158 0
    outer loop
      vertex 2.0086 40.8242 0
      vertex 1.91671 40.6876 0.599999
      vertex 1.91671 40.6876 0
    endloop
  endfacet
  facet normal 0.924879 -0.380261 0
    outer loop
      vertex 1.8529 40.5324 0.599999
      vertex 1.91671 40.6876 0
      vertex 1.91671 40.6876 0.599999
    endloop
  endfacet
  facet normal 0.924879 -0.380261 0
    outer loop
      vertex 1.91671 40.6876 0
      vertex 1.8529 40.5324 0.599999
      vertex 1.8529 40.5324 0
    endloop
  endfacet
  facet normal 0.979561 -0.201148 0
    outer loop
      vertex 1.81717 40.3584 0.599999
      vertex 1.8529 40.5324 0
      vertex 1.8529 40.5324 0.599999
    endloop
  endfacet
  facet normal 0.979561 -0.201148 0
    outer loop
      vertex 1.8529 40.5324 0
      vertex 1.81717 40.3584 0.599999
      vertex 1.81717 40.3584 0
    endloop
  endfacet
  facet normal 0.0920219 0.995757 -0
    outer loop
      vertex 2.21646 40.3215 0
      vertex 1.81717 40.3584 0.599999
      vertex 2.21646 40.3215 0.599999
    endloop
  endfacet
  facet normal 0.0920219 0.995757 0
    outer loop
      vertex 1.81717 40.3584 0.599999
      vertex 2.21646 40.3215 0
      vertex 1.81717 40.3584 0
    endloop
  endfacet
  facet normal -0.981706 0.190402 0
    outer loop
      vertex 2.21646 40.3215 0
      vertex 2.2389 40.4372 0.599999
      vertex 2.2389 40.4372 0
    endloop
  endfacet
  facet normal -0.981706 0.190402 0
    outer loop
      vertex 2.2389 40.4372 0.599999
      vertex 2.21646 40.3215 0
      vertex 2.21646 40.3215 0.599999
    endloop
  endfacet
  facet normal -0.933772 0.35787 0
    outer loop
      vertex 2.2389 40.4372 0
      vertex 2.27803 40.5393 0.599999
      vertex 2.27803 40.5393 0
    endloop
  endfacet
  facet normal -0.933772 0.35787 0
    outer loop
      vertex 2.27803 40.5393 0.599999
      vertex 2.2389 40.4372 0
      vertex 2.2389 40.4372 0.599999
    endloop
  endfacet
  facet normal -0.845352 0.534209 0
    outer loop
      vertex 2.27803 40.5393 0
      vertex 2.33383 40.6276 0.599999
      vertex 2.33383 40.6276 0
    endloop
  endfacet
  facet normal -0.845352 0.534209 0
    outer loop
      vertex 2.33383 40.6276 0.599999
      vertex 2.27803 40.5393 0
      vertex 2.27803 40.5393 0.599999
    endloop
  endfacet
  facet normal -0.717643 0.696411 0
    outer loop
      vertex 2.33383 40.6276 0
      vertex 2.40632 40.7023 0.599999
      vertex 2.40632 40.7023 0
    endloop
  endfacet
  facet normal -0.717643 0.696411 0
    outer loop
      vertex 2.40632 40.7023 0.599999
      vertex 2.33383 40.6276 0
      vertex 2.33383 40.6276 0.599999
    endloop
  endfacet
  facet normal -0.566237 0.824242 0
    outer loop
      vertex 2.49264 40.7616 0
      vertex 2.40632 40.7023 0.599999
      vertex 2.49264 40.7616 0.599999
    endloop
  endfacet
  facet normal -0.566237 0.824242 0
    outer loop
      vertex 2.40632 40.7023 0.599999
      vertex 2.49264 40.7616 0
      vertex 2.40632 40.7023 0
    endloop
  endfacet
  facet normal -0.399415 0.91677 0
    outer loop
      vertex 2.58996 40.804 0
      vertex 2.49264 40.7616 0.599999
      vertex 2.58996 40.804 0.599999
    endloop
  endfacet
  facet normal -0.399415 0.91677 0
    outer loop
      vertex 2.49264 40.7616 0.599999
      vertex 2.58996 40.804 0
      vertex 2.49264 40.7616 0
    endloop
  endfacet
  facet normal -0.22917 0.973387 0
    outer loop
      vertex 2.69827 40.8295 0
      vertex 2.58996 40.804 0.599999
      vertex 2.69827 40.8295 0.599999
    endloop
  endfacet
  facet normal -0.22917 0.973387 0
    outer loop
      vertex 2.58996 40.804 0.599999
      vertex 2.69827 40.8295 0
      vertex 2.58996 40.804 0
    endloop
  endfacet
  facet normal -0.0702486 0.99753 0
    outer loop
      vertex 2.81755 40.8379 0
      vertex 2.69827 40.8295 0.599999
      vertex 2.81755 40.8379 0.599999
    endloop
  endfacet
  facet normal -0.0702486 0.99753 0
    outer loop
      vertex 2.69827 40.8295 0.599999
      vertex 2.81755 40.8379 0
      vertex 2.69827 40.8295 0
    endloop
  endfacet
  facet normal 0.0691332 0.997607 -0
    outer loop
      vertex 2.94165 40.8293 0
      vertex 2.81755 40.8379 0.599999
      vertex 2.94165 40.8293 0.599999
    endloop
  endfacet
  facet normal 0.0691332 0.997607 0
    outer loop
      vertex 2.81755 40.8379 0.599999
      vertex 2.94165 40.8293 0
      vertex 2.81755 40.8379 0
    endloop
  endfacet
  facet normal 0.231441 0.972849 -0
    outer loop
      vertex 3.05136 40.8032 0
      vertex 2.94165 40.8293 0.599999
      vertex 3.05136 40.8032 0.599999
    endloop
  endfacet
  facet normal 0.231441 0.972849 0
    outer loop
      vertex 2.94165 40.8293 0.599999
      vertex 3.05136 40.8032 0
      vertex 2.94165 40.8293 0
    endloop
  endfacet
  facet normal 0.414342 0.910121 -0
    outer loop
      vertex 3.14669 40.7598 0
      vertex 3.05136 40.8032 0.599999
      vertex 3.14669 40.7598 0.599999
    endloop
  endfacet
  facet normal 0.414342 0.910121 0
    outer loop
      vertex 3.05136 40.8032 0.599999
      vertex 3.14669 40.7598 0
      vertex 3.05136 40.8032 0
    endloop
  endfacet
  facet normal 0.599826 0.80013 -0
    outer loop
      vertex 3.22766 40.6991 0
      vertex 3.14669 40.7598 0.599999
      vertex 3.22766 40.6991 0.599999
    endloop
  endfacet
  facet normal 0.599826 0.80013 0
    outer loop
      vertex 3.14669 40.7598 0.599999
      vertex 3.22766 40.6991 0
      vertex 3.14669 40.7598 0
    endloop
  endfacet
  facet normal 0.764178 0.645006 0
    outer loop
      vertex 3.29223 40.6226 0.599999
      vertex 3.22766 40.6991 0
      vertex 3.22766 40.6991 0.599999
    endloop
  endfacet
  facet normal 0.764178 0.645006 0
    outer loop
      vertex 3.22766 40.6991 0
      vertex 3.29223 40.6226 0.599999
      vertex 3.29223 40.6226 0
    endloop
  endfacet
  facet normal 0.891217 0.453577 0
    outer loop
      vertex 3.33834 40.532 0.599999
      vertex 3.29223 40.6226 0
      vertex 3.29223 40.6226 0.599999
    endloop
  endfacet
  facet normal 0.891217 0.453577 0
    outer loop
      vertex 3.29223 40.6226 0
      vertex 3.33834 40.532 0.599999
      vertex 3.33834 40.532 0
    endloop
  endfacet
  facet normal 0.966784 0.255593 0
    outer loop
      vertex 3.36602 40.4273 0.599999
      vertex 3.33834 40.532 0
      vertex 3.33834 40.532 0.599999
    endloop
  endfacet
  facet normal 0.966784 0.255593 0
    outer loop
      vertex 3.33834 40.532 0
      vertex 3.36602 40.4273 0.599999
      vertex 3.36602 40.4273 0
    endloop
  endfacet
  facet normal 0.997007 0.0773121 0
    outer loop
      vertex 3.37524 40.3084 0.599999
      vertex 3.36602 40.4273 0
      vertex 3.36602 40.4273 0.599999
    endloop
  endfacet
  facet normal 0.997007 0.0773121 0
    outer loop
      vertex 3.36602 40.4273 0
      vertex 3.37524 40.3084 0.599999
      vertex 3.37524 40.3084 0
    endloop
  endfacet
  facet normal 0.998262 -0.0589283 0
    outer loop
      vertex 3.36988 40.2176 0.599999
      vertex 3.37524 40.3084 0
      vertex 3.37524 40.3084 0.599999
    endloop
  endfacet
  facet normal 0.998262 -0.0589283 0
    outer loop
      vertex 3.37524 40.3084 0
      vertex 3.36988 40.2176 0.599999
      vertex 3.36988 40.2176 0
    endloop
  endfacet
  facet normal 0.983007 -0.183571 0
    outer loop
      vertex 3.35382 40.1316 0.599999
      vertex 3.36988 40.2176 0
      vertex 3.36988 40.2176 0.599999
    endloop
  endfacet
  facet normal 0.983007 -0.183571 0
    outer loop
      vertex 3.36988 40.2176 0
      vertex 3.35382 40.1316 0.599999
      vertex 3.35382 40.1316 0
    endloop
  endfacet
  facet normal 0.9495 -0.313768 0
    outer loop
      vertex 3.32702 40.0505 0.599999
      vertex 3.35382 40.1316 0
      vertex 3.35382 40.1316 0.599999
    endloop
  endfacet
  facet normal 0.9495 -0.313768 0
    outer loop
      vertex 3.35382 40.1316 0
      vertex 3.32702 40.0505 0.599999
      vertex 3.32702 40.0505 0
    endloop
  endfacet
  facet normal 0.897235 -0.441553 0
    outer loop
      vertex 3.28952 39.9743 0.599999
      vertex 3.32702 40.0505 0
      vertex 3.32702 40.0505 0.599999
    endloop
  endfacet
  facet normal 0.897235 -0.441553 0
    outer loop
      vertex 3.32702 40.0505 0
      vertex 3.28952 39.9743 0.599999
      vertex 3.28952 39.9743 0
    endloop
  endfacet
  facet normal 0.845046 -0.534694 0
    outer loop
      vertex 3.24333 39.9013 0.599999
      vertex 3.28952 39.9743 0
      vertex 3.28952 39.9743 0.599999
    endloop
  endfacet
  facet normal 0.845046 -0.534694 0
    outer loop
      vertex 3.28952 39.9743 0
      vertex 3.24333 39.9013 0.599999
      vertex 3.24333 39.9013 0
    endloop
  endfacet
  facet normal 0.803475 -0.595338 0
    outer loop
      vertex 3.1905 39.83 0.599999
      vertex 3.24333 39.9013 0
      vertex 3.24333 39.9013 0.599999
    endloop
  endfacet
  facet normal 0.803475 -0.595338 0
    outer loop
      vertex 3.24333 39.9013 0
      vertex 3.1905 39.83 0.599999
      vertex 3.1905 39.83 0
    endloop
  endfacet
  facet normal 0.760672 -0.649136 0
    outer loop
      vertex 3.13102 39.7603 0.599999
      vertex 3.1905 39.83 0
      vertex 3.1905 39.83 0.599999
    endloop
  endfacet
  facet normal 0.760672 -0.649136 0
    outer loop
      vertex 3.1905 39.83 0
      vertex 3.13102 39.7603 0.599999
      vertex 3.13102 39.7603 0
    endloop
  endfacet
  facet normal 0.717513 -0.696546 0
    outer loop
      vertex 3.06491 39.6922 0.599999
      vertex 3.13102 39.7603 0
      vertex 3.13102 39.7603 0.599999
    endloop
  endfacet
  facet normal 0.717513 -0.696546 0
    outer loop
      vertex 3.13102 39.7603 0
      vertex 3.06491 39.6922 0.599999
      vertex 3.06491 39.6922 0
    endloop
  endfacet
  facet normal 0.685193 -0.728361 0
    outer loop
      vertex 2.99337 39.6249 0
      vertex 3.06491 39.6922 0.599999
      vertex 2.99337 39.6249 0.599999
    endloop
  endfacet
  facet normal 0.685193 -0.728361 0
    outer loop
      vertex 3.06491 39.6922 0.599999
      vertex 2.99337 39.6249 0
      vertex 3.06491 39.6922 0
    endloop
  endfacet
  facet normal 0.664229 -0.747529 0
    outer loop
      vertex 2.91763 39.5576 0
      vertex 2.99337 39.6249 0.599999
      vertex 2.91763 39.5576 0.599999
    endloop
  endfacet
  facet normal 0.664229 -0.747529 0
    outer loop
      vertex 2.99337 39.6249 0.599999
      vertex 2.91763 39.5576 0
      vertex 2.99337 39.6249 0
    endloop
  endfacet
  facet normal 0.643381 -0.765546 0
    outer loop
      vertex 2.83767 39.4904 0
      vertex 2.91763 39.5576 0.599999
      vertex 2.83767 39.4904 0.599999
    endloop
  endfacet
  facet normal 0.643381 -0.765546 0
    outer loop
      vertex 2.91763 39.5576 0.599999
      vertex 2.83767 39.4904 0
      vertex 2.91763 39.5576 0
    endloop
  endfacet
  facet normal 0.624582 -0.780959 0
    outer loop
      vertex 2.75352 39.4231 0
      vertex 2.83767 39.4904 0.599999
      vertex 2.75352 39.4231 0.599999
    endloop
  endfacet
  facet normal 0.624582 -0.780959 0
    outer loop
      vertex 2.83767 39.4904 0.599999
      vertex 2.75352 39.4231 0
      vertex 2.83767 39.4904 0
    endloop
  endfacet
  facet normal 0.622108 -0.782932 0
    outer loop
      vertex 2.66706 39.3544 0
      vertex 2.75352 39.4231 0.599999
      vertex 2.66706 39.3544 0.599999
    endloop
  endfacet
  facet normal 0.622108 -0.782932 0
    outer loop
      vertex 2.75352 39.4231 0.599999
      vertex 2.66706 39.3544 0
      vertex 2.75352 39.4231 0
    endloop
  endfacet
  facet normal 0.635539 -0.772069 0
    outer loop
      vertex 2.5802 39.2829 0
      vertex 2.66706 39.3544 0.599999
      vertex 2.5802 39.2829 0.599999
    endloop
  endfacet
  facet normal 0.635539 -0.772069 0
    outer loop
      vertex 2.66706 39.3544 0.599999
      vertex 2.5802 39.2829 0
      vertex 2.66706 39.3544 0
    endloop
  endfacet
  facet normal 0.648721 -0.761026 0
    outer loop
      vertex 2.49292 39.2085 0
      vertex 2.5802 39.2829 0.599999
      vertex 2.49292 39.2085 0.599999
    endloop
  endfacet
  facet normal 0.648721 -0.761026 0
    outer loop
      vertex 2.5802 39.2829 0.599999
      vertex 2.49292 39.2085 0
      vertex 2.5802 39.2829 0
    endloop
  endfacet
  facet normal 0.66131 -0.750112 0
    outer loop
      vertex 2.40524 39.1312 0
      vertex 2.49292 39.2085 0.599999
      vertex 2.40524 39.1312 0.599999
    endloop
  endfacet
  facet normal 0.66131 -0.750112 0
    outer loop
      vertex 2.49292 39.2085 0.599999
      vertex 2.40524 39.1312 0
      vertex 2.49292 39.2085 0
    endloop
  endfacet
  facet normal 0.681513 -0.731806 0
    outer loop
      vertex 2.31837 39.0503 0
      vertex 2.40524 39.1312 0.599999
      vertex 2.31837 39.0503 0.599999
    endloop
  endfacet
  facet normal 0.681513 -0.731806 0
    outer loop
      vertex 2.40524 39.1312 0.599999
      vertex 2.31837 39.0503 0
      vertex 2.40524 39.1312 0
    endloop
  endfacet
  facet normal 0.710336 -0.703863 0
    outer loop
      vertex 2.23355 38.9647 0.599999
      vertex 2.31837 39.0503 0
      vertex 2.31837 39.0503 0.599999
    endloop
  endfacet
  facet normal 0.710336 -0.703863 0
    outer loop
      vertex 2.31837 39.0503 0
      vertex 2.23355 38.9647 0.599999
      vertex 2.23355 38.9647 0
    endloop
  endfacet
  facet normal 0.736639 -0.676287 0
    outer loop
      vertex 2.15074 38.8745 0.599999
      vertex 2.23355 38.9647 0
      vertex 2.23355 38.9647 0.599999
    endloop
  endfacet
  facet normal 0.736639 -0.676287 0
    outer loop
      vertex 2.23355 38.9647 0
      vertex 2.15074 38.8745 0.599999
      vertex 2.15074 38.8745 0
    endloop
  endfacet
  facet normal 0.761186 -0.648534 0
    outer loop
      vertex 2.06997 38.7797 0.599999
      vertex 2.15074 38.8745 0
      vertex 2.15074 38.8745 0.599999
    endloop
  endfacet
  facet normal 0.761186 -0.648534 0
    outer loop
      vertex 2.15074 38.8745 0
      vertex 2.06997 38.7797 0.599999
      vertex 2.06997 38.7797 0
    endloop
  endfacet
  facet normal 0.79585 -0.605494 0
    outer loop
      vertex 1.99328 38.6789 0.599999
      vertex 2.06997 38.7797 0
      vertex 2.06997 38.7797 0.599999
    endloop
  endfacet
  facet normal 0.79585 -0.605494 0
    outer loop
      vertex 2.06997 38.7797 0
      vertex 1.99328 38.6789 0.599999
      vertex 1.99328 38.6789 0
    endloop
  endfacet
  facet normal 0.837789 -0.545994 0
    outer loop
      vertex 1.9227 38.5706 0.599999
      vertex 1.99328 38.6789 0
      vertex 1.99328 38.6789 0.599999
    endloop
  endfacet
  facet normal 0.837789 -0.545994 0
    outer loop
      vertex 1.99328 38.6789 0
      vertex 1.9227 38.5706 0.599999
      vertex 1.9227 38.5706 0
    endloop
  endfacet
  facet normal 0.873623 -0.486603 0
    outer loop
      vertex 1.8582 38.4548 0.599999
      vertex 1.9227 38.5706 0
      vertex 1.9227 38.5706 0.599999
    endloop
  endfacet
  facet normal 0.873623 -0.486603 0
    outer loop
      vertex 1.9227 38.5706 0
      vertex 1.8582 38.4548 0.599999
      vertex 1.8582 38.4548 0
    endloop
  endfacet
  facet normal 0.903675 -0.428219 0
    outer loop
      vertex 1.79982 38.3316 0.599999
      vertex 1.8582 38.4548 0
      vertex 1.8582 38.4548 0.599999
    endloop
  endfacet
  facet normal 0.903675 -0.428219 0
    outer loop
      vertex 1.8582 38.4548 0
      vertex 1.79982 38.3316 0.599999
      vertex 1.79982 38.3316 0
    endloop
  endfacet
  facet normal 1 -0 0
    outer loop
      vertex 1.79982 38.056 0.599999
      vertex 1.79982 38.3316 0
      vertex 1.79982 38.3316 0.599999
    endloop
  endfacet
  facet normal 1 0 0
    outer loop
      vertex 1.79982 38.3316 0
      vertex 1.79982 38.056 0.599999
      vertex 1.79982 38.056 0
    endloop
  endfacet
  facet normal 0 1 -0
    outer loop
      vertex 3.82443 38.056 0
      vertex 1.79982 38.056 0.599999
      vertex 3.82443 38.056 0.599999
    endloop
  endfacet
  facet normal 0 1 0
    outer loop
      vertex 1.79982 38.056 0.599999
      vertex 3.82443 38.056 0
      vertex 1.79982 38.056 0
    endloop
  endfacet
  facet normal -1 0 0
    outer loop
      vertex 3.82443 38.056 0
      vertex 3.82443 38.388 0.599999
      vertex 3.82443 38.388 0
    endloop
  endfacet
  facet normal -1 -0 0
    outer loop
      vertex 3.82443 38.388 0.599999
      vertex 3.82443 38.056 0
      vertex 3.82443 38.056 0.599999
    endloop
  endfacet
  facet normal 0 -1 0
    outer loop
      vertex 5.50048 38.388 0
      vertex 6.24476 38.388 0.599999
      vertex 5.50048 38.388 0.599999
    endloop
  endfacet
  facet normal 0 -1 -0
    outer loop
      vertex 6.24476 38.388 0.599999
      vertex 5.50048 38.388 0
      vertex 6.24476 38.388 0
    endloop
  endfacet
  facet normal -1 0 0
    outer loop
      vertex 5.50048 38.388 0
      vertex 5.50048 41.1135 0.599999
      vertex 5.50048 41.1135 0
    endloop
  endfacet
  facet normal -1 -0 0
    outer loop
      vertex 5.50048 41.1135 0.599999
      vertex 5.50048 38.388 0
      vertex 5.50048 38.388 0.599999
    endloop
  endfacet
  facet normal 0 -1 0
    outer loop
      vertex 5.14025 41.1135 0
      vertex 5.50048 41.1135 0.599999
      vertex 5.14025 41.1135 0.599999
    endloop
  endfacet
  facet normal 0 -1 -0
    outer loop
      vertex 5.50048 41.1135 0.599999
      vertex 5.14025 41.1135 0
      vertex 5.50048 41.1135 0
    endloop
  endfacet
  facet normal 0.566605 -0.823989 0
    outer loop
      vertex 4.41763 40.6166 0
      vertex 5.14025 41.1135 0.599999
      vertex 4.41763 40.6166 0.599999
    endloop
  endfacet
  facet normal 0.566605 -0.823989 0
    outer loop
      vertex 5.14025 41.1135 0.599999
      vertex 4.41763 40.6166 0
      vertex 5.14025 41.1135 0
    endloop
  endfacet
  facet normal 1 -0 0
    outer loop
      vertex 4.41763 40.2477 0.599999
      vertex 4.41763 40.6166 0
      vertex 4.41763 40.6166 0.599999
    endloop
  endfacet
  facet normal 1 0 0
    outer loop
      vertex 4.41763 40.6166 0
      vertex 4.41763 40.2477 0.599999
      vertex 4.41763 40.2477 0
    endloop
  endfacet
  facet normal -0.581009 0.813897 0
    outer loop
      vertex 5.10768 40.7403 0
      vertex 4.41763 40.2477 0.599999
      vertex 5.10768 40.7403 0.599999
    endloop
  endfacet
  facet normal -0.581009 0.813897 0
    outer loop
      vertex 4.41763 40.2477 0.599999
      vertex 5.10768 40.7403 0
      vertex 4.41763 40.2477 0
    endloop
  endfacet
  facet normal 1 -0 0
    outer loop
      vertex 5.10768 38.388 0.599999
      vertex 5.10768 40.7403 0
      vertex 5.10768 40.7403 0.599999
    endloop
  endfacet
  facet normal 1 0 0
    outer loop
      vertex 5.10768 40.7403 0
      vertex 5.10768 38.388 0.599999
      vertex 5.10768 38.388 0
    endloop
  endfacet
  facet normal 0 -1 0
    outer loop
      vertex 4.32867 38.388 0
      vertex 5.10768 38.388 0.599999
      vertex 4.32867 38.388 0.599999
    endloop
  endfacet
  facet normal 0 -1 -0
    outer loop
      vertex 5.10768 38.388 0.599999
      vertex 4.32867 38.388 0
      vertex 5.10768 38.388 0
    endloop
  endfacet
  facet normal 1 -0 0
    outer loop
      vertex 4.32867 38.056 0.599999
      vertex 4.32867 38.388 0
      vertex 4.32867 38.388 0.599999
    endloop
  endfacet
  facet normal 1 0 0
    outer loop
      vertex 4.32867 38.388 0
      vertex 4.32867 38.056 0.599999
      vertex 4.32867 38.056 0
    endloop
  endfacet
  facet normal 0 1 -0
    outer loop
      vertex 6.24476 38.056 0
      vertex 4.32867 38.056 0.599999
      vertex 6.24476 38.056 0.599999
    endloop
  endfacet
  facet normal 0 1 0
    outer loop
      vertex 4.32867 38.056 0.599999
      vertex 6.24476 38.056 0
      vertex 4.32867 38.056 0
    endloop
  endfacet
  facet normal -1 0 0
    outer loop
      vertex 6.24476 38.056 0
      vertex 6.24476 38.388 0.599999
      vertex 6.24476 38.388 0
    endloop
  endfacet
  facet normal -1 -0 0
    outer loop
      vertex 6.24476 38.388 0.599999
      vertex 6.24476 38.056 0
      vertex 6.24476 38.056 0.599999
    endloop
  endfacet
  facet normal -0.237313 0.971433 0
    outer loop
      vertex 9.2642 38.0821 0
      vertex 9.05093 38.03 0.599999
      vertex 9.2642 38.0821 0.599999
    endloop
  endfacet
  facet normal -0.237313 0.971433 0
    outer loop
      vertex 9.05093 38.03 0.599999
      vertex 9.2642 38.0821 0
      vertex 9.05093 38.03 0
    endloop
  endfacet
  facet normal -0.423495 0.905898 0
    outer loop
      vertex 9.44966 38.1688 0
      vertex 9.2642 38.0821 0.599999
      vertex 9.44966 38.1688 0.599999
    endloop
  endfacet
  facet normal -0.423495 0.905898 0
    outer loop
      vertex 9.2642 38.0821 0.599999
      vertex 9.44966 38.1688 0
      vertex 9.2642 38.0821 0
    endloop
  endfacet
  facet normal -0.610705 0.791858 0
    outer loop
      vertex 9.60733 38.2904 0
      vertex 9.44966 38.1688 0.599999
      vertex 9.60733 38.2904 0.599999
    endloop
  endfacet
  facet normal -0.610705 0.791858 0
    outer loop
      vertex 9.44966 38.1688 0.599999
      vertex 9.60733 38.2904 0
      vertex 9.44966 38.1688 0
    endloop
  endfacet
  facet normal -0.769783 0.638306 0
    outer loop
      vertex 9.60733 38.2904 0
      vertex 9.73312 38.4421 0.599999
      vertex 9.73312 38.4421 0
    endloop
  endfacet
  facet normal -0.769783 0.638306 0
    outer loop
      vertex 9.73312 38.4421 0.599999
      vertex 9.60733 38.2904 0
      vertex 9.60733 38.2904 0.599999
    endloop
  endfacet
  facet normal -0.892267 0.451509 0
    outer loop
      vertex 9.73312 38.4421 0
      vertex 9.82299 38.6197 0.599999
      vertex 9.82299 38.6197 0
    endloop
  endfacet
  facet normal -0.892267 0.451509 0
    outer loop
      vertex 9.82299 38.6197 0.599999
      vertex 9.73312 38.4421 0
      vertex 9.73312 38.4421 0.599999
    endloop
  endfacet
  facet normal -0.966593 0.256316 0
    outer loop
      vertex 9.82299 38.6197 0
      vertex 9.8769 38.823 0.599999
      vertex 9.8769 38.823 0
    endloop
  endfacet
  facet normal -0.966593 0.256316 0
    outer loop
      vertex 9.8769 38.823 0.599999
      vertex 9.82299 38.6197 0
      vertex 9.82299 38.6197 0.599999
    endloop
  endfacet
  facet normal -0.996932 0.0782744 0
    outer loop
      vertex 9.8769 38.823 0
      vertex 9.89488 39.052 0.599999
      vertex 9.89488 39.052 0
    endloop
  endfacet
  facet normal -0.996932 0.0782744 0
    outer loop
      vertex 9.89488 39.052 0.599999
      vertex 9.8769 38.823 0
      vertex 9.8769 38.823 0.599999
    endloop
  endfacet
  facet normal -0.996599 -0.0824026 0
    outer loop
      vertex 9.89488 39.052 0
      vertex 9.87812 39.2547 0.599999
      vertex 9.87812 39.2547 0
    endloop
  endfacet
  facet normal -0.996599 -0.0824026 0
    outer loop
      vertex 9.87812 39.2547 0.599999
      vertex 9.89488 39.052 0
      vertex 9.89488 39.052 0.599999
    endloop
  endfacet
  facet normal -0.964134 -0.265414 0
    outer loop
      vertex 9.87812 39.2547 0
      vertex 9.82788 39.4372 0.599999
      vertex 9.82788 39.4372 0
    endloop
  endfacet
  facet normal -0.964134 -0.265414 0
    outer loop
      vertex 9.82788 39.4372 0.599999
      vertex 9.87812 39.2547 0
      vertex 9.87812 39.2547 0.599999
    endloop
  endfacet
  facet normal -0.888868 -0.458164 0
    outer loop
      vertex 9.82788 39.4372 0
      vertex 9.74412 39.5997 0.599999
      vertex 9.74412 39.5997 0
    endloop
  endfacet
  facet normal -0.888868 -0.458164 0
    outer loop
      vertex 9.74412 39.5997 0.599999
      vertex 9.82788 39.4372 0
      vertex 9.82788 39.4372 0.599999
    endloop
  endfacet
  facet normal -0.771985 -0.635641 0
    outer loop
      vertex 9.74412 39.5997 0
      vertex 9.62687 39.7421 0.599999
      vertex 9.62687 39.7421 0
    endloop
  endfacet
  facet normal -0.771985 -0.635641 0
    outer loop
      vertex 9.62687 39.7421 0.599999
      vertex 9.74412 39.5997 0
      vertex 9.74412 39.5997 0.599999
    endloop
  endfacet
  facet normal -0.62283 -0.782357 0
    outer loop
      vertex 9.48141 39.8579 0
      vertex 9.62687 39.7421 0.599999
      vertex 9.48141 39.8579 0.599999
    endloop
  endfacet
  facet normal -0.62283 -0.782357 -0
    outer loop
      vertex 9.62687 39.7421 0.599999
      vertex 9.48141 39.8579 0
      vertex 9.62687 39.7421 0
    endloop
  endfacet
  facet normal -0.440848 -0.897582 0
    outer loop
      vertex 9.31303 39.9406 0
      vertex 9.48141 39.8579 0.599999
      vertex 9.31303 39.9406 0.599999
    endloop
  endfacet
  facet normal -0.440848 -0.897582 -0
    outer loop
      vertex 9.48141 39.8579 0.599999
      vertex 9.31303 39.9406 0
      vertex 9.48141 39.8579 0
    endloop
  endfacet
  facet normal -0.251454 -0.967869 0
    outer loop
      vertex 9.12173 39.9903 0
      vertex 9.31303 39.9406 0.599999
      vertex 9.12173 39.9903 0.599999
    endloop
  endfacet
  facet normal -0.251454 -0.967869 -0
    outer loop
      vertex 9.31303 39.9406 0.599999
      vertex 9.12173 39.9903 0
      vertex 9.31303 39.9406 0
    endloop
  endfacet
  facet normal -0.0767962 -0.997047 0
    outer loop
      vertex 8.90751 40.0068 0
      vertex 9.12173 39.9903 0.599999
      vertex 8.90751 40.0068 0.599999
    endloop
  endfacet
  facet normal -0.0767962 -0.997047 -0
    outer loop
      vertex 9.12173 39.9903 0.599999
      vertex 8.90751 40.0068 0
      vertex 9.12173 39.9903 0
    endloop
  endfacet
  facet normal 0.0672285 -0.997738 0
    outer loop
      vertex 8.72645 39.9946 0
      vertex 8.90751 40.0068 0.599999
      vertex 8.72645 39.9946 0.599999
    endloop
  endfacet
  facet normal 0.0672285 -0.997738 0
    outer loop
      vertex 8.90751 40.0068 0.599999
      vertex 8.72645 39.9946 0
      vertex 8.90751 40.0068 0
    endloop
  endfacet
  facet normal 0.215819 -0.976433 0
    outer loop
      vertex 8.56086 39.958 0
      vertex 8.72645 39.9946 0.599999
      vertex 8.56086 39.958 0.599999
    endloop
  endfacet
  facet normal 0.215819 -0.976433 0
    outer loop
      vertex 8.72645 39.9946 0.599999
      vertex 8.56086 39.958 0
      vertex 8.72645 39.9946 0
    endloop
  endfacet
  facet normal 0.376407 -0.926454 0
    outer loop
      vertex 8.41072 39.897 0
      vertex 8.56086 39.958 0.599999
      vertex 8.41072 39.897 0.599999
    endloop
  endfacet
  facet normal 0.376407 -0.926454 0
    outer loop
      vertex 8.56086 39.958 0.599999
      vertex 8.41072 39.897 0
      vertex 8.56086 39.958 0
    endloop
  endfacet
  facet normal 0.53593 -0.844262 0
    outer loop
      vertex 8.27603 39.8115 0
      vertex 8.41072 39.897 0.599999
      vertex 8.27603 39.8115 0.599999
    endloop
  endfacet
  facet normal 0.53593 -0.844262 0
    outer loop
      vertex 8.41072 39.897 0.599999
      vertex 8.27603 39.8115 0
      vertex 8.41072 39.897 0
    endloop
  endfacet
  facet normal -0.998181 0.0602922 0
    outer loop
      vertex 8.27603 39.8115 0
      vertex 8.33462 40.7815 0.599999
      vertex 8.33462 40.7815 0
    endloop
  endfacet
  facet normal -0.998181 0.0602922 0
    outer loop
      vertex 8.33462 40.7815 0.599999
      vertex 8.27603 39.8115 0
      vertex 8.27603 39.8115 0.599999
    endloop
  endfacet
  facet normal 0 1 -0
    outer loop
      vertex 9.71693 40.7815 0
      vertex 8.33462 40.7815 0.599999
      vertex 9.71693 40.7815 0.599999
    endloop
  endfacet
  facet normal 0 1 0
    outer loop
      vertex 8.33462 40.7815 0.599999
      vertex 9.71693 40.7815 0
      vertex 8.33462 40.7815 0
    endloop
  endfacet
  facet normal -1 0 0
    outer loop
      vertex 9.71693 40.7815 0
      vertex 9.71693 41.1135 0.599999
      vertex 9.71693 41.1135 0
    endloop
  endfacet
  facet normal -1 -0 0
    outer loop
      vertex 9.71693 41.1135 0.599999
      vertex 9.71693 40.7815 0
      vertex 9.71693 40.7815 0.599999
    endloop
  endfacet
  facet normal 0 -1 0
    outer loop
      vertex 7.97874 41.1135 0
      vertex 9.71693 41.1135 0.599999
      vertex 7.97874 41.1135 0.599999
    endloop
  endfacet
  facet normal 0 -1 -0
    outer loop
      vertex 9.71693 41.1135 0.599999
      vertex 7.97874 41.1135 0
      vertex 9.71693 41.1135 0
    endloop
  endfacet
  facet normal 0.998084 -0.0618766 0
    outer loop
      vertex 7.87677 39.4687 0.599999
      vertex 7.97874 41.1135 0
      vertex 7.97874 41.1135 0.599999
    endloop
  endfacet
  facet normal 0.998084 -0.0618766 0
    outer loop
      vertex 7.97874 41.1135 0
      vertex 7.87677 39.4687 0.599999
      vertex 7.87677 39.4687 0
    endloop
  endfacet
  facet normal 0 1 -0
    outer loop
      vertex 8.25868 39.4687 0
      vertex 7.87677 39.4687 0.599999
      vertex 8.25868 39.4687 0.599999
    endloop
  endfacet
  facet normal 0 1 0
    outer loop
      vertex 7.87677 39.4687 0.599999
      vertex 8.25868 39.4687 0
      vertex 7.87677 39.4687 0
    endloop
  endfacet
  facet normal -0.62893 0.777462 0
    outer loop
      vertex 8.32704 39.524 0
      vertex 8.25868 39.4687 0.599999
      vertex 8.32704 39.524 0.599999
    endloop
  endfacet
  facet normal -0.62893 0.777462 0
    outer loop
      vertex 8.25868 39.4687 0.599999
      vertex 8.32704 39.524 0
      vertex 8.25868 39.4687 0
    endloop
  endfacet
  facet normal -0.564199 0.825639 0
    outer loop
      vertex 8.39538 39.5707 0
      vertex 8.32704 39.524 0.599999
      vertex 8.39538 39.5707 0.599999
    endloop
  endfacet
  facet normal -0.564199 0.825639 0
    outer loop
      vertex 8.32704 39.524 0.599999
      vertex 8.39538 39.5707 0
      vertex 8.32704 39.524 0
    endloop
  endfacet
  facet normal -0.484882 0.874579 0
    outer loop
      vertex 8.46374 39.6086 0
      vertex 8.39538 39.5707 0.599999
      vertex 8.46374 39.6086 0.599999
    endloop
  endfacet
  facet normal -0.484882 0.874579 0
    outer loop
      vertex 8.39538 39.5707 0.599999
      vertex 8.46374 39.6086 0
      vertex 8.39538 39.5707 0
    endloop
  endfacet
  facet normal -0.394 0.91911 0
    outer loop
      vertex 8.53209 39.6379 0
      vertex 8.46374 39.6086 0.599999
      vertex 8.53209 39.6379 0.599999
    endloop
  endfacet
  facet normal -0.394 0.91911 0
    outer loop
      vertex 8.46374 39.6086 0.599999
      vertex 8.53209 39.6379 0
      vertex 8.46374 39.6086 0
    endloop
  endfacet
  facet normal -0.299638 0.954053 0
    outer loop
      vertex 8.60182 39.6598 0
      vertex 8.53209 39.6379 0.599999
      vertex 8.60182 39.6598 0.599999
    endloop
  endfacet
  facet normal -0.299638 0.954053 0
    outer loop
      vertex 8.53209 39.6379 0.599999
      vertex 8.60182 39.6598 0
      vertex 8.53209 39.6379 0
    endloop
  endfacet
  facet normal -0.21058 0.977577 0
    outer loop
      vertex 8.67424 39.6754 0
      vertex 8.60182 39.6598 0.599999
      vertex 8.67424 39.6754 0.599999
    endloop
  endfacet
  facet normal -0.21058 0.977577 0
    outer loop
      vertex 8.60182 39.6598 0.599999
      vertex 8.67424 39.6754 0
      vertex 8.60182 39.6598 0
    endloop
  endfacet
  facet normal -0.122816 0.99243 0
    outer loop
      vertex 8.74939 39.6847 0
      vertex 8.67424 39.6754 0.599999
      vertex 8.74939 39.6847 0.599999
    endloop
  endfacet
  facet normal -0.122816 0.99243 0
    outer loop
      vertex 8.67424 39.6754 0.599999
      vertex 8.74939 39.6847 0
      vertex 8.67424 39.6754 0
    endloop
  endfacet
  facet normal -0.0397988 0.999208 0
    outer loop
      vertex 8.82722 39.6878 0
      vertex 8.74939 39.6847 0.599999
      vertex 8.82722 39.6878 0.599999
    endloop
  endfacet
  facet normal -0.0397988 0.999208 0
    outer loop
      vertex 8.74939 39.6847 0.599999
      vertex 8.82722 39.6878 0
      vertex 8.74939 39.6847 0
    endloop
  endfacet
  facet normal 0.0768023 0.997046 -0
    outer loop
      vertex 8.97132 39.6767 0
      vertex 8.82722 39.6878 0.599999
      vertex 8.97132 39.6767 0.599999
    endloop
  endfacet
  facet normal 0.0768023 0.997046 0
    outer loop
      vertex 8.82722 39.6878 0.599999
      vertex 8.97132 39.6767 0
      vertex 8.82722 39.6878 0
    endloop
  endfacet
  facet normal 0.251545 0.967846 -0
    outer loop
      vertex 9.09983 39.6433 0
      vertex 8.97132 39.6767 0.599999
      vertex 9.09983 39.6433 0.599999
    endloop
  endfacet
  facet normal 0.251545 0.967846 0
    outer loop
      vertex 8.97132 39.6767 0.599999
      vertex 9.09983 39.6433 0
      vertex 8.97132 39.6767 0
    endloop
  endfacet
  facet normal 0.441802 0.897113 -0
    outer loop
      vertex 9.21273 39.5877 0
      vertex 9.09983 39.6433 0.599999
      vertex 9.21273 39.5877 0.599999
    endloop
  endfacet
  facet normal 0.441802 0.897113 0
    outer loop
      vertex 9.09983 39.6433 0.599999
      vertex 9.21273 39.5877 0
      vertex 9.09983 39.6433 0
    endloop
  endfacet
  facet normal 0.62446 0.781057 -0
    outer loop
      vertex 9.31004 39.5099 0
      vertex 9.21273 39.5877 0.599999
      vertex 9.31004 39.5099 0.599999
    endloop
  endfacet
  facet normal 0.62446 0.781057 0
    outer loop
      vertex 9.21273 39.5877 0.599999
      vertex 9.31004 39.5099 0
      vertex 9.21273 39.5877 0
    endloop
  endfacet
  facet normal 0.774446 0.63264 0
    outer loop
      vertex 9.38838 39.414 0.599999
      vertex 9.31004 39.5099 0
      vertex 9.31004 39.5099 0.599999
    endloop
  endfacet
  facet normal 0.774446 0.63264 0
    outer loop
      vertex 9.31004 39.5099 0
      vertex 9.38838 39.414 0.599999
      vertex 9.38838 39.414 0
    endloop
  endfacet
  facet normal 0.890858 0.454281 0
    outer loop
      vertex 9.44432 39.3043 0.599999
      vertex 9.38838 39.414 0
      vertex 9.38838 39.414 0.599999
    endloop
  endfacet
  facet normal 0.890858 0.454281 0
    outer loop
      vertex 9.38838 39.414 0
      vertex 9.44432 39.3043 0.599999
      vertex 9.44432 39.3043 0
    endloop
  endfacet
  facet normal 0.964985 0.262304 0
    outer loop
      vertex 9.47789 39.1808 0.599999
      vertex 9.44432 39.3043 0
      vertex 9.44432 39.3043 0.599999
    endloop
  endfacet
  facet normal 0.964985 0.262304 0
    outer loop
      vertex 9.44432 39.3043 0
      vertex 9.47789 39.1808 0.599999
      vertex 9.47789 39.1808 0
    endloop
  endfacet
  facet normal 0.996694 0.0812444 0
    outer loop
      vertex 9.48909 39.0434 0.599999
      vertex 9.47789 39.1808 0
      vertex 9.47789 39.1808 0.599999
    endloop
  endfacet
  facet normal 0.996694 0.0812444 0
    outer loop
      vertex 9.47789 39.1808 0
      vertex 9.48909 39.0434 0.599999
      vertex 9.48909 39.0434 0
    endloop
  endfacet
  facet normal 0.997503 -0.0706247 0
    outer loop
      vertex 9.47796 38.8862 0.599999
      vertex 9.48909 39.0434 0
      vertex 9.48909 39.0434 0.599999
    endloop
  endfacet
  facet normal 0.997503 -0.0706247 0
    outer loop
      vertex 9.48909 39.0434 0
      vertex 9.47796 38.8862 0.599999
      vertex 9.47796 38.8862 0
    endloop
  endfacet
  facet normal 0.972485 -0.232964 0
    outer loop
      vertex 9.44459 38.7469 0.599999
      vertex 9.47796 38.8862 0
      vertex 9.47796 38.8862 0.599999
    endloop
  endfacet
  facet normal 0.972485 -0.232964 0
    outer loop
      vertex 9.47796 38.8862 0
      vertex 9.44459 38.7469 0.599999
      vertex 9.44459 38.7469 0
    endloop
  endfacet
  facet normal 0.909442 -0.41583 0
    outer loop
      vertex 9.38899 38.6253 0.599999
      vertex 9.44459 38.7469 0
      vertex 9.44459 38.7469 0.599999
    endloop
  endfacet
  facet normal 0.909442 -0.41583 0
    outer loop
      vertex 9.44459 38.7469 0
      vertex 9.38899 38.6253 0.599999
      vertex 9.38899 38.6253 0
    endloop
  endfacet
  facet normal 0.8 -0.6 0
    outer loop
      vertex 9.31114 38.5215 0.599999
      vertex 9.38899 38.6253 0
      vertex 9.38899 38.6253 0.599999
    endloop
  endfacet
  facet normal 0.8 -0.6 0
    outer loop
      vertex 9.38899 38.6253 0
      vertex 9.31114 38.5215 0.599999
      vertex 9.31114 38.5215 0
    endloop
  endfacet
  facet normal 0.64859 -0.761138 0
    outer loop
      vertex 9.21362 38.4384 0
      vertex 9.31114 38.5215 0.599999
      vertex 9.21362 38.4384 0.599999
    endloop
  endfacet
  facet normal 0.64859 -0.761138 0
    outer loop
      vertex 9.31114 38.5215 0.599999
      vertex 9.21362 38.4384 0
      vertex 9.31114 38.5215 0
    endloop
  endfacet
  facet normal 0.459539 -0.888158 0
    outer loop
      vertex 9.09901 38.3791 0
      vertex 9.21362 38.4384 0.599999
      vertex 9.09901 38.3791 0.599999
    endloop
  endfacet
  facet normal 0.459539 -0.888158 0
    outer loop
      vertex 9.21362 38.4384 0.599999
      vertex 9.09901 38.3791 0
      vertex 9.21362 38.4384 0
    endloop
  endfacet
  facet normal 0.260983 -0.965343 0
    outer loop
      vertex 8.96733 38.3435 0
      vertex 9.09901 38.3791 0.599999
      vertex 8.96733 38.3435 0.599999
    endloop
  endfacet
  facet normal 0.260983 -0.965343 0
    outer loop
      vertex 9.09901 38.3791 0.599999
      vertex 8.96733 38.3435 0
      vertex 9.09901 38.3791 0
    endloop
  endfacet
  facet normal 0.0797292 -0.996817 0
    outer loop
      vertex 8.81855 38.3316 0
      vertex 8.96733 38.3435 0.599999
      vertex 8.81855 38.3316 0.599999
    endloop
  endfacet
  facet normal 0.0797292 -0.996817 0
    outer loop
      vertex 8.96733 38.3435 0.599999
      vertex 8.81855 38.3316 0
      vertex 8.96733 38.3435 0
    endloop
  endfacet
  facet normal -0.121198 -0.992628 0
    outer loop
      vertex 8.58677 38.3599 0
      vertex 8.81855 38.3316 0.599999
      vertex 8.58677 38.3599 0.599999
    endloop
  endfacet
  facet normal -0.121198 -0.992628 -0
    outer loop
      vertex 8.81855 38.3316 0.599999
      vertex 8.58677 38.3599 0
      vertex 8.81855 38.3316 0
    endloop
  endfacet
  facet normal -0.421248 -0.906945 0
    outer loop
      vertex 8.40355 38.445 0
      vertex 8.58677 38.3599 0.599999
      vertex 8.40355 38.445 0.599999
    endloop
  endfacet
  facet normal -0.421248 -0.906945 -0
    outer loop
      vertex 8.58677 38.3599 0.599999
      vertex 8.40355 38.445 0
      vertex 8.58677 38.3599 0
    endloop
  endfacet
  facet normal -0.724833 -0.688924 0
    outer loop
      vertex 8.40355 38.445 0
      vertex 8.26887 38.5867 0.599999
      vertex 8.26887 38.5867 0
    endloop
  endfacet
  facet normal -0.724833 -0.688924 0
    outer loop
      vertex 8.26887 38.5867 0.599999
      vertex 8.40355 38.445 0
      vertex 8.40355 38.445 0.599999
    endloop
  endfacet
  facet normal -0.917308 -0.398178 0
    outer loop
      vertex 8.26887 38.5867 0
      vertex 8.18275 38.7851 0.599999
      vertex 8.18275 38.7851 0
    endloop
  endfacet
  facet normal -0.917308 -0.398178 0
    outer loop
      vertex 8.18275 38.7851 0.599999
      vertex 8.26887 38.5867 0
      vertex 8.26887 38.5867 0.599999
    endloop
  endfacet
  facet normal 0.11445 -0.993429 0
    outer loop
      vertex 7.78781 38.7396 0
      vertex 8.18275 38.7851 0.599999
      vertex 7.78781 38.7396 0.599999
    endloop
  endfacet
  facet normal 0.11445 -0.993429 0
    outer loop
      vertex 8.18275 38.7851 0.599999
      vertex 7.78781 38.7396 0
      vertex 8.18275 38.7851 0
    endloop
  endfacet
  facet normal 0.962723 0.270488 0
    outer loop
      vertex 7.83459 38.5731 0.599999
      vertex 7.78781 38.7396 0
      vertex 7.78781 38.7396 0.599999
    endloop
  endfacet
  facet normal 0.962723 0.270488 0
    outer loop
      vertex 7.78781 38.7396 0
      vertex 7.83459 38.5731 0.599999
      vertex 7.83459 38.5731 0
    endloop
  endfacet
  facet normal 0.898855 0.438246 0
    outer loop
      vertex 7.90553 38.4276 0.599999
      vertex 7.83459 38.5731 0
      vertex 7.83459 38.5731 0.599999
    endloop
  endfacet
  facet normal 0.898855 0.438246 0
    outer loop
      vertex 7.83459 38.5731 0
      vertex 7.90553 38.4276 0.599999
      vertex 7.90553 38.4276 0
    endloop
  endfacet
  facet normal 0.795042 0.606554 0
    outer loop
      vertex 8.00059 38.303 0.599999
      vertex 7.90553 38.4276 0
      vertex 7.90553 38.4276 0.599999
    endloop
  endfacet
  facet normal 0.795042 0.606554 0
    outer loop
      vertex 7.90553 38.4276 0
      vertex 8.00059 38.303 0.599999
      vertex 8.00059 38.303 0
    endloop
  endfacet
  facet normal 0.656648 0.754197 -0
    outer loop
      vertex 8.11981 38.1992 0
      vertex 8.00059 38.303 0.599999
      vertex 8.11981 38.1992 0.599999
    endloop
  endfacet
  facet normal 0.656648 0.754197 0
    outer loop
      vertex 8.00059 38.303 0.599999
      vertex 8.11981 38.1992 0
      vertex 8.00059 38.303 0
    endloop
  endfacet
  facet normal 0.499352 0.866399 -0
    outer loop
      vertex 8.26139 38.1176 0
      vertex 8.11981 38.1992 0.599999
      vertex 8.26139 38.1176 0.599999
    endloop
  endfacet
  facet normal 0.499352 0.866399 0
    outer loop
      vertex 8.11981 38.1992 0.599999
      vertex 8.26139 38.1176 0
      vertex 8.11981 38.1992 0
    endloop
  endfacet
  facet normal 0.338228 0.941064 -0
    outer loop
      vertex 8.4236 38.0593 0
      vertex 8.26139 38.1176 0.599999
      vertex 8.4236 38.0593 0.599999
    endloop
  endfacet
  facet normal 0.338228 0.941064 0
    outer loop
      vertex 8.26139 38.1176 0.599999
      vertex 8.4236 38.0593 0
      vertex 8.26139 38.1176 0
    endloop
  endfacet
  facet normal 0.18804 0.982161 -0
    outer loop
      vertex 8.60641 38.0243 0
      vertex 8.4236 38.0593 0.599999
      vertex 8.60641 38.0243 0.599999
    endloop
  endfacet
  facet normal 0.18804 0.982161 0
    outer loop
      vertex 8.4236 38.0593 0.599999
      vertex 8.60641 38.0243 0
      vertex 8.4236 38.0593 0
    endloop
  endfacet
  facet normal 0.0574131 0.998351 -0
    outer loop
      vertex 8.80986 38.0126 0
      vertex 8.60641 38.0243 0.599999
      vertex 8.80986 38.0126 0.599999
    endloop
  endfacet
  facet normal 0.0574131 0.998351 0
    outer loop
      vertex 8.60641 38.0243 0.599999
      vertex 8.80986 38.0126 0
      vertex 8.60641 38.0243 0
    endloop
  endfacet
  facet normal -0.0719909 0.997405 0
    outer loop
      vertex 9.05093 38.03 0
      vertex 8.80986 38.0126 0.599999
      vertex 9.05093 38.03 0.599999
    endloop
  endfacet
  facet normal -0.0719909 0.997405 0
    outer loop
      vertex 8.80986 38.0126 0.599999
      vertex 9.05093 38.03 0
      vertex 8.80986 38.0126 0
    endloop
  endfacet
  facet normal 0 -1 0
    outer loop
      vertex 6.80976 38.5312 0
      vertex 7.23291 38.5312 0.599999
      vertex 6.80976 38.5312 0.599999
    endloop
  endfacet
  facet normal 0 -1 -0
    outer loop
      vertex 7.23291 38.5312 0.599999
      vertex 6.80976 38.5312 0
      vertex 7.23291 38.5312 0
    endloop
  endfacet
  facet normal 1 -0 0
    outer loop
      vertex 6.80976 38.056 0.599999
      vertex 6.80976 38.5312 0
      vertex 6.80976 38.5312 0.599999
    endloop
  endfacet
  facet normal 1 0 0
    outer loop
      vertex 6.80976 38.5312 0
      vertex 6.80976 38.056 0.599999
      vertex 6.80976 38.056 0
    endloop
  endfacet
  facet normal 0 1 -0
    outer loop
      vertex 7.23291 38.056 0
      vertex 6.80976 38.056 0.599999
      vertex 7.23291 38.056 0.599999
    endloop
  endfacet
  facet normal 0 1 0
    outer loop
      vertex 6.80976 38.056 0.599999
      vertex 7.23291 38.056 0
      vertex 6.80976 38.056 0
    endloop
  endfacet
  facet normal -1 0 0
    outer loop
      vertex 7.23291 38.056 0
      vertex 7.23291 38.5312 0.599999
      vertex 7.23291 38.5312 0
    endloop
  endfacet
  facet normal -1 -0 0
    outer loop
      vertex 7.23291 38.5312 0.599999
      vertex 7.23291 38.056 0
      vertex 7.23291 38.056 0.599999
    endloop
  endfacet
  facet normal 1 -0 0
    outer loop
      vertex 11.6 54.9 9.2
      vertex 11.6 80.1 0
      vertex 11.6 80.1 9.2
    endloop
  endfacet
  facet normal 1 0 0
    outer loop
      vertex 11.6 80.1 0
      vertex 11.6 54.9 9.2
      vertex 11.6 54.9 0
    endloop
  endfacet
  facet normal 0 1 -0
    outer loop
      vertex 11.6 80.1 0
      vertex 0 80.1 9.2
      vertex 11.6 80.1 9.2
    endloop
  endfacet
  facet normal 0 1 0
    outer loop
      vertex 0 80.1 9.2
      vertex 11.6 80.1 0
      vertex 0 80.1 0
    endloop
  endfacet
  facet normal 0 -1 0
    outer loop
      vertex 0 54.9 0
      vertex 11.6 54.9 9.2
      vertex 0 54.9 9.2
    endloop
  endfacet
  facet normal 0 -1 -0
    outer loop
      vertex 11.6 54.9 9.2
      vertex 0 54.9 0
      vertex 11.6 54.9 0
    endloop
  endfacet
  facet normal -1 0 0
    outer loop
      vertex 10.01 56.5 1.2
      vertex 10.01 78.5 9.2
      vertex 10.01 78.5 1.2
    endloop
  endfacet
  facet normal -1 -0 0
    outer loop
      vertex 10.01 78.5 9.2
      vertex 10.01 56.5 1.2
      vertex 10.01 56.5 9.2
    endloop
  endfacet
  facet normal -0 0 1
    outer loop
      vertex 0 78.5 1.2
      vertex 10.01 56.5 1.2
      vertex 10.01 78.5 1.2
    endloop
  endfacet
  facet normal 0 0 1
    outer loop
      vertex 10.01 56.5 1.2
      vertex 0 78.5 1.2
      vertex 0 56.5 1.2
    endloop
  endfacet
  facet normal 0 -1 0
    outer loop
      vertex 0 78.5 1.2
      vertex 10.01 78.5 9.2
      vertex 0 78.5 9.2
    endloop
  endfacet
  facet normal 0 -1 -0
    outer loop
      vertex 10.01 78.5 9.2
      vertex 0 78.5 1.2
      vertex 10.01 78.5 1.2
    endloop
  endfacet
  facet normal 0 1 -0
    outer loop
      vertex 10.01 56.5 1.2
      vertex 0 56.5 9.2
      vertex 10.01 56.5 9.2
    endloop
  endfacet
  facet normal 0 1 0
    outer loop
      vertex 0 56.5 9.2
      vertex 10.01 56.5 1.2
      vertex 0 56.5 1.2
    endloop
  endfacet
  facet normal 0 0 -1
    outer loop
      vertex 5.63429 65.984 0.599999
      vertex 4.03935 66.316 0.599999
      vertex 5.63429 66.316 0.599999
    endloop
  endfacet
  facet normal 0 0 -1
    outer loop
      vertex 4.18336 66.5506 0.599999
      vertex 3.87983 66.7077 0.599999
      vertex 3.9606 66.8025 0.599999
    endloop
  endfacet
  facet normal 0 0 -1
    outer loop
      vertex 4.07704 66.3927 0.599999
      vertex 3.80314 66.6069 0.599999
      vertex 3.87983 66.7077 0.599999
    endloop
  endfacet
  facet normal 0 0 -1
    outer loop
      vertex 4.07704 66.3927 0.599999
      vertex 3.73254 66.4986 0.599999
      vertex 3.80314 66.6069 0.599999
    endloop
  endfacet
  facet normal 0 0 -1
    outer loop
      vertex 4.03935 66.316 0.599999
      vertex 3.66806 66.3828 0.599999
      vertex 3.73254 66.4986 0.599999
    endloop
  endfacet
  facet normal 0 0 -1
    outer loop
      vertex 3.60968 65.984 0.599999
      vertex 4.03935 66.316 0.599999
      vertex 5.63429 65.984 0.599999
    endloop
  endfacet
  facet normal 0 0 -1
    outer loop
      vertex 3.60968 66.2596 0.599999
      vertex 4.03935 66.316 0.599999
      vertex 3.60968 65.984 0.599999
    endloop
  endfacet
  facet normal -0 0 -1
    outer loop
      vertex 4.03935 66.316 0.599999
      vertex 3.60968 66.2596 0.599999
      vertex 3.66806 66.3828 0.599999
    endloop
  endfacet
  facet normal 0 0 -1
    outer loop
      vertex 5.1851 68.2364 0.599999
      vertex 5.58654 68.2495 0.599999
      vertex 5.58146 68.1606 0.599999
    endloop
  endfacet
  facet normal 0 0 -1
    outer loop
      vertex 5.17974 68.1456 0.599999
      vertex 5.58146 68.1606 0.599999
      vertex 5.5662 68.0721 0.599999
    endloop
  endfacet
  facet normal 0 0 -1
    outer loop
      vertex 5.17974 68.1456 0.599999
      vertex 5.5662 68.0721 0.599999
      vertex 5.54077 67.9838 0.599999
    endloop
  endfacet
  facet normal 0 0 -1
    outer loop
      vertex 5.17588 68.3553 0.599999
      vertex 5.58654 68.2495 0.599999
      vertex 5.1851 68.2364 0.599999
    endloop
  endfacet
  facet normal 0 0 -1
    outer loop
      vertex 5.16368 68.0596 0.599999
      vertex 5.54077 67.9838 0.599999
      vertex 5.50517 67.8958 0.599999
    endloop
  endfacet
  facet normal 0 0 -1
    outer loop
      vertex 5.13688 67.9785 0.599999
      vertex 5.50517 67.8958 0.599999
      vertex 5.45953 67.8079 0.599999
    endloop
  endfacet
  facet normal 0 0 -1
    outer loop
      vertex 5.58654 68.2495 0.599999
      vertex 5.17588 68.3553 0.599999
      vertex 5.57101 68.4387 0.599999
    endloop
  endfacet
  facet normal 0 0 -1
    outer loop
      vertex 5.13688 67.9785 0.599999
      vertex 5.45953 67.8079 0.599999
      vertex 5.40399 67.72 0.599999
    endloop
  endfacet
  facet normal 0 0 -1
    outer loop
      vertex 5.09938 67.9023 0.599999
      vertex 5.40399 67.72 0.599999
      vertex 5.33856 67.6321 0.599999
    endloop
  endfacet
  facet normal -0 0 -1
    outer loop
      vertex 5.58146 68.1606 0.599999
      vertex 5.17974 68.1456 0.599999
      vertex 5.1851 68.2364 0.599999
    endloop
  endfacet
  facet normal 0 0 -1
    outer loop
      vertex 5.05319 67.8293 0.599999
      vertex 5.33856 67.6321 0.599999
      vertex 5.26323 67.5442 0.599999
    endloop
  endfacet
  facet normal 0 0 -1
    outer loop
      vertex 5.57101 68.4387 0.599999
      vertex 5.1482 68.46 0.599999
      vertex 5.52443 68.6051 0.599999
    endloop
  endfacet
  facet normal -0 0 -1
    outer loop
      vertex 5.52443 68.6051 0.599999
      vertex 5.1482 68.46 0.599999
      vertex 5.44677 68.7485 0.599999
    endloop
  endfacet
  facet normal 0 0 -1
    outer loop
      vertex 5.1482 68.46 0.599999
      vertex 5.57101 68.4387 0.599999
      vertex 5.17588 68.3553 0.599999
    endloop
  endfacet
  facet normal 0 0 -1
    outer loop
      vertex 4.94088 67.6882 0.599999
      vertex 5.26323 67.5442 0.599999
      vertex 5.16462 67.4443 0.599999
    endloop
  endfacet
  facet normal 0 0 -1
    outer loop
      vertex 5.54077 67.9838 0.599999
      vertex 5.16368 68.0596 0.599999
      vertex 5.17974 68.1456 0.599999
    endloop
  endfacet
  facet normal 0 0 -1
    outer loop
      vertex 5.50517 67.8958 0.599999
      vertex 5.13688 67.9785 0.599999
      vertex 5.16368 68.0596 0.599999
    endloop
  endfacet
  facet normal 0 0 -1
    outer loop
      vertex 5.40399 67.72 0.599999
      vertex 5.09938 67.9023 0.599999
      vertex 5.13688 67.9785 0.599999
    endloop
  endfacet
  facet normal 0 0 -1
    outer loop
      vertex 5.33856 67.6321 0.599999
      vertex 5.05319 67.8293 0.599999
      vertex 5.09938 67.9023 0.599999
    endloop
  endfacet
  facet normal 0 0 -1
    outer loop
      vertex 4.87477 67.6201 0.599999
      vertex 5.16462 67.4443 0.599999
      vertex 5.0294 67.3202 0.599999
    endloop
  endfacet
  facet normal 0 0 -1
    outer loop
      vertex 5.26323 67.5442 0.599999
      vertex 5.00036 67.758 0.599999
      vertex 5.05319 67.8293 0.599999
    endloop
  endfacet
  facet normal 0 0 -1
    outer loop
      vertex 5.26323 67.5442 0.599999
      vertex 4.94088 67.6882 0.599999
      vertex 5.00036 67.758 0.599999
    endloop
  endfacet
  facet normal 0 0 -1
    outer loop
      vertex 5.16462 67.4443 0.599999
      vertex 4.87477 67.6201 0.599999
      vertex 4.94088 67.6882 0.599999
    endloop
  endfacet
  facet normal 0 0 -1
    outer loop
      vertex 4.72749 67.4856 0.599999
      vertex 5.0294 67.3202 0.599999
      vertex 4.85757 67.1719 0.599999
    endloop
  endfacet
  facet normal 0 0 -1
    outer loop
      vertex 5.0294 67.3202 0.599999
      vertex 4.80323 67.5529 0.599999
      vertex 4.87477 67.6201 0.599999
    endloop
  endfacet
  facet normal 0 0 -1
    outer loop
      vertex 5.0294 67.3202 0.599999
      vertex 4.72749 67.4856 0.599999
      vertex 4.80323 67.5529 0.599999
    endloop
  endfacet
  facet normal 0 0 -1
    outer loop
      vertex 4.56338 67.3511 0.599999
      vertex 4.85757 67.1719 0.599999
      vertex 4.64911 66.9996 0.599999
    endloop
  endfacet
  facet normal 0 0 -1
    outer loop
      vertex 4.85757 67.1719 0.599999
      vertex 4.64753 67.4184 0.599999
      vertex 4.72749 67.4856 0.599999
    endloop
  endfacet
  facet normal 0 0 -1
    outer loop
      vertex 4.85757 67.1719 0.599999
      vertex 4.56338 67.3511 0.599999
      vertex 4.64753 67.4184 0.599999
    endloop
  endfacet
  facet normal 0 0 -1
    outer loop
      vertex 4.39006 67.2109 0.599999
      vertex 4.64911 66.9996 0.599999
      vertex 4.5307 66.9001 0.599999
    endloop
  endfacet
  facet normal 0 0 -1
    outer loop
      vertex 4.64911 66.9996 0.599999
      vertex 4.47692 67.2824 0.599999
      vertex 4.56338 67.3511 0.599999
    endloop
  endfacet
  facet normal 0 0 -1
    outer loop
      vertex 4.30278 67.1365 0.599999
      vertex 4.5307 66.9001 0.599999
      vertex 4.42505 66.8056 0.599999
    endloop
  endfacet
  facet normal 0 0 -1
    outer loop
      vertex 4.64911 66.9996 0.599999
      vertex 4.39006 67.2109 0.599999
      vertex 4.47692 67.2824 0.599999
    endloop
  endfacet
  facet normal 0 0 -1
    outer loop
      vertex 4.12823 66.9783 0.599999
      vertex 4.42505 66.8056 0.599999
      vertex 4.33213 66.7162 0.599999
    endloop
  endfacet
  facet normal 0 0 -1
    outer loop
      vertex 4.5307 66.9001 0.599999
      vertex 4.30278 67.1365 0.599999
      vertex 4.39006 67.2109 0.599999
    endloop
  endfacet
  facet normal 0 0 -1
    outer loop
      vertex 4.04341 66.8927 0.599999
      vertex 4.33213 66.7162 0.599999
      vertex 4.25198 66.6317 0.599999
    endloop
  endfacet
  facet normal 0 0 -1
    outer loop
      vertex 4.42505 66.8056 0.599999
      vertex 4.21508 67.0592 0.599999
      vertex 4.30278 67.1365 0.599999
    endloop
  endfacet
  facet normal 0 0 -1
    outer loop
      vertex 3.9606 66.8025 0.599999
      vertex 4.25198 66.6317 0.599999
      vertex 4.18336 66.5506 0.599999
    endloop
  endfacet
  facet normal 0 0 -1
    outer loop
      vertex 4.42505 66.8056 0.599999
      vertex 4.12823 66.9783 0.599999
      vertex 4.21508 67.0592 0.599999
    endloop
  endfacet
  facet normal 0 0 -1
    outer loop
      vertex 3.87983 66.7077 0.599999
      vertex 4.18336 66.5506 0.599999
      vertex 4.12506 66.4709 0.599999
    endloop
  endfacet
  facet normal 0 0 -1
    outer loop
      vertex 3.87983 66.7077 0.599999
      vertex 4.12506 66.4709 0.599999
      vertex 4.07704 66.3927 0.599999
    endloop
  endfacet
  facet normal 0 0 -1
    outer loop
      vertex 4.33213 66.7162 0.599999
      vertex 4.04341 66.8927 0.599999
      vertex 4.12823 66.9783 0.599999
    endloop
  endfacet
  facet normal 0 0 -1
    outer loop
      vertex 3.73254 66.4986 0.599999
      vertex 4.07704 66.3927 0.599999
      vertex 4.03935 66.316 0.599999
    endloop
  endfacet
  facet normal 0 0 -1
    outer loop
      vertex 4.25198 66.6317 0.599999
      vertex 3.9606 66.8025 0.599999
      vertex 4.04341 66.8927 0.599999
    endloop
  endfacet
  facet normal 0 0 -1
    outer loop
      vertex 5.10209 68.5506 0.599999
      vertex 5.44677 68.7485 0.599999
      vertex 5.1482 68.46 0.599999
    endloop
  endfacet
  facet normal -0 0 -1
    outer loop
      vertex 5.44677 68.7485 0.599999
      vertex 5.10209 68.5506 0.599999
      vertex 5.33807 68.869 0.599999
    endloop
  endfacet
  facet normal 0 0 -1
    outer loop
      vertex 5.03752 68.6271 0.599999
      vertex 5.33807 68.869 0.599999
      vertex 5.10209 68.5506 0.599999
    endloop
  endfacet
  facet normal -0 0 -1
    outer loop
      vertex 5.33807 68.869 0.599999
      vertex 5.03752 68.6271 0.599999
      vertex 5.20048 68.9644 0.599999
    endloop
  endfacet
  facet normal 0 0 -1
    outer loop
      vertex 4.95655 68.6878 0.599999
      vertex 5.20048 68.9644 0.599999
      vertex 5.03752 68.6271 0.599999
    endloop
  endfacet
  facet normal -0 0 -1
    outer loop
      vertex 5.20048 68.9644 0.599999
      vertex 4.95655 68.6878 0.599999
      vertex 5.03617 69.0326 0.599999
    endloop
  endfacet
  facet normal 0 0 -1
    outer loop
      vertex 4.86122 68.7312 0.599999
      vertex 5.03617 69.0326 0.599999
      vertex 4.95655 68.6878 0.599999
    endloop
  endfacet
  facet normal 0 0 -1
    outer loop
      vertex 4.86122 68.7312 0.599999
      vertex 4.84515 69.0735 0.599999
      vertex 5.03617 69.0326 0.599999
    endloop
  endfacet
  facet normal 0 0 -1
    outer loop
      vertex 4.75151 68.7573 0.599999
      vertex 4.84515 69.0735 0.599999
      vertex 4.86122 68.7312 0.599999
    endloop
  endfacet
  facet normal 0 0 -1
    outer loop
      vertex 4.62741 69.0871 0.599999
      vertex 4.75151 68.7573 0.599999
      vertex 4.62741 68.7659 0.599999
    endloop
  endfacet
  facet normal 0 0 -1
    outer loop
      vertex 4.75151 68.7573 0.599999
      vertex 4.62741 69.0871 0.599999
      vertex 4.84515 69.0735 0.599999
    endloop
  endfacet
  facet normal 0 0 -1
    outer loop
      vertex 4.50811 68.7575 0.599999
      vertex 4.62741 69.0871 0.599999
      vertex 4.62741 68.7659 0.599999
    endloop
  endfacet
  facet normal 0 0 -1
    outer loop
      vertex 4.50811 68.7575 0.599999
      vertex 4.42648 69.0735 0.599999
      vertex 4.62741 69.0871 0.599999
    endloop
  endfacet
  facet normal 0 0 -1
    outer loop
      vertex 4.39982 68.732 0.599999
      vertex 4.42648 69.0735 0.599999
      vertex 4.50811 68.7575 0.599999
    endloop
  endfacet
  facet normal 0 0 -1
    outer loop
      vertex 4.24467 69.0328 0.599999
      vertex 4.39982 68.732 0.599999
      vertex 4.3025 68.6896 0.599999
    endloop
  endfacet
  facet normal 0 0 -1
    outer loop
      vertex 4.39982 68.732 0.599999
      vertex 4.24467 69.0328 0.599999
      vertex 4.42648 69.0735 0.599999
    endloop
  endfacet
  facet normal 0 0 -1
    outer loop
      vertex 4.08198 68.965 0.599999
      vertex 4.3025 68.6896 0.599999
      vertex 4.21618 68.6303 0.599999
    endloop
  endfacet
  facet normal 0 0 -1
    outer loop
      vertex 3.93841 68.8701 0.599999
      vertex 4.21618 68.6303 0.599999
      vertex 4.14369 68.5556 0.599999
    endloop
  endfacet
  facet normal 0 0 -1
    outer loop
      vertex 3.81846 68.7522 0.599999
      vertex 4.14369 68.5556 0.599999
      vertex 4.08789 68.4673 0.599999
    endloop
  endfacet
  facet normal 0 0 -1
    outer loop
      vertex 4.3025 68.6896 0.599999
      vertex 4.08198 68.965 0.599999
      vertex 4.24467 69.0328 0.599999
    endloop
  endfacet
  facet normal 0 0 -1
    outer loop
      vertex 3.72657 68.6156 0.599999
      vertex 4.08789 68.4673 0.599999
      vertex 4.04876 68.3652 0.599999
    endloop
  endfacet
  facet normal 0 0 -1
    outer loop
      vertex 3.66276 68.4604 0.599999
      vertex 4.04876 68.3652 0.599999
      vertex 4.02632 68.2495 0.599999
    endloop
  endfacet
  facet normal 0 0 -1
    outer loop
      vertex 4.21618 68.6303 0.599999
      vertex 3.93841 68.8701 0.599999
      vertex 4.08198 68.965 0.599999
    endloop
  endfacet
  facet normal 0 0 -1
    outer loop
      vertex 4.14369 68.5556 0.599999
      vertex 3.81846 68.7522 0.599999
      vertex 3.93841 68.8701 0.599999
    endloop
  endfacet
  facet normal 0 0 -1
    outer loop
      vertex 4.08789 68.4673 0.599999
      vertex 3.72657 68.6156 0.599999
      vertex 3.81846 68.7522 0.599999
    endloop
  endfacet
  facet normal 0 0 -1
    outer loop
      vertex 4.04876 68.3652 0.599999
      vertex 3.66276 68.4604 0.599999
      vertex 3.72657 68.6156 0.599999
    endloop
  endfacet
  facet normal 0 -0 -1
    outer loop
      vertex 3.66276 68.4604 0.599999
      vertex 4.02632 68.2495 0.599999
      vertex 3.62703 68.2864 0.599999
    endloop
  endfacet
  facet normal 0 0 -1
    outer loop
      vertex 8.04812 65.984 0.599999
      vertex 6.45318 66.316 0.599999
      vertex 8.04812 66.316 0.599999
    endloop
  endfacet
  facet normal 0 0 -1
    outer loop
      vertex 6.59719 66.5506 0.599999
      vertex 6.29365 66.7077 0.599999
      vertex 6.37443 66.8025 0.599999
    endloop
  endfacet
  facet normal 0 0 -1
    outer loop
      vertex 6.49087 66.3927 0.599999
      vertex 6.21696 66.6069 0.599999
      vertex 6.29365 66.7077 0.599999
    endloop
  endfacet
  facet normal 0 0 -1
    outer loop
      vertex 6.49087 66.3927 0.599999
      vertex 6.14637 66.4986 0.599999
      vertex 6.21696 66.6069 0.599999
    endloop
  endfacet
  facet normal 0 0 -1
    outer loop
      vertex 6.45318 66.316 0.599999
      vertex 6.08189 66.3828 0.599999
      vertex 6.14637 66.4986 0.599999
    endloop
  endfacet
  facet normal 0 0 -1
    outer loop
      vertex 6.02351 65.984 0.599999
      vertex 6.45318 66.316 0.599999
      vertex 8.04812 65.984 0.599999
    endloop
  endfacet
  facet normal 0 0 -1
    outer loop
      vertex 6.02351 66.2596 0.599999
      vertex 6.45318 66.316 0.599999
      vertex 6.02351 65.984 0.599999
    endloop
  endfacet
  facet normal -0 0 -1
    outer loop
      vertex 6.45318 66.316 0.599999
      vertex 6.02351 66.2596 0.599999
      vertex 6.08189 66.3828 0.599999
    endloop
  endfacet
  facet normal 0 0 -1
    outer loop
      vertex 7.59893 68.2364 0.599999
      vertex 8.00038 68.2495 0.599999
      vertex 7.9953 68.1606 0.599999
    endloop
  endfacet
  facet normal 0 0 -1
    outer loop
      vertex 7.59358 68.1456 0.599999
      vertex 7.9953 68.1606 0.599999
      vertex 7.98004 68.0721 0.599999
    endloop
  endfacet
  facet normal 0 0 -1
    outer loop
      vertex 7.59358 68.1456 0.599999
      vertex 7.98004 68.0721 0.599999
      vertex 7.9546 67.9838 0.599999
    endloop
  endfacet
  facet normal 0 0 -1
    outer loop
      vertex 7.58972 68.3553 0.599999
      vertex 8.00038 68.2495 0.599999
      vertex 7.59893 68.2364 0.599999
    endloop
  endfacet
  facet normal 0 0 -1
    outer loop
      vertex 7.57751 68.0596 0.599999
      vertex 7.9546 67.9838 0.599999
      vertex 7.919 67.8958 0.599999
    endloop
  endfacet
  facet normal 0 0 -1
    outer loop
      vertex 7.55072 67.9785 0.599999
      vertex 7.919 67.8958 0.599999
      vertex 7.87336 67.8079 0.599999
    endloop
  endfacet
  facet normal 0 0 -1
    outer loop
      vertex 8.00038 68.2495 0.599999
      vertex 7.58972 68.3553 0.599999
      vertex 7.98484 68.4387 0.599999
    endloop
  endfacet
  facet normal 0 0 -1
    outer loop
      vertex 7.55072 67.9785 0.599999
      vertex 7.87336 67.8079 0.599999
      vertex 7.81782 67.72 0.599999
    endloop
  endfacet
  facet normal 0 0 -1
    outer loop
      vertex 7.51321 67.9023 0.599999
      vertex 7.81782 67.72 0.599999
      vertex 7.75239 67.6321 0.599999
    endloop
  endfacet
  facet normal -0 0 -1
    outer loop
      vertex 7.9953 68.1606 0.599999
      vertex 7.59358 68.1456 0.599999
      vertex 7.59893 68.2364 0.599999
    endloop
  endfacet
  facet normal 0 0 -1
    outer loop
      vertex 7.46702 67.8293 0.599999
      vertex 7.75239 67.6321 0.599999
      vertex 7.67704 67.5442 0.599999
    endloop
  endfacet
  facet normal 0 0 -1
    outer loop
      vertex 7.98484 68.4387 0.599999
      vertex 7.56204 68.46 0.599999
      vertex 7.93826 68.6051 0.599999
    endloop
  endfacet
  facet normal -0 0 -1
    outer loop
      vertex 7.93826 68.6051 0.599999
      vertex 7.56204 68.46 0.599999
      vertex 7.86061 68.7485 0.599999
    endloop
  endfacet
  facet normal 0 0 -1
    outer loop
      vertex 7.56204 68.46 0.599999
      vertex 7.98484 68.4387 0.599999
      vertex 7.58972 68.3553 0.599999
    endloop
  endfacet
  facet normal 0 0 -1
    outer loop
      vertex 7.35472 67.6882 0.599999
      vertex 7.67704 67.5442 0.599999
      vertex 7.57846 67.4443 0.599999
    endloop
  endfacet
  facet normal 0 0 -1
    outer loop
      vertex 7.9546 67.9838 0.599999
      vertex 7.57751 68.0596 0.599999
      vertex 7.59358 68.1456 0.599999
    endloop
  endfacet
  facet normal 0 0 -1
    outer loop
      vertex 7.919 67.8958 0.599999
      vertex 7.55072 67.9785 0.599999
      vertex 7.57751 68.0596 0.599999
    endloop
  endfacet
  facet normal 0 0 -1
    outer loop
      vertex 7.81782 67.72 0.599999
      vertex 7.51321 67.9023 0.599999
      vertex 7.55072 67.9785 0.599999
    endloop
  endfacet
  facet normal 0 0 -1
    outer loop
      vertex 7.75239 67.6321 0.599999
      vertex 7.46702 67.8293 0.599999
      vertex 7.51321 67.9023 0.599999
    endloop
  endfacet
  facet normal 0 0 -1
    outer loop
      vertex 7.2886 67.6201 0.599999
      vertex 7.57846 67.4443 0.599999
      vertex 7.44323 67.3202 0.599999
    endloop
  endfacet
  facet normal 0 0 -1
    outer loop
      vertex 7.67704 67.5442 0.599999
      vertex 7.4142 67.758 0.599999
      vertex 7.46702 67.8293 0.599999
    endloop
  endfacet
  facet normal 0 0 -1
    outer loop
      vertex 7.67704 67.5442 0.599999
      vertex 7.35472 67.6882 0.599999
      vertex 7.4142 67.758 0.599999
    endloop
  endfacet
  facet normal 0 0 -1
    outer loop
      vertex 7.57846 67.4443 0.599999
      vertex 7.2886 67.6201 0.599999
      vertex 7.35472 67.6882 0.599999
    endloop
  endfacet
  facet normal 0 0 -1
    outer loop
      vertex 7.14131 67.4856 0.599999
      vertex 7.44323 67.3202 0.599999
      vertex 7.27139 67.1719 0.599999
    endloop
  endfacet
  facet normal 0 0 -1
    outer loop
      vertex 7.44323 67.3202 0.599999
      vertex 7.21705 67.5529 0.599999
      vertex 7.2886 67.6201 0.599999
    endloop
  endfacet
  facet normal 0 0 -1
    outer loop
      vertex 7.44323 67.3202 0.599999
      vertex 7.14131 67.4856 0.599999
      vertex 7.21705 67.5529 0.599999
    endloop
  endfacet
  facet normal 0 0 -1
    outer loop
      vertex 6.97721 67.3511 0.599999
      vertex 7.27139 67.1719 0.599999
      vertex 7.06294 66.9996 0.599999
    endloop
  endfacet
  facet normal 0 0 -1
    outer loop
      vertex 7.27139 67.1719 0.599999
      vertex 7.06137 67.4184 0.599999
      vertex 7.14131 67.4856 0.599999
    endloop
  endfacet
  facet normal 0 0 -1
    outer loop
      vertex 7.27139 67.1719 0.599999
      vertex 6.97721 67.3511 0.599999
      vertex 7.06137 67.4184 0.599999
    endloop
  endfacet
  facet normal 0 0 -1
    outer loop
      vertex 6.80387 67.2109 0.599999
      vertex 7.06294 66.9996 0.599999
      vertex 6.94453 66.9001 0.599999
    endloop
  endfacet
  facet normal 0 0 -1
    outer loop
      vertex 7.06294 66.9996 0.599999
      vertex 6.89074 67.2824 0.599999
      vertex 6.97721 67.3511 0.599999
    endloop
  endfacet
  facet normal 0 0 -1
    outer loop
      vertex 6.71661 67.1365 0.599999
      vertex 6.94453 66.9001 0.599999
      vertex 6.83888 66.8056 0.599999
    endloop
  endfacet
  facet normal 0 0 -1
    outer loop
      vertex 7.06294 66.9996 0.599999
      vertex 6.80387 67.2109 0.599999
      vertex 6.89074 67.2824 0.599999
    endloop
  endfacet
  facet normal 0 0 -1
    outer loop
      vertex 6.54206 66.9783 0.599999
      vertex 6.83888 66.8056 0.599999
      vertex 6.74597 66.7162 0.599999
    endloop
  endfacet
  facet normal 0 0 -1
    outer loop
      vertex 6.94453 66.9001 0.599999
      vertex 6.71661 67.1365 0.599999
      vertex 6.80387 67.2109 0.599999
    endloop
  endfacet
  facet normal 0 0 -1
    outer loop
      vertex 6.45723 66.8927 0.599999
      vertex 6.74597 66.7162 0.599999
      vertex 6.66581 66.6317 0.599999
    endloop
  endfacet
  facet normal 0 0 -1
    outer loop
      vertex 6.83888 66.8056 0.599999
      vertex 6.62892 67.0592 0.599999
      vertex 6.71661 67.1365 0.599999
    endloop
  endfacet
  facet normal 0 0 -1
    outer loop
      vertex 6.37443 66.8025 0.599999
      vertex 6.66581 66.6317 0.599999
      vertex 6.59719 66.5506 0.599999
    endloop
  endfacet
  facet normal 0 0 -1
    outer loop
      vertex 6.83888 66.8056 0.599999
      vertex 6.54206 66.9783 0.599999
      vertex 6.62892 67.0592 0.599999
    endloop
  endfacet
  facet normal 0 0 -1
    outer loop
      vertex 6.29365 66.7077 0.599999
      vertex 6.59719 66.5506 0.599999
      vertex 6.53888 66.4709 0.599999
    endloop
  endfacet
  facet normal 0 0 -1
    outer loop
      vertex 6.29365 66.7077 0.599999
      vertex 6.53888 66.4709 0.599999
      vertex 6.49087 66.3927 0.599999
    endloop
  endfacet
  facet normal 0 0 -1
    outer loop
      vertex 6.74597 66.7162 0.599999
      vertex 6.45723 66.8927 0.599999
      vertex 6.54206 66.9783 0.599999
    endloop
  endfacet
  facet normal 0 0 -1
    outer loop
      vertex 6.14637 66.4986 0.599999
      vertex 6.49087 66.3927 0.599999
      vertex 6.45318 66.316 0.599999
    endloop
  endfacet
  facet normal 0 0 -1
    outer loop
      vertex 6.66581 66.6317 0.599999
      vertex 6.37443 66.8025 0.599999
      vertex 6.45723 66.8927 0.599999
    endloop
  endfacet
  facet normal 0 0 -1
    outer loop
      vertex 7.51593 68.5506 0.599999
      vertex 7.86061 68.7485 0.599999
      vertex 7.56204 68.46 0.599999
    endloop
  endfacet
  facet normal -0 0 -1
    outer loop
      vertex 7.86061 68.7485 0.599999
      vertex 7.51593 68.5506 0.599999
      vertex 7.75189 68.869 0.599999
    endloop
  endfacet
  facet normal 0 0 -1
    outer loop
      vertex 7.45135 68.6271 0.599999
      vertex 7.75189 68.869 0.599999
      vertex 7.51593 68.5506 0.599999
    endloop
  endfacet
  facet normal -0 0 -1
    outer loop
      vertex 7.75189 68.869 0.599999
      vertex 7.45135 68.6271 0.599999
      vertex 7.61432 68.9644 0.599999
    endloop
  endfacet
  facet normal 0 0 -1
    outer loop
      vertex 7.37039 68.6878 0.599999
      vertex 7.61432 68.9644 0.599999
      vertex 7.45135 68.6271 0.599999
    endloop
  endfacet
  facet normal -0 0 -1
    outer loop
      vertex 7.61432 68.9644 0.599999
      vertex 7.37039 68.6878 0.599999
      vertex 7.45001 69.0326 0.599999
    endloop
  endfacet
  facet normal 0 0 -1
    outer loop
      vertex 7.27505 68.7312 0.599999
      vertex 7.45001 69.0326 0.599999
      vertex 7.37039 68.6878 0.599999
    endloop
  endfacet
  facet normal 0 0 -1
    outer loop
      vertex 7.27505 68.7312 0.599999
      vertex 7.25898 69.0735 0.599999
      vertex 7.45001 69.0326 0.599999
    endloop
  endfacet
  facet normal 0 0 -1
    outer loop
      vertex 7.16533 68.7573 0.599999
      vertex 7.25898 69.0735 0.599999
      vertex 7.27505 68.7312 0.599999
    endloop
  endfacet
  facet normal 0 0 -1
    outer loop
      vertex 7.04124 69.0871 0.599999
      vertex 7.16533 68.7573 0.599999
      vertex 7.04124 68.7659 0.599999
    endloop
  endfacet
  facet normal 0 0 -1
    outer loop
      vertex 7.16533 68.7573 0.599999
      vertex 7.04124 69.0871 0.599999
      vertex 7.25898 69.0735 0.599999
    endloop
  endfacet
  facet normal 0 0 -1
    outer loop
      vertex 6.92195 68.7575 0.599999
      vertex 7.04124 69.0871 0.599999
      vertex 7.04124 68.7659 0.599999
    endloop
  endfacet
  facet normal 0 0 -1
    outer loop
      vertex 6.92195 68.7575 0.599999
      vertex 6.84031 69.0735 0.599999
      vertex 7.04124 69.0871 0.599999
    endloop
  endfacet
  facet normal 0 0 -1
    outer loop
      vertex 6.81364 68.732 0.599999
      vertex 6.84031 69.0735 0.599999
      vertex 6.92195 68.7575 0.599999
    endloop
  endfacet
  facet normal 0 0 -1
    outer loop
      vertex 6.65849 69.0328 0.599999
      vertex 6.81364 68.732 0.599999
      vertex 6.71634 68.6896 0.599999
    endloop
  endfacet
  facet normal 0 0 -1
    outer loop
      vertex 6.81364 68.732 0.599999
      vertex 6.65849 69.0328 0.599999
      vertex 6.84031 69.0735 0.599999
    endloop
  endfacet
  facet normal 0 0 -1
    outer loop
      vertex 6.49582 68.965 0.599999
      vertex 6.71634 68.6896 0.599999
      vertex 6.63 68.6303 0.599999
    endloop
  endfacet
  facet normal 0 0 -1
    outer loop
      vertex 6.35225 68.8701 0.599999
      vertex 6.63 68.6303 0.599999
      vertex 6.55752 68.5556 0.599999
    endloop
  endfacet
  facet normal 0 0 -1
    outer loop
      vertex 6.23228 68.7522 0.599999
      vertex 6.55752 68.5556 0.599999
      vertex 6.50171 68.4673 0.599999
    endloop
  endfacet
  facet normal 0 0 -1
    outer loop
      vertex 6.71634 68.6896 0.599999
      vertex 6.49582 68.965 0.599999
      vertex 6.65849 69.0328 0.599999
    endloop
  endfacet
  facet normal 0 0 -1
    outer loop
      vertex 6.14039 68.6156 0.599999
      vertex 6.50171 68.4673 0.599999
      vertex 6.4626 68.3652 0.599999
    endloop
  endfacet
  facet normal 0 0 -1
    outer loop
      vertex 6.0766 68.4604 0.599999
      vertex 6.4626 68.3652 0.599999
      vertex 6.44015 68.2495 0.599999
    endloop
  endfacet
  facet normal 0 0 -1
    outer loop
      vertex 6.63 68.6303 0.599999
      vertex 6.35225 68.8701 0.599999
      vertex 6.49582 68.965 0.599999
    endloop
  endfacet
  facet normal 0 0 -1
    outer loop
      vertex 6.55752 68.5556 0.599999
      vertex 6.23228 68.7522 0.599999
      vertex 6.35225 68.8701 0.599999
    endloop
  endfacet
  facet normal 0 0 -1
    outer loop
      vertex 6.50171 68.4673 0.599999
      vertex 6.14039 68.6156 0.599999
      vertex 6.23228 68.7522 0.599999
    endloop
  endfacet
  facet normal 0 0 -1
    outer loop
      vertex 6.4626 68.3652 0.599999
      vertex 6.0766 68.4604 0.599999
      vertex 6.14039 68.6156 0.599999
    endloop
  endfacet
  facet normal 0 -0 -1
    outer loop
      vertex 6.0766 68.4604 0.599999
      vertex 6.44015 68.2495 0.599999
      vertex 6.04086 68.2864 0.599999
    endloop
  endfacet
  facet normal 0 -1 0
    outer loop
      vertex 4.03935 66.316 0
      vertex 5.63429 66.316 0.599999
      vertex 4.03935 66.316 0.599999
    endloop
  endfacet
  facet normal 0 -1 -0
    outer loop
      vertex 5.63429 66.316 0.599999
      vertex 4.03935 66.316 0
      vertex 5.63429 66.316 0
    endloop
  endfacet
  facet normal -0.897495 0.441025 0
    outer loop
      vertex 4.03935 66.316 0
      vertex 4.07704 66.3927 0.599999
      vertex 4.07704 66.3927 0
    endloop
  endfacet
  facet normal -0.897495 0.441025 0
    outer loop
      vertex 4.07704 66.3927 0.599999
      vertex 4.03935 66.316 0
      vertex 4.03935 66.316 0.599999
    endloop
  endfacet
  facet normal -0.852159 0.523282 0
    outer loop
      vertex 4.07704 66.3927 0
      vertex 4.12506 66.4709 0.599999
      vertex 4.12506 66.4709 0
    endloop
  endfacet
  facet normal -0.852159 0.523282 0
    outer loop
      vertex 4.12506 66.4709 0.599999
      vertex 4.07704 66.3927 0
      vertex 4.07704 66.3927 0.599999
    endloop
  endfacet
  facet normal -0.807113 0.590397 0
    outer loop
      vertex 4.12506 66.4709 0
      vertex 4.18336 66.5506 0.599999
      vertex 4.18336 66.5506 0
    endloop
  endfacet
  facet normal -0.807113 0.590397 0
    outer loop
      vertex 4.18336 66.5506 0.599999
      vertex 4.12506 66.4709 0
      vertex 4.12506 66.4709 0.599999
    endloop
  endfacet
  facet normal -0.763401 0.645925 0
    outer loop
      vertex 4.18336 66.5506 0
      vertex 4.25198 66.6317 0.599999
      vertex 4.25198 66.6317 0
    endloop
  endfacet
  facet normal -0.763401 0.645925 0
    outer loop
      vertex 4.25198 66.6317 0.599999
      vertex 4.18336 66.5506 0
      vertex 4.18336 66.5506 0.599999
    endloop
  endfacet
  facet normal -0.725535 0.688185 0
    outer loop
      vertex 4.25198 66.6317 0
      vertex 4.33213 66.7162 0.599999
      vertex 4.33213 66.7162 0
    endloop
  endfacet
  facet normal -0.725535 0.688185 0
    outer loop
      vertex 4.33213 66.7162 0.599999
      vertex 4.25198 66.6317 0
      vertex 4.25198 66.6317 0.599999
    endloop
  endfacet
  facet normal -0.693326 0.720624 0
    outer loop
      vertex 4.42505 66.8056 0
      vertex 4.33213 66.7162 0.599999
      vertex 4.42505 66.8056 0.599999
    endloop
  endfacet
  facet normal -0.693326 0.720624 0
    outer loop
      vertex 4.33213 66.7162 0.599999
      vertex 4.42505 66.8056 0
      vertex 4.33213 66.7162 0
    endloop
  endfacet
  facet normal -0.666681 0.745343 0
    outer loop
      vertex 4.5307 66.9001 0
      vertex 4.42505 66.8056 0.599999
      vertex 4.5307 66.9001 0.599999
    endloop
  endfacet
  facet normal -0.666681 0.745343 0
    outer loop
      vertex 4.42505 66.8056 0.599999
      vertex 4.5307 66.9001 0
      vertex 4.42505 66.8056 0
    endloop
  endfacet
  facet normal -0.643327 0.765591 0
    outer loop
      vertex 4.64911 66.9996 0
      vertex 4.5307 66.9001 0.599999
      vertex 4.64911 66.9996 0.599999
    endloop
  endfacet
  facet normal -0.643327 0.765591 0
    outer loop
      vertex 4.5307 66.9001 0.599999
      vertex 4.64911 66.9996 0
      vertex 4.5307 66.9001 0
    endloop
  endfacet
  facet normal -0.637088 0.770791 0
    outer loop
      vertex 4.85757 67.1719 0
      vertex 4.64911 66.9996 0.599999
      vertex 4.85757 67.1719 0.599999
    endloop
  endfacet
  facet normal -0.637088 0.770791 0
    outer loop
      vertex 4.64911 66.9996 0.599999
      vertex 4.85757 67.1719 0
      vertex 4.64911 66.9996 0
    endloop
  endfacet
  facet normal -0.653371 0.757038 0
    outer loop
      vertex 5.0294 67.3202 0
      vertex 4.85757 67.1719 0.599999
      vertex 5.0294 67.3202 0.599999
    endloop
  endfacet
  facet normal -0.653371 0.757038 0
    outer loop
      vertex 4.85757 67.1719 0.599999
      vertex 5.0294 67.3202 0
      vertex 4.85757 67.1719 0
    endloop
  endfacet
  facet normal -0.676164 0.736751 0
    outer loop
      vertex 5.16462 67.4443 0
      vertex 5.0294 67.3202 0.599999
      vertex 5.16462 67.4443 0.599999
    endloop
  endfacet
  facet normal -0.676164 0.736751 0
    outer loop
      vertex 5.0294 67.3202 0.599999
      vertex 5.16462 67.4443 0
      vertex 5.0294 67.3202 0
    endloop
  endfacet
  facet normal -0.711687 0.702497 0
    outer loop
      vertex 5.16462 67.4443 0
      vertex 5.26323 67.5442 0.599999
      vertex 5.26323 67.5442 0
    endloop
  endfacet
  facet normal -0.711687 0.702497 0
    outer loop
      vertex 5.26323 67.5442 0.599999
      vertex 5.16462 67.4443 0
      vertex 5.16462 67.4443 0.599999
    endloop
  endfacet
  facet normal -0.759311 0.650727 0
    outer loop
      vertex 5.26323 67.5442 0
      vertex 5.33856 67.6321 0.599999
      vertex 5.33856 67.6321 0
    endloop
  endfacet
  facet normal -0.759311 0.650727 0
    outer loop
      vertex 5.33856 67.6321 0.599999
      vertex 5.26323 67.5442 0
      vertex 5.26323 67.5442 0.599999
    endloop
  endfacet
  facet normal -0.802163 0.597105 0
    outer loop
      vertex 5.33856 67.6321 0
      vertex 5.40399 67.72 0.599999
      vertex 5.40399 67.72 0
    endloop
  endfacet
  facet normal -0.802163 0.597105 0
    outer loop
      vertex 5.40399 67.72 0.599999
      vertex 5.33856 67.6321 0
      vertex 5.33856 67.6321 0.599999
    endloop
  endfacet
  facet normal -0.845384 0.534159 0
    outer loop
      vertex 5.40399 67.72 0
      vertex 5.45953 67.8079 0.599999
      vertex 5.45953 67.8079 0
    endloop
  endfacet
  facet normal -0.845384 0.534159 0
    outer loop
      vertex 5.45953 67.8079 0.599999
      vertex 5.40399 67.72 0
      vertex 5.40399 67.72 0.599999
    endloop
  endfacet
  facet normal -0.887498 0.460812 0
    outer loop
      vertex 5.45953 67.8079 0
      vertex 5.50517 67.8958 0.599999
      vertex 5.50517 67.8958 0
    endloop
  endfacet
  facet normal -0.887498 0.460812 0
    outer loop
      vertex 5.50517 67.8958 0.599999
      vertex 5.45953 67.8079 0
      vertex 5.45953 67.8079 0.599999
    endloop
  endfacet
  facet normal -0.927017 0.37502 0
    outer loop
      vertex 5.50517 67.8958 0
      vertex 5.54077 67.9838 0.599999
      vertex 5.54077 67.9838 0
    endloop
  endfacet
  facet normal -0.927017 0.37502 0
    outer loop
      vertex 5.54077 67.9838 0.599999
      vertex 5.50517 67.8958 0
      vertex 5.50517 67.8958 0.599999
    endloop
  endfacet
  facet normal -0.960943 0.276747 0
    outer loop
      vertex 5.54077 67.9838 0
      vertex 5.5662 68.0721 0.599999
      vertex 5.5662 68.0721 0
    endloop
  endfacet
  facet normal -0.960943 0.276747 0
    outer loop
      vertex 5.5662 68.0721 0.599999
      vertex 5.54077 67.9838 0
      vertex 5.54077 67.9838 0.599999
    endloop
  endfacet
  facet normal -0.985458 0.169922 0
    outer loop
      vertex 5.5662 68.0721 0
      vertex 5.58146 68.1606 0.599999
      vertex 5.58146 68.1606 0
    endloop
  endfacet
  facet normal -0.985458 0.169922 0
    outer loop
      vertex 5.58146 68.1606 0.599999
      vertex 5.5662 68.0721 0
      vertex 5.5662 68.0721 0.599999
    endloop
  endfacet
  facet normal -0.998371 0.0570498 0
    outer loop
      vertex 5.58146 68.1606 0
      vertex 5.58654 68.2495 0.599999
      vertex 5.58654 68.2495 0
    endloop
  endfacet
  facet normal -0.998371 0.0570498 0
    outer loop
      vertex 5.58654 68.2495 0.599999
      vertex 5.58146 68.1606 0
      vertex 5.58146 68.1606 0.599999
    endloop
  endfacet
  facet normal -0.996648 -0.0818073 0
    outer loop
      vertex 5.58654 68.2495 0
      vertex 5.57101 68.4387 0.599999
      vertex 5.57101 68.4387 0
    endloop
  endfacet
  facet normal -0.996648 -0.0818073 0
    outer loop
      vertex 5.57101 68.4387 0.599999
      vertex 5.58654 68.2495 0
      vertex 5.58654 68.2495 0.599999
    endloop
  endfacet
  facet normal -0.962982 -0.269566 0
    outer loop
      vertex 5.57101 68.4387 0
      vertex 5.52443 68.6051 0.599999
      vertex 5.52443 68.6051 0
    endloop
  endfacet
  facet normal -0.962982 -0.269566 0
    outer loop
      vertex 5.52443 68.6051 0.599999
      vertex 5.57101 68.4387 0
      vertex 5.57101 68.4387 0.599999
    endloop
  endfacet
  facet normal -0.87933 -0.476212 0
    outer loop
      vertex 5.52443 68.6051 0
      vertex 5.44677 68.7485 0.599999
      vertex 5.44677 68.7485 0
    endloop
  endfacet
  facet normal -0.87933 -0.476212 0
    outer loop
      vertex 5.44677 68.7485 0.599999
      vertex 5.52443 68.6051 0
      vertex 5.52443 68.6051 0.599999
    endloop
  endfacet
  facet normal -0.742528 -0.669815 0
    outer loop
      vertex 5.44677 68.7485 0
      vertex 5.33807 68.869 0.599999
      vertex 5.33807 68.869 0
    endloop
  endfacet
  facet normal -0.742528 -0.669815 0
    outer loop
      vertex 5.33807 68.869 0.599999
      vertex 5.44677 68.7485 0
      vertex 5.44677 68.7485 0.599999
    endloop
  endfacet
  facet normal -0.569797 -0.821786 0
    outer loop
      vertex 5.20048 68.9644 0
      vertex 5.33807 68.869 0.599999
      vertex 5.20048 68.9644 0.599999
    endloop
  endfacet
  facet normal -0.569797 -0.821786 -0
    outer loop
      vertex 5.33807 68.869 0.599999
      vertex 5.20048 68.9644 0
      vertex 5.33807 68.869 0
    endloop
  endfacet
  facet normal -0.383358 -0.9236 0
    outer loop
      vertex 5.03617 69.0326 0
      vertex 5.20048 68.9644 0.599999
      vertex 5.03617 69.0326 0.599999
    endloop
  endfacet
  facet normal -0.383358 -0.9236 -0
    outer loop
      vertex 5.20048 68.9644 0.599999
      vertex 5.03617 69.0326 0
      vertex 5.20048 68.9644 0
    endloop
  endfacet
  facet normal -0.209368 -0.977837 0
    outer loop
      vertex 4.84515 69.0735 0
      vertex 5.03617 69.0326 0.599999
      vertex 4.84515 69.0735 0.599999
    endloop
  endfacet
  facet normal -0.209368 -0.977837 -0
    outer loop
      vertex 5.03617 69.0326 0.599999
      vertex 4.84515 69.0735 0
      vertex 5.03617 69.0326 0
    endloop
  endfacet
  facet normal -0.0623383 -0.998055 0
    outer loop
      vertex 4.62741 69.0871 0
      vertex 4.84515 69.0735 0.599999
      vertex 4.62741 69.0871 0.599999
    endloop
  endfacet
  facet normal -0.0623383 -0.998055 -0
    outer loop
      vertex 4.84515 69.0735 0.599999
      vertex 4.62741 69.0871 0
      vertex 4.84515 69.0735 0
    endloop
  endfacet
  facet normal 0.0675308 -0.997717 0
    outer loop
      vertex 4.42648 69.0735 0
      vertex 4.62741 69.0871 0.599999
      vertex 4.42648 69.0735 0.599999
    endloop
  endfacet
  facet normal 0.0675308 -0.997717 0
    outer loop
      vertex 4.62741 69.0871 0.599999
      vertex 4.42648 69.0735 0
      vertex 4.62741 69.0871 0
    endloop
  endfacet
  facet normal 0.218453 -0.975847 0
    outer loop
      vertex 4.24467 69.0328 0
      vertex 4.42648 69.0735 0.599999
      vertex 4.24467 69.0328 0.599999
    endloop
  endfacet
  facet normal 0.218453 -0.975847 0
    outer loop
      vertex 4.42648 69.0735 0.599999
      vertex 4.24467 69.0328 0
      vertex 4.42648 69.0735 0
    endloop
  endfacet
  facet normal 0.384676 -0.923052 0
    outer loop
      vertex 4.08198 68.965 0
      vertex 4.24467 69.0328 0.599999
      vertex 4.08198 68.965 0.599999
    endloop
  endfacet
  facet normal 0.384676 -0.923052 0
    outer loop
      vertex 4.24467 69.0328 0.599999
      vertex 4.08198 68.965 0
      vertex 4.24467 69.0328 0
    endloop
  endfacet
  facet normal 0.551424 -0.834225 0
    outer loop
      vertex 3.93841 68.8701 0
      vertex 4.08198 68.965 0.599999
      vertex 3.93841 68.8701 0.599999
    endloop
  endfacet
  facet normal 0.551424 -0.834225 0
    outer loop
      vertex 4.08198 68.965 0.599999
      vertex 3.93841 68.8701 0
      vertex 4.08198 68.965 0
    endloop
  endfacet
  facet normal 0.700986 -0.713175 0
    outer loop
      vertex 3.81846 68.7522 0
      vertex 3.93841 68.8701 0.599999
      vertex 3.81846 68.7522 0.599999
    endloop
  endfacet
  facet normal 0.700986 -0.713175 0
    outer loop
      vertex 3.93841 68.8701 0.599999
      vertex 3.81846 68.7522 0
      vertex 3.93841 68.8701 0
    endloop
  endfacet
  facet normal 0.829735 -0.558158 0
    outer loop
      vertex 3.72657 68.6156 0.599999
      vertex 3.81846 68.7522 0
      vertex 3.81846 68.7522 0.599999
    endloop
  endfacet
  facet normal 0.829735 -0.558158 0
    outer loop
      vertex 3.81846 68.7522 0
      vertex 3.72657 68.6156 0.599999
      vertex 3.72657 68.6156 0
    endloop
  endfacet
  facet normal 0.924879 -0.380261 0
    outer loop
      vertex 3.66276 68.4604 0.599999
      vertex 3.72657 68.6156 0
      vertex 3.72657 68.6156 0.599999
    endloop
  endfacet
  facet normal 0.924879 -0.380261 0
    outer loop
      vertex 3.72657 68.6156 0
      vertex 3.66276 68.4604 0.599999
      vertex 3.66276 68.4604 0
    endloop
  endfacet
  facet normal 0.979561 -0.201148 0
    outer loop
      vertex 3.62703 68.2864 0.599999
      vertex 3.66276 68.4604 0
      vertex 3.66276 68.4604 0.599999
    endloop
  endfacet
  facet normal 0.979561 -0.201148 0
    outer loop
      vertex 3.66276 68.4604 0
      vertex 3.62703 68.2864 0.599999
      vertex 3.62703 68.2864 0
    endloop
  endfacet
  facet normal 0.0920219 0.995757 -0
    outer loop
      vertex 4.02632 68.2495 0
      vertex 3.62703 68.2864 0.599999
      vertex 4.02632 68.2495 0.599999
    endloop
  endfacet
  facet normal 0.0920219 0.995757 0
    outer loop
      vertex 3.62703 68.2864 0.599999
      vertex 4.02632 68.2495 0
      vertex 3.62703 68.2864 0
    endloop
  endfacet
  facet normal -0.981706 0.190402 0
    outer loop
      vertex 4.02632 68.2495 0
      vertex 4.04876 68.3652 0.599999
      vertex 4.04876 68.3652 0
    endloop
  endfacet
  facet normal -0.981706 0.190402 0
    outer loop
      vertex 4.04876 68.3652 0.599999
      vertex 4.02632 68.2495 0
      vertex 4.02632 68.2495 0.599999
    endloop
  endfacet
  facet normal -0.933772 0.35787 0
    outer loop
      vertex 4.04876 68.3652 0
      vertex 4.08789 68.4673 0.599999
      vertex 4.08789 68.4673 0
    endloop
  endfacet
  facet normal -0.933772 0.35787 0
    outer loop
      vertex 4.08789 68.4673 0.599999
      vertex 4.04876 68.3652 0
      vertex 4.04876 68.3652 0.599999
    endloop
  endfacet
  facet normal -0.845352 0.534209 0
    outer loop
      vertex 4.08789 68.4673 0
      vertex 4.14369 68.5556 0.599999
      vertex 4.14369 68.5556 0
    endloop
  endfacet
  facet normal -0.845352 0.534209 0
    outer loop
      vertex 4.14369 68.5556 0.599999
      vertex 4.08789 68.4673 0
      vertex 4.08789 68.4673 0.599999
    endloop
  endfacet
  facet normal -0.717643 0.696411 0
    outer loop
      vertex 4.14369 68.5556 0
      vertex 4.21618 68.6303 0.599999
      vertex 4.21618 68.6303 0
    endloop
  endfacet
  facet normal -0.717643 0.696411 0
    outer loop
      vertex 4.21618 68.6303 0.599999
      vertex 4.14369 68.5556 0
      vertex 4.14369 68.5556 0.599999
    endloop
  endfacet
  facet normal -0.566237 0.824242 0
    outer loop
      vertex 4.3025 68.6896 0
      vertex 4.21618 68.6303 0.599999
      vertex 4.3025 68.6896 0.599999
    endloop
  endfacet
  facet normal -0.566237 0.824242 0
    outer loop
      vertex 4.21618 68.6303 0.599999
      vertex 4.3025 68.6896 0
      vertex 4.21618 68.6303 0
    endloop
  endfacet
  facet normal -0.399415 0.91677 0
    outer loop
      vertex 4.39982 68.732 0
      vertex 4.3025 68.6896 0.599999
      vertex 4.39982 68.732 0.599999
    endloop
  endfacet
  facet normal -0.399415 0.91677 0
    outer loop
      vertex 4.3025 68.6896 0.599999
      vertex 4.39982 68.732 0
      vertex 4.3025 68.6896 0
    endloop
  endfacet
  facet normal -0.22921 0.973377 0
    outer loop
      vertex 4.50811 68.7575 0
      vertex 4.39982 68.732 0.599999
      vertex 4.50811 68.7575 0.599999
    endloop
  endfacet
  facet normal -0.22921 0.973377 0
    outer loop
      vertex 4.39982 68.732 0.599999
      vertex 4.50811 68.7575 0
      vertex 4.39982 68.732 0
    endloop
  endfacet
  facet normal -0.0702368 0.99753 0
    outer loop
      vertex 4.62741 68.7659 0
      vertex 4.50811 68.7575 0.599999
      vertex 4.62741 68.7659 0.599999
    endloop
  endfacet
  facet normal -0.0702368 0.99753 0
    outer loop
      vertex 4.50811 68.7575 0.599999
      vertex 4.62741 68.7659 0
      vertex 4.50811 68.7575 0
    endloop
  endfacet
  facet normal 0.0691332 0.997607 -0
    outer loop
      vertex 4.75151 68.7573 0
      vertex 4.62741 68.7659 0.599999
      vertex 4.75151 68.7573 0.599999
    endloop
  endfacet
  facet normal 0.0691332 0.997607 0
    outer loop
      vertex 4.62741 68.7659 0.599999
      vertex 4.75151 68.7573 0
      vertex 4.62741 68.7659 0
    endloop
  endfacet
  facet normal 0.231441 0.972849 -0
    outer loop
      vertex 4.86122 68.7312 0
      vertex 4.75151 68.7573 0.599999
      vertex 4.86122 68.7312 0.599999
    endloop
  endfacet
  facet normal 0.231441 0.972849 0
    outer loop
      vertex 4.75151 68.7573 0.599999
      vertex 4.86122 68.7312 0
      vertex 4.75151 68.7573 0
    endloop
  endfacet
  facet normal 0.414342 0.910121 -0
    outer loop
      vertex 4.95655 68.6878 0
      vertex 4.86122 68.7312 0.599999
      vertex 4.95655 68.6878 0.599999
    endloop
  endfacet
  facet normal 0.414342 0.910121 0
    outer loop
      vertex 4.86122 68.7312 0.599999
      vertex 4.95655 68.6878 0
      vertex 4.86122 68.7312 0
    endloop
  endfacet
  facet normal 0.599826 0.80013 -0
    outer loop
      vertex 5.03752 68.6271 0
      vertex 4.95655 68.6878 0.599999
      vertex 5.03752 68.6271 0.599999
    endloop
  endfacet
  facet normal 0.599826 0.80013 0
    outer loop
      vertex 4.95655 68.6878 0.599999
      vertex 5.03752 68.6271 0
      vertex 4.95655 68.6878 0
    endloop
  endfacet
  facet normal 0.764178 0.645006 0
    outer loop
      vertex 5.10209 68.5506 0.599999
      vertex 5.03752 68.6271 0
      vertex 5.03752 68.6271 0.599999
    endloop
  endfacet
  facet normal 0.764178 0.645006 0
    outer loop
      vertex 5.03752 68.6271 0
      vertex 5.10209 68.5506 0.599999
      vertex 5.10209 68.5506 0
    endloop
  endfacet
  facet normal 0.891217 0.453577 0
    outer loop
      vertex 5.1482 68.46 0.599999
      vertex 5.10209 68.5506 0
      vertex 5.10209 68.5506 0.599999
    endloop
  endfacet
  facet normal 0.891217 0.453577 0
    outer loop
      vertex 5.10209 68.5506 0
      vertex 5.1482 68.46 0.599999
      vertex 5.1482 68.46 0
    endloop
  endfacet
  facet normal 0.966784 0.255593 0
    outer loop
      vertex 5.17588 68.3553 0.599999
      vertex 5.1482 68.46 0
      vertex 5.1482 68.46 0.599999
    endloop
  endfacet
  facet normal 0.966784 0.255593 0
    outer loop
      vertex 5.1482 68.46 0
      vertex 5.17588 68.3553 0.599999
      vertex 5.17588 68.3553 0
    endloop
  endfacet
  facet normal 0.997007 0.0773121 0
    outer loop
      vertex 5.1851 68.2364 0.599999
      vertex 5.17588 68.3553 0
      vertex 5.17588 68.3553 0.599999
    endloop
  endfacet
  facet normal 0.997007 0.0773121 0
    outer loop
      vertex 5.17588 68.3553 0
      vertex 5.1851 68.2364 0.599999
      vertex 5.1851 68.2364 0
    endloop
  endfacet
  facet normal 0.998262 -0.0589283 0
    outer loop
      vertex 5.17974 68.1456 0.599999
      vertex 5.1851 68.2364 0
      vertex 5.1851 68.2364 0.599999
    endloop
  endfacet
  facet normal 0.998262 -0.0589283 0
    outer loop
      vertex 5.1851 68.2364 0
      vertex 5.17974 68.1456 0.599999
      vertex 5.17974 68.1456 0
    endloop
  endfacet
  facet normal 0.983007 -0.183571 0
    outer loop
      vertex 5.16368 68.0596 0.599999
      vertex 5.17974 68.1456 0
      vertex 5.17974 68.1456 0.599999
    endloop
  endfacet
  facet normal 0.983007 -0.183571 0
    outer loop
      vertex 5.17974 68.1456 0
      vertex 5.16368 68.0596 0.599999
      vertex 5.16368 68.0596 0
    endloop
  endfacet
  facet normal 0.9495 -0.313768 0
    outer loop
      vertex 5.13688 67.9785 0.599999
      vertex 5.16368 68.0596 0
      vertex 5.16368 68.0596 0.599999
    endloop
  endfacet
  facet normal 0.9495 -0.313768 0
    outer loop
      vertex 5.16368 68.0596 0
      vertex 5.13688 67.9785 0.599999
      vertex 5.13688 67.9785 0
    endloop
  endfacet
  facet normal 0.897235 -0.441553 0
    outer loop
      vertex 5.09938 67.9023 0.599999
      vertex 5.13688 67.9785 0
      vertex 5.13688 67.9785 0.599999
    endloop
  endfacet
  facet normal 0.897235 -0.441553 0
    outer loop
      vertex 5.13688 67.9785 0
      vertex 5.09938 67.9023 0.599999
      vertex 5.09938 67.9023 0
    endloop
  endfacet
  facet normal 0.845046 -0.534694 0
    outer loop
      vertex 5.05319 67.8293 0.599999
      vertex 5.09938 67.9023 0
      vertex 5.09938 67.9023 0.599999
    endloop
  endfacet
  facet normal 0.845046 -0.534694 0
    outer loop
      vertex 5.09938 67.9023 0
      vertex 5.05319 67.8293 0.599999
      vertex 5.05319 67.8293 0
    endloop
  endfacet
  facet normal 0.803475 -0.595338 0
    outer loop
      vertex 5.00036 67.758 0.599999
      vertex 5.05319 67.8293 0
      vertex 5.05319 67.8293 0.599999
    endloop
  endfacet
  facet normal 0.803475 -0.595338 0
    outer loop
      vertex 5.05319 67.8293 0
      vertex 5.00036 67.758 0.599999
      vertex 5.00036 67.758 0
    endloop
  endfacet
  facet normal 0.761132 -0.648598 0
    outer loop
      vertex 4.94088 67.6882 0.599999
      vertex 5.00036 67.758 0
      vertex 5.00036 67.758 0.599999
    endloop
  endfacet
  facet normal 0.761132 -0.648598 0
    outer loop
      vertex 5.00036 67.758 0
      vertex 4.94088 67.6882 0.599999
      vertex 4.94088 67.6882 0
    endloop
  endfacet
  facet normal 0.717513 -0.696546 0
    outer loop
      vertex 4.87477 67.6201 0.599999
      vertex 4.94088 67.6882 0
      vertex 4.94088 67.6882 0.599999
    endloop
  endfacet
  facet normal 0.717513 -0.696546 0
    outer loop
      vertex 4.94088 67.6882 0
      vertex 4.87477 67.6201 0.599999
      vertex 4.87477 67.6201 0
    endloop
  endfacet
  facet normal 0.684653 -0.72887 0
    outer loop
      vertex 4.80323 67.5529 0
      vertex 4.87477 67.6201 0.599999
      vertex 4.80323 67.5529 0.599999
    endloop
  endfacet
  facet normal 0.684653 -0.72887 0
    outer loop
      vertex 4.87477 67.6201 0.599999
      vertex 4.80323 67.5529 0
      vertex 4.87477 67.6201 0
    endloop
  endfacet
  facet normal 0.664229 -0.747529 0
    outer loop
      vertex 4.72749 67.4856 0
      vertex 4.80323 67.5529 0.599999
      vertex 4.72749 67.4856 0.599999
    endloop
  endfacet
  facet normal 0.664229 -0.747529 0
    outer loop
      vertex 4.80323 67.5529 0.599999
      vertex 4.72749 67.4856 0
      vertex 4.80323 67.5529 0
    endloop
  endfacet
  facet normal 0.643381 -0.765546 0
    outer loop
      vertex 4.64753 67.4184 0
      vertex 4.72749 67.4856 0.599999
      vertex 4.64753 67.4184 0.599999
    endloop
  endfacet
  facet normal 0.643381 -0.765546 0
    outer loop
      vertex 4.72749 67.4856 0.599999
      vertex 4.64753 67.4184 0
      vertex 4.72749 67.4856 0
    endloop
  endfacet
  facet normal 0.624582 -0.780959 0
    outer loop
      vertex 4.56338 67.3511 0
      vertex 4.64753 67.4184 0.599999
      vertex 4.56338 67.3511 0.599999
    endloop
  endfacet
  facet normal 0.624582 -0.780959 0
    outer loop
      vertex 4.64753 67.4184 0.599999
      vertex 4.56338 67.3511 0
      vertex 4.64753 67.4184 0
    endloop
  endfacet
  facet normal 0.622108 -0.782932 0
    outer loop
      vertex 4.47692 67.2824 0
      vertex 4.56338 67.3511 0.599999
      vertex 4.47692 67.2824 0.599999
    endloop
  endfacet
  facet normal 0.622108 -0.782932 0
    outer loop
      vertex 4.56338 67.3511 0.599999
      vertex 4.47692 67.2824 0
      vertex 4.56338 67.3511 0
    endloop
  endfacet
  facet normal 0.635539 -0.772069 0
    outer loop
      vertex 4.39006 67.2109 0
      vertex 4.47692 67.2824 0.599999
      vertex 4.39006 67.2109 0.599999
    endloop
  endfacet
  facet normal 0.635539 -0.772069 0
    outer loop
      vertex 4.47692 67.2824 0.599999
      vertex 4.39006 67.2109 0
      vertex 4.47692 67.2824 0
    endloop
  endfacet
  facet normal 0.648721 -0.761026 0
    outer loop
      vertex 4.30278 67.1365 0
      vertex 4.39006 67.2109 0.599999
      vertex 4.30278 67.1365 0.599999
    endloop
  endfacet
  facet normal 0.648721 -0.761026 0
    outer loop
      vertex 4.39006 67.2109 0.599999
      vertex 4.30278 67.1365 0
      vertex 4.39006 67.2109 0
    endloop
  endfacet
  facet normal 0.661225 -0.750187 0
    outer loop
      vertex 4.21508 67.0592 0
      vertex 4.30278 67.1365 0.599999
      vertex 4.21508 67.0592 0.599999
    endloop
  endfacet
  facet normal 0.661225 -0.750187 0
    outer loop
      vertex 4.30278 67.1365 0.599999
      vertex 4.21508 67.0592 0
      vertex 4.30278 67.1365 0
    endloop
  endfacet
  facet normal 0.681597 -0.731727 0
    outer loop
      vertex 4.12823 66.9783 0
      vertex 4.21508 67.0592 0.599999
      vertex 4.12823 66.9783 0.599999
    endloop
  endfacet
  facet normal 0.681597 -0.731727 0
    outer loop
      vertex 4.21508 67.0592 0.599999
      vertex 4.12823 66.9783 0
      vertex 4.21508 67.0592 0
    endloop
  endfacet
  facet normal 0.710336 -0.703863 0
    outer loop
      vertex 4.04341 66.8927 0.599999
      vertex 4.12823 66.9783 0
      vertex 4.12823 66.9783 0.599999
    endloop
  endfacet
  facet normal 0.710336 -0.703863 0
    outer loop
      vertex 4.12823 66.9783 0
      vertex 4.04341 66.8927 0.599999
      vertex 4.04341 66.8927 0
    endloop
  endfacet
  facet normal 0.736639 -0.676287 0
    outer loop
      vertex 3.9606 66.8025 0.599999
      vertex 4.04341 66.8927 0
      vertex 4.04341 66.8927 0.599999
    endloop
  endfacet
  facet normal 0.736639 -0.676287 0
    outer loop
      vertex 4.04341 66.8927 0
      vertex 3.9606 66.8025 0.599999
      vertex 3.9606 66.8025 0
    endloop
  endfacet
  facet normal 0.761186 -0.648534 0
    outer loop
      vertex 3.87983 66.7077 0.599999
      vertex 3.9606 66.8025 0
      vertex 3.9606 66.8025 0.599999
    endloop
  endfacet
  facet normal 0.761186 -0.648534 0
    outer loop
      vertex 3.9606 66.8025 0
      vertex 3.87983 66.7077 0.599999
      vertex 3.87983 66.7077 0
    endloop
  endfacet
  facet normal 0.79585 -0.605494 0
    outer loop
      vertex 3.80314 66.6069 0.599999
      vertex 3.87983 66.7077 0
      vertex 3.87983 66.7077 0.599999
    endloop
  endfacet
  facet normal 0.79585 -0.605494 0
    outer loop
      vertex 3.87983 66.7077 0
      vertex 3.80314 66.6069 0.599999
      vertex 3.80314 66.6069 0
    endloop
  endfacet
  facet normal 0.837718 -0.546103 0
    outer loop
      vertex 3.73254 66.4986 0.599999
      vertex 3.80314 66.6069 0
      vertex 3.80314 66.6069 0.599999
    endloop
  endfacet
  facet normal 0.837718 -0.546103 0
    outer loop
      vertex 3.80314 66.6069 0
      vertex 3.73254 66.4986 0.599999
      vertex 3.73254 66.4986 0
    endloop
  endfacet
  facet normal 0.873687 -0.486488 0
    outer loop
      vertex 3.66806 66.3828 0.599999
      vertex 3.73254 66.4986 0
      vertex 3.73254 66.4986 0.599999
    endloop
  endfacet
  facet normal 0.873687 -0.486488 0
    outer loop
      vertex 3.73254 66.4986 0
      vertex 3.66806 66.3828 0.599999
      vertex 3.66806 66.3828 0
    endloop
  endfacet
  facet normal 0.903675 -0.428219 0
    outer loop
      vertex 3.60968 66.2596 0.599999
      vertex 3.66806 66.3828 0
      vertex 3.66806 66.3828 0.599999
    endloop
  endfacet
  facet normal 0.903675 -0.428219 0
    outer loop
      vertex 3.66806 66.3828 0
      vertex 3.60968 66.2596 0.599999
      vertex 3.60968 66.2596 0
    endloop
  endfacet
  facet normal 1 -0 0
    outer loop
      vertex 3.60968 65.984 0.599999
      vertex 3.60968 66.2596 0
      vertex 3.60968 66.2596 0.599999
    endloop
  endfacet
  facet normal 1 0 0
    outer loop
      vertex 3.60968 66.2596 0
      vertex 3.60968 65.984 0.599999
      vertex 3.60968 65.984 0
    endloop
  endfacet
  facet normal 0 1 -0
    outer loop
      vertex 5.63429 65.984 0
      vertex 3.60968 65.984 0.599999
      vertex 5.63429 65.984 0.599999
    endloop
  endfacet
  facet normal 0 1 0
    outer loop
      vertex 3.60968 65.984 0.599999
      vertex 5.63429 65.984 0
      vertex 3.60968 65.984 0
    endloop
  endfacet
  facet normal -1 0 0
    outer loop
      vertex 5.63429 65.984 0
      vertex 5.63429 66.316 0.599999
      vertex 5.63429 66.316 0
    endloop
  endfacet
  facet normal -1 -0 0
    outer loop
      vertex 5.63429 66.316 0.599999
      vertex 5.63429 65.984 0
      vertex 5.63429 65.984 0.599999
    endloop
  endfacet
  facet normal 0 -1 0
    outer loop
      vertex 6.45318 66.316 0
      vertex 8.04812 66.316 0.599999
      vertex 6.45318 66.316 0.599999
    endloop
  endfacet
  facet normal 0 -1 -0
    outer loop
      vertex 8.04812 66.316 0.599999
      vertex 6.45318 66.316 0
      vertex 8.04812 66.316 0
    endloop
  endfacet
  facet normal -0.897495 0.441025 0
    outer loop
      vertex 6.45318 66.316 0
      vertex 6.49087 66.3927 0.599999
      vertex 6.49087 66.3927 0
    endloop
  endfacet
  facet normal -0.897495 0.441025 0
    outer loop
      vertex 6.49087 66.3927 0.599999
      vertex 6.45318 66.316 0
      vertex 6.45318 66.316 0.599999
    endloop
  endfacet
  facet normal -0.852208 0.523203 0
    outer loop
      vertex 6.49087 66.3927 0
      vertex 6.53888 66.4709 0.599999
      vertex 6.53888 66.4709 0
    endloop
  endfacet
  facet normal -0.852208 0.523203 0
    outer loop
      vertex 6.53888 66.4709 0.599999
      vertex 6.49087 66.3927 0
      vertex 6.49087 66.3927 0.599999
    endloop
  endfacet
  facet normal -0.807064 0.590463 0
    outer loop
      vertex 6.53888 66.4709 0
      vertex 6.59719 66.5506 0.599999
      vertex 6.59719 66.5506 0
    endloop
  endfacet
  facet normal -0.807064 0.590463 0
    outer loop
      vertex 6.59719 66.5506 0.599999
      vertex 6.53888 66.4709 0
      vertex 6.53888 66.4709 0.599999
    endloop
  endfacet
  facet normal -0.763401 0.645925 0
    outer loop
      vertex 6.59719 66.5506 0
      vertex 6.66581 66.6317 0.599999
      vertex 6.66581 66.6317 0
    endloop
  endfacet
  facet normal -0.763401 0.645925 0
    outer loop
      vertex 6.66581 66.6317 0.599999
      vertex 6.59719 66.5506 0
      vertex 6.59719 66.5506 0.599999
    endloop
  endfacet
  facet normal -0.725492 0.68823 0
    outer loop
      vertex 6.66581 66.6317 0
      vertex 6.74597 66.7162 0.599999
      vertex 6.74597 66.7162 0
    endloop
  endfacet
  facet normal -0.725492 0.68823 0
    outer loop
      vertex 6.74597 66.7162 0.599999
      vertex 6.66581 66.6317 0
      vertex 6.66581 66.6317 0.599999
    endloop
  endfacet
  facet normal -0.693364 0.720587 0
    outer loop
      vertex 6.83888 66.8056 0
      vertex 6.74597 66.7162 0.599999
      vertex 6.83888 66.8056 0.599999
    endloop
  endfacet
  facet normal -0.693364 0.720587 0
    outer loop
      vertex 6.74597 66.7162 0.599999
      vertex 6.83888 66.8056 0
      vertex 6.74597 66.7162 0
    endloop
  endfacet
  facet normal -0.666681 0.745343 0
    outer loop
      vertex 6.94453 66.9001 0
      vertex 6.83888 66.8056 0.599999
      vertex 6.94453 66.9001 0.599999
    endloop
  endfacet
  facet normal -0.666681 0.745343 0
    outer loop
      vertex 6.83888 66.8056 0.599999
      vertex 6.94453 66.9001 0
      vertex 6.83888 66.8056 0
    endloop
  endfacet
  facet normal -0.643327 0.765591 0
    outer loop
      vertex 7.06294 66.9996 0
      vertex 6.94453 66.9001 0.599999
      vertex 7.06294 66.9996 0.599999
    endloop
  endfacet
  facet normal -0.643327 0.765591 0
    outer loop
      vertex 6.94453 66.9001 0.599999
      vertex 7.06294 66.9996 0
      vertex 6.94453 66.9001 0
    endloop
  endfacet
  facet normal -0.637106 0.770776 0
    outer loop
      vertex 7.27139 67.1719 0
      vertex 7.06294 66.9996 0.599999
      vertex 7.27139 67.1719 0.599999
    endloop
  endfacet
  facet normal -0.637106 0.770776 0
    outer loop
      vertex 7.06294 66.9996 0.599999
      vertex 7.27139 67.1719 0
      vertex 7.06294 66.9996 0
    endloop
  endfacet
  facet normal -0.653349 0.757057 0
    outer loop
      vertex 7.44323 67.3202 0
      vertex 7.27139 67.1719 0.599999
      vertex 7.44323 67.3202 0.599999
    endloop
  endfacet
  facet normal -0.653349 0.757057 0
    outer loop
      vertex 7.27139 67.1719 0.599999
      vertex 7.44323 67.3202 0
      vertex 7.27139 67.1719 0
    endloop
  endfacet
  facet normal -0.676137 0.736776 0
    outer loop
      vertex 7.57846 67.4443 0
      vertex 7.44323 67.3202 0.599999
      vertex 7.57846 67.4443 0.599999
    endloop
  endfacet
  facet normal -0.676137 0.736776 0
    outer loop
      vertex 7.44323 67.3202 0.599999
      vertex 7.57846 67.4443 0
      vertex 7.44323 67.3202 0
    endloop
  endfacet
  facet normal -0.711794 0.702389 0
    outer loop
      vertex 7.57846 67.4443 0
      vertex 7.67704 67.5442 0.599999
      vertex 7.67704 67.5442 0
    endloop
  endfacet
  facet normal -0.711794 0.702389 0
    outer loop
      vertex 7.67704 67.5442 0.599999
      vertex 7.57846 67.4443 0
      vertex 7.57846 67.4443 0.599999
    endloop
  endfacet
  facet normal -0.759226 0.650827 0
    outer loop
      vertex 7.67704 67.5442 0
      vertex 7.75239 67.6321 0.599999
      vertex 7.75239 67.6321 0
    endloop
  endfacet
  facet normal -0.759226 0.650827 0
    outer loop
      vertex 7.75239 67.6321 0.599999
      vertex 7.67704 67.5442 0
      vertex 7.67704 67.5442 0.599999
    endloop
  endfacet
  facet normal -0.802163 0.597105 0
    outer loop
      vertex 7.75239 67.6321 0
      vertex 7.81782 67.72 0.599999
      vertex 7.81782 67.72 0
    endloop
  endfacet
  facet normal -0.802163 0.597105 0
    outer loop
      vertex 7.81782 67.72 0.599999
      vertex 7.75239 67.6321 0
      vertex 7.75239 67.6321 0.599999
    endloop
  endfacet
  facet normal -0.845384 0.534159 0
    outer loop
      vertex 7.81782 67.72 0
      vertex 7.87336 67.8079 0.599999
      vertex 7.87336 67.8079 0
    endloop
  endfacet
  facet normal -0.845384 0.534159 0
    outer loop
      vertex 7.87336 67.8079 0.599999
      vertex 7.81782 67.72 0
      vertex 7.81782 67.72 0.599999
    endloop
  endfacet
  facet normal -0.887498 0.460812 0
    outer loop
      vertex 7.87336 67.8079 0
      vertex 7.919 67.8958 0.599999
      vertex 7.919 67.8958 0
    endloop
  endfacet
  facet normal -0.887498 0.460812 0
    outer loop
      vertex 7.919 67.8958 0.599999
      vertex 7.87336 67.8079 0
      vertex 7.87336 67.8079 0.599999
    endloop
  endfacet
  facet normal -0.927017 0.37502 0
    outer loop
      vertex 7.919 67.8958 0
      vertex 7.9546 67.9838 0.599999
      vertex 7.9546 67.9838 0
    endloop
  endfacet
  facet normal -0.927017 0.37502 0
    outer loop
      vertex 7.9546 67.9838 0.599999
      vertex 7.919 67.8958 0
      vertex 7.919 67.8958 0.599999
    endloop
  endfacet
  facet normal -0.960914 0.276848 0
    outer loop
      vertex 7.9546 67.9838 0
      vertex 7.98004 68.0721 0.599999
      vertex 7.98004 68.0721 0
    endloop
  endfacet
  facet normal -0.960914 0.276848 0
    outer loop
      vertex 7.98004 68.0721 0.599999
      vertex 7.9546 67.9838 0
      vertex 7.9546 67.9838 0.599999
    endloop
  endfacet
  facet normal -0.985458 0.169922 0
    outer loop
      vertex 7.98004 68.0721 0
      vertex 7.9953 68.1606 0.599999
      vertex 7.9953 68.1606 0
    endloop
  endfacet
  facet normal -0.985458 0.169922 0
    outer loop
      vertex 7.9953 68.1606 0.599999
      vertex 7.98004 68.0721 0
      vertex 7.98004 68.0721 0.599999
    endloop
  endfacet
  facet normal -0.998371 0.0570498 0
    outer loop
      vertex 7.9953 68.1606 0
      vertex 8.00038 68.2495 0.599999
      vertex 8.00038 68.2495 0
    endloop
  endfacet
  facet normal -0.998371 0.0570498 0
    outer loop
      vertex 8.00038 68.2495 0.599999
      vertex 7.9953 68.1606 0
      vertex 7.9953 68.1606 0.599999
    endloop
  endfacet
  facet normal -0.996644 -0.0818596 0
    outer loop
      vertex 8.00038 68.2495 0
      vertex 7.98484 68.4387 0.599999
      vertex 7.98484 68.4387 0
    endloop
  endfacet
  facet normal -0.996644 -0.0818596 0
    outer loop
      vertex 7.98484 68.4387 0.599999
      vertex 8.00038 68.2495 0
      vertex 8.00038 68.2495 0.599999
    endloop
  endfacet
  facet normal -0.962982 -0.269566 0
    outer loop
      vertex 7.98484 68.4387 0
      vertex 7.93826 68.6051 0.599999
      vertex 7.93826 68.6051 0
    endloop
  endfacet
  facet normal -0.962982 -0.269566 0
    outer loop
      vertex 7.93826 68.6051 0.599999
      vertex 7.98484 68.4387 0
      vertex 7.98484 68.4387 0.599999
    endloop
  endfacet
  facet normal -0.879356 -0.476165 0
    outer loop
      vertex 7.93826 68.6051 0
      vertex 7.86061 68.7485 0.599999
      vertex 7.86061 68.7485 0
    endloop
  endfacet
  facet normal -0.879356 -0.476165 0
    outer loop
      vertex 7.86061 68.7485 0.599999
      vertex 7.93826 68.6051 0
      vertex 7.93826 68.6051 0.599999
    endloop
  endfacet
  facet normal -0.742466 -0.669883 0
    outer loop
      vertex 7.86061 68.7485 0
      vertex 7.75189 68.869 0.599999
      vertex 7.75189 68.869 0
    endloop
  endfacet
  facet normal -0.742466 -0.669883 0
    outer loop
      vertex 7.75189 68.869 0.599999
      vertex 7.86061 68.7485 0
      vertex 7.86061 68.7485 0.599999
    endloop
  endfacet
  facet normal -0.569853 -0.821747 0
    outer loop
      vertex 7.61432 68.9644 0
      vertex 7.75189 68.869 0.599999
      vertex 7.61432 68.9644 0.599999
    endloop
  endfacet
  facet normal -0.569853 -0.821747 -0
    outer loop
      vertex 7.75189 68.869 0.599999
      vertex 7.61432 68.9644 0
      vertex 7.75189 68.869 0
    endloop
  endfacet
  facet normal -0.383358 -0.9236 0
    outer loop
      vertex 7.45001 69.0326 0
      vertex 7.61432 68.9644 0.599999
      vertex 7.45001 69.0326 0.599999
    endloop
  endfacet
  facet normal -0.383358 -0.9236 -0
    outer loop
      vertex 7.61432 68.9644 0.599999
      vertex 7.45001 69.0326 0
      vertex 7.61432 68.9644 0
    endloop
  endfacet
  facet normal -0.209358 -0.977839 0
    outer loop
      vertex 7.25898 69.0735 0
      vertex 7.45001 69.0326 0.599999
      vertex 7.25898 69.0735 0.599999
    endloop
  endfacet
  facet normal -0.209358 -0.977839 -0
    outer loop
      vertex 7.45001 69.0326 0.599999
      vertex 7.25898 69.0735 0
      vertex 7.45001 69.0326 0
    endloop
  endfacet
  facet normal -0.0623383 -0.998055 0
    outer loop
      vertex 7.04124 69.0871 0
      vertex 7.25898 69.0735 0.599999
      vertex 7.04124 69.0871 0.599999
    endloop
  endfacet
  facet normal -0.0623383 -0.998055 -0
    outer loop
      vertex 7.25898 69.0735 0.599999
      vertex 7.04124 69.0871 0
      vertex 7.25898 69.0735 0
    endloop
  endfacet
  facet normal 0.0675308 -0.997717 0
    outer loop
      vertex 6.84031 69.0735 0
      vertex 7.04124 69.0871 0.599999
      vertex 6.84031 69.0735 0.599999
    endloop
  endfacet
  facet normal 0.0675308 -0.997717 0
    outer loop
      vertex 7.04124 69.0871 0.599999
      vertex 6.84031 69.0735 0
      vertex 7.04124 69.0871 0
    endloop
  endfacet
  facet normal 0.218442 -0.97585 0
    outer loop
      vertex 6.65849 69.0328 0
      vertex 6.84031 69.0735 0.599999
      vertex 6.65849 69.0328 0.599999
    endloop
  endfacet
  facet normal 0.218442 -0.97585 0
    outer loop
      vertex 6.84031 69.0735 0.599999
      vertex 6.65849 69.0328 0
      vertex 6.84031 69.0735 0
    endloop
  endfacet
  facet normal 0.384716 -0.923035 0
    outer loop
      vertex 6.49582 68.965 0
      vertex 6.65849 69.0328 0.599999
      vertex 6.49582 68.965 0.599999
    endloop
  endfacet
  facet normal 0.384716 -0.923035 0
    outer loop
      vertex 6.65849 69.0328 0.599999
      vertex 6.49582 68.965 0
      vertex 6.65849 69.0328 0
    endloop
  endfacet
  facet normal 0.551424 -0.834225 0
    outer loop
      vertex 6.35225 68.8701 0
      vertex 6.49582 68.965 0.599999
      vertex 6.35225 68.8701 0.599999
    endloop
  endfacet
  facet normal 0.551424 -0.834225 0
    outer loop
      vertex 6.49582 68.965 0.599999
      vertex 6.35225 68.8701 0
      vertex 6.49582 68.965 0
    endloop
  endfacet
  facet normal 0.700927 -0.713233 0
    outer loop
      vertex 6.23228 68.7522 0
      vertex 6.35225 68.8701 0.599999
      vertex 6.23228 68.7522 0.599999
    endloop
  endfacet
  facet normal 0.700927 -0.713233 0
    outer loop
      vertex 6.35225 68.8701 0.599999
      vertex 6.23228 68.7522 0
      vertex 6.35225 68.8701 0
    endloop
  endfacet
  facet normal 0.829735 -0.558158 0
    outer loop
      vertex 6.14039 68.6156 0.599999
      vertex 6.23228 68.7522 0
      vertex 6.23228 68.7522 0.599999
    endloop
  endfacet
  facet normal 0.829735 -0.558158 0
    outer loop
      vertex 6.23228 68.7522 0
      vertex 6.14039 68.6156 0.599999
      vertex 6.14039 68.6156 0
    endloop
  endfacet
  facet normal 0.924921 -0.380159 0
    outer loop
      vertex 6.0766 68.4604 0.599999
      vertex 6.14039 68.6156 0
      vertex 6.14039 68.6156 0.599999
    endloop
  endfacet
  facet normal 0.924921 -0.380159 0
    outer loop
      vertex 6.14039 68.6156 0
      vertex 6.0766 68.4604 0.599999
      vertex 6.0766 68.4604 0
    endloop
  endfacet
  facet normal 0.97955 -0.201202 0
    outer loop
      vertex 6.04086 68.2864 0.599999
      vertex 6.0766 68.4604 0
      vertex 6.0766 68.4604 0.599999
    endloop
  endfacet
  facet normal 0.97955 -0.201202 0
    outer loop
      vertex 6.0766 68.4604 0
      vertex 6.04086 68.2864 0.599999
      vertex 6.04086 68.2864 0
    endloop
  endfacet
  facet normal 0.0920219 0.995757 -0
    outer loop
      vertex 6.44015 68.2495 0
      vertex 6.04086 68.2864 0.599999
      vertex 6.44015 68.2495 0.599999
    endloop
  endfacet
  facet normal 0.0920219 0.995757 0
    outer loop
      vertex 6.04086 68.2864 0.599999
      vertex 6.44015 68.2495 0
      vertex 6.04086 68.2864 0
    endloop
  endfacet
  facet normal -0.98169 0.190484 0
    outer loop
      vertex 6.44015 68.2495 0
      vertex 6.4626 68.3652 0.599999
      vertex 6.4626 68.3652 0
    endloop
  endfacet
  facet normal -0.98169 0.190484 0
    outer loop
      vertex 6.4626 68.3652 0.599999
      vertex 6.44015 68.2495 0
      vertex 6.44015 68.2495 0.599999
    endloop
  endfacet
  facet normal -0.933833 0.35771 0
    outer loop
      vertex 6.4626 68.3652 0
      vertex 6.50171 68.4673 0.599999
      vertex 6.50171 68.4673 0
    endloop
  endfacet
  facet normal -0.933833 0.35771 0
    outer loop
      vertex 6.50171 68.4673 0.599999
      vertex 6.4626 68.3652 0
      vertex 6.4626 68.3652 0.599999
    endloop
  endfacet
  facet normal -0.845309 0.534278 0
    outer loop
      vertex 6.50171 68.4673 0
      vertex 6.55752 68.5556 0.599999
      vertex 6.55752 68.5556 0
    endloop
  endfacet
  facet normal -0.845309 0.534278 0
    outer loop
      vertex 6.55752 68.5556 0.599999
      vertex 6.50171 68.4673 0
      vertex 6.50171 68.4673 0.599999
    endloop
  endfacet
  facet normal -0.717691 0.696362 0
    outer loop
      vertex 6.55752 68.5556 0
      vertex 6.63 68.6303 0.599999
      vertex 6.63 68.6303 0
    endloop
  endfacet
  facet normal -0.717691 0.696362 0
    outer loop
      vertex 6.63 68.6303 0.599999
      vertex 6.55752 68.5556 0
      vertex 6.55752 68.5556 0.599999
    endloop
  endfacet
  facet normal -0.566148 0.824304 0
    outer loop
      vertex 6.71634 68.6896 0
      vertex 6.63 68.6303 0.599999
      vertex 6.71634 68.6896 0.599999
    endloop
  endfacet
  facet normal -0.566148 0.824304 0
    outer loop
      vertex 6.63 68.6303 0.599999
      vertex 6.71634 68.6896 0
      vertex 6.63 68.6303 0
    endloop
  endfacet
  facet normal -0.399484 0.91674 0
    outer loop
      vertex 6.81364 68.732 0
      vertex 6.71634 68.6896 0.599999
      vertex 6.81364 68.732 0.599999
    endloop
  endfacet
  facet normal -0.399484 0.91674 0
    outer loop
      vertex 6.71634 68.6896 0.599999
      vertex 6.81364 68.732 0
      vertex 6.71634 68.6896 0
    endloop
  endfacet
  facet normal -0.22917 0.973387 0
    outer loop
      vertex 6.92195 68.7575 0
      vertex 6.81364 68.732 0.599999
      vertex 6.92195 68.7575 0.599999
    endloop
  endfacet
  facet normal -0.22917 0.973387 0
    outer loop
      vertex 6.81364 68.732 0.599999
      vertex 6.92195 68.7575 0
      vertex 6.81364 68.732 0
    endloop
  endfacet
  facet normal -0.0702427 0.99753 0
    outer loop
      vertex 7.04124 68.7659 0
      vertex 6.92195 68.7575 0.599999
      vertex 7.04124 68.7659 0.599999
    endloop
  endfacet
  facet normal -0.0702427 0.99753 0
    outer loop
      vertex 6.92195 68.7575 0.599999
      vertex 7.04124 68.7659 0
      vertex 6.92195 68.7575 0
    endloop
  endfacet
  facet normal 0.0691387 0.997607 -0
    outer loop
      vertex 7.16533 68.7573 0
      vertex 7.04124 68.7659 0.599999
      vertex 7.16533 68.7573 0.599999
    endloop
  endfacet
  facet normal 0.0691387 0.997607 0
    outer loop
      vertex 7.04124 68.7659 0.599999
      vertex 7.16533 68.7573 0
      vertex 7.04124 68.7659 0
    endloop
  endfacet
  facet normal 0.231421 0.972854 -0
    outer loop
      vertex 7.27505 68.7312 0
      vertex 7.16533 68.7573 0.599999
      vertex 7.27505 68.7312 0.599999
    endloop
  endfacet
  facet normal 0.231421 0.972854 0
    outer loop
      vertex 7.16533 68.7573 0.599999
      vertex 7.27505 68.7312 0
      vertex 7.16533 68.7573 0
    endloop
  endfacet
  facet normal 0.414306 0.910137 -0
    outer loop
      vertex 7.37039 68.6878 0
      vertex 7.27505 68.7312 0.599999
      vertex 7.37039 68.6878 0.599999
    endloop
  endfacet
  facet normal 0.414306 0.910137 0
    outer loop
      vertex 7.27505 68.7312 0.599999
      vertex 7.37039 68.6878 0
      vertex 7.27505 68.7312 0
    endloop
  endfacet
  facet normal 0.599873 0.800095 -0
    outer loop
      vertex 7.45135 68.6271 0
      vertex 7.37039 68.6878 0.599999
      vertex 7.45135 68.6271 0.599999
    endloop
  endfacet
  facet normal 0.599873 0.800095 0
    outer loop
      vertex 7.37039 68.6878 0.599999
      vertex 7.45135 68.6271 0
      vertex 7.37039 68.6878 0
    endloop
  endfacet
  facet normal 0.764128 0.645064 0
    outer loop
      vertex 7.51593 68.5506 0.599999
      vertex 7.45135 68.6271 0
      vertex 7.45135 68.6271 0.599999
    endloop
  endfacet
  facet normal 0.764128 0.645064 0
    outer loop
      vertex 7.45135 68.6271 0
      vertex 7.51593 68.5506 0.599999
      vertex 7.51593 68.5506 0
    endloop
  endfacet
  facet normal 0.891217 0.453577 0
    outer loop
      vertex 7.56204 68.46 0.599999
      vertex 7.51593 68.5506 0
      vertex 7.51593 68.5506 0.599999
    endloop
  endfacet
  facet normal 0.891217 0.453577 0
    outer loop
      vertex 7.51593 68.5506 0
      vertex 7.56204 68.46 0.599999
      vertex 7.56204 68.46 0
    endloop
  endfacet
  facet normal 0.966784 0.255593 0
    outer loop
      vertex 7.58972 68.3553 0.599999
      vertex 7.56204 68.46 0
      vertex 7.56204 68.46 0.599999
    endloop
  endfacet
  facet normal 0.966784 0.255593 0
    outer loop
      vertex 7.56204 68.46 0
      vertex 7.58972 68.3553 0.599999
      vertex 7.58972 68.3553 0
    endloop
  endfacet
  facet normal 0.997013 0.0772287 0
    outer loop
      vertex 7.59893 68.2364 0.599999
      vertex 7.58972 68.3553 0
      vertex 7.58972 68.3553 0.599999
    endloop
  endfacet
  facet normal 0.997013 0.0772287 0
    outer loop
      vertex 7.58972 68.3553 0
      vertex 7.59893 68.2364 0.599999
      vertex 7.59893 68.2364 0
    endloop
  endfacet
  facet normal 0.998269 -0.0588187 0
    outer loop
      vertex 7.59358 68.1456 0.599999
      vertex 7.59893 68.2364 0
      vertex 7.59893 68.2364 0.599999
    endloop
  endfacet
  facet normal 0.998269 -0.0588187 0
    outer loop
      vertex 7.59893 68.2364 0
      vertex 7.59358 68.1456 0.599999
      vertex 7.59358 68.1456 0
    endloop
  endfacet
  facet normal 0.982986 -0.183681 0
    outer loop
      vertex 7.57751 68.0596 0.599999
      vertex 7.59358 68.1456 0
      vertex 7.59358 68.1456 0.599999
    endloop
  endfacet
  facet normal 0.982986 -0.183681 0
    outer loop
      vertex 7.59358 68.1456 0
      vertex 7.57751 68.0596 0.599999
      vertex 7.57751 68.0596 0
    endloop
  endfacet
  facet normal 0.949535 -0.313663 0
    outer loop
      vertex 7.55072 67.9785 0.599999
      vertex 7.57751 68.0596 0
      vertex 7.57751 68.0596 0.599999
    endloop
  endfacet
  facet normal 0.949535 -0.313663 0
    outer loop
      vertex 7.57751 68.0596 0
      vertex 7.55072 67.9785 0.599999
      vertex 7.55072 67.9785 0
    endloop
  endfacet
  facet normal 0.897189 -0.441648 0
    outer loop
      vertex 7.51321 67.9023 0.599999
      vertex 7.55072 67.9785 0
      vertex 7.55072 67.9785 0.599999
    endloop
  endfacet
  facet normal 0.897189 -0.441648 0
    outer loop
      vertex 7.55072 67.9785 0
      vertex 7.51321 67.9023 0.599999
      vertex 7.51321 67.9023 0
    endloop
  endfacet
  facet normal 0.845046 -0.534694 0
    outer loop
      vertex 7.46702 67.8293 0.599999
      vertex 7.51321 67.9023 0
      vertex 7.51321 67.9023 0.599999
    endloop
  endfacet
  facet normal 0.845046 -0.534694 0
    outer loop
      vertex 7.51321 67.9023 0
      vertex 7.46702 67.8293 0.599999
      vertex 7.46702 67.8293 0
    endloop
  endfacet
  facet normal 0.803529 -0.595265 0
    outer loop
      vertex 7.4142 67.758 0.599999
      vertex 7.46702 67.8293 0
      vertex 7.46702 67.8293 0.599999
    endloop
  endfacet
  facet normal 0.803529 -0.595265 0
    outer loop
      vertex 7.46702 67.8293 0
      vertex 7.4142 67.758 0.599999
      vertex 7.4142 67.758 0
    endloop
  endfacet
  facet normal 0.761132 -0.648598 0
    outer loop
      vertex 7.35472 67.6882 0.599999
      vertex 7.4142 67.758 0
      vertex 7.4142 67.758 0.599999
    endloop
  endfacet
  facet normal 0.761132 -0.648598 0
    outer loop
      vertex 7.4142 67.758 0
      vertex 7.35472 67.6882 0.599999
      vertex 7.35472 67.6882 0
    endloop
  endfacet
  facet normal 0.71746 -0.6966 0
    outer loop
      vertex 7.2886 67.6201 0.599999
      vertex 7.35472 67.6882 0
      vertex 7.35472 67.6882 0.599999
    endloop
  endfacet
  facet normal 0.71746 -0.6966 0
    outer loop
      vertex 7.35472 67.6882 0
      vertex 7.2886 67.6201 0.599999
      vertex 7.2886 67.6201 0
    endloop
  endfacet
  facet normal 0.684602 -0.728917 0
    outer loop
      vertex 7.21705 67.5529 0
      vertex 7.2886 67.6201 0.599999
      vertex 7.21705 67.5529 0.599999
    endloop
  endfacet
  facet normal 0.684602 -0.728917 0
    outer loop
      vertex 7.2886 67.6201 0.599999
      vertex 7.21705 67.5529 0
      vertex 7.2886 67.6201 0
    endloop
  endfacet
  facet normal 0.664229 -0.747529 0
    outer loop
      vertex 7.14131 67.4856 0
      vertex 7.21705 67.5529 0.599999
      vertex 7.14131 67.4856 0.599999
    endloop
  endfacet
  facet normal 0.664229 -0.747529 0
    outer loop
      vertex 7.21705 67.5529 0.599999
      vertex 7.14131 67.4856 0
      vertex 7.21705 67.5529 0
    endloop
  endfacet
  facet normal 0.643475 -0.765467 0
    outer loop
      vertex 7.06137 67.4184 0
      vertex 7.14131 67.4856 0.599999
      vertex 7.06137 67.4184 0.599999
    endloop
  endfacet
  facet normal 0.643475 -0.765467 0
    outer loop
      vertex 7.14131 67.4856 0.599999
      vertex 7.06137 67.4184 0
      vertex 7.14131 67.4856 0
    endloop
  endfacet
  facet normal 0.624537 -0.780996 0
    outer loop
      vertex 6.97721 67.3511 0
      vertex 7.06137 67.4184 0.599999
      vertex 6.97721 67.3511 0.599999
    endloop
  endfacet
  facet normal 0.624537 -0.780996 0
    outer loop
      vertex 7.06137 67.4184 0.599999
      vertex 6.97721 67.3511 0
      vertex 7.06137 67.4184 0
    endloop
  endfacet
  facet normal 0.622063 -0.782967 0
    outer loop
      vertex 6.89074 67.2824 0
      vertex 6.97721 67.3511 0.599999
      vertex 6.89074 67.2824 0.599999
    endloop
  endfacet
  facet normal 0.622063 -0.782967 0
    outer loop
      vertex 6.97721 67.3511 0.599999
      vertex 6.89074 67.2824 0
      vertex 6.97721 67.3511 0
    endloop
  endfacet
  facet normal 0.635495 -0.772105 0
    outer loop
      vertex 6.80387 67.2109 0
      vertex 6.89074 67.2824 0.599999
      vertex 6.80387 67.2109 0.599999
    endloop
  endfacet
  facet normal 0.635495 -0.772105 0
    outer loop
      vertex 6.89074 67.2824 0.599999
      vertex 6.80387 67.2109 0
      vertex 6.89074 67.2824 0
    endloop
  endfacet
  facet normal 0.648807 -0.760953 0
    outer loop
      vertex 6.71661 67.1365 0
      vertex 6.80387 67.2109 0.599999
      vertex 6.71661 67.1365 0.599999
    endloop
  endfacet
  facet normal 0.648807 -0.760953 0
    outer loop
      vertex 6.80387 67.2109 0.599999
      vertex 6.71661 67.1365 0
      vertex 6.80387 67.2109 0
    endloop
  endfacet
  facet normal 0.661268 -0.75015 0
    outer loop
      vertex 6.62892 67.0592 0
      vertex 6.71661 67.1365 0.599999
      vertex 6.62892 67.0592 0.599999
    endloop
  endfacet
  facet normal 0.661268 -0.75015 0
    outer loop
      vertex 6.71661 67.1365 0.599999
      vertex 6.62892 67.0592 0
      vertex 6.71661 67.1365 0
    endloop
  endfacet
  facet normal 0.681555 -0.731766 0
    outer loop
      vertex 6.54206 66.9783 0
      vertex 6.62892 67.0592 0.599999
      vertex 6.54206 66.9783 0.599999
    endloop
  endfacet
  facet normal 0.681555 -0.731766 0
    outer loop
      vertex 6.62892 67.0592 0.599999
      vertex 6.54206 66.9783 0
      vertex 6.62892 67.0592 0
    endloop
  endfacet
  facet normal 0.710294 -0.703905 0
    outer loop
      vertex 6.45723 66.8927 0.599999
      vertex 6.54206 66.9783 0
      vertex 6.54206 66.9783 0.599999
    endloop
  endfacet
  facet normal 0.710294 -0.703905 0
    outer loop
      vertex 6.54206 66.9783 0
      vertex 6.45723 66.8927 0.599999
      vertex 6.45723 66.8927 0
    endloop
  endfacet
  facet normal 0.736679 -0.676242 0
    outer loop
      vertex 6.37443 66.8025 0.599999
      vertex 6.45723 66.8927 0
      vertex 6.45723 66.8927 0.599999
    endloop
  endfacet
  facet normal 0.736679 -0.676242 0
    outer loop
      vertex 6.45723 66.8927 0
      vertex 6.37443 66.8025 0.599999
      vertex 6.37443 66.8025 0
    endloop
  endfacet
  facet normal 0.761146 -0.64858 0
    outer loop
      vertex 6.29365 66.7077 0.599999
      vertex 6.37443 66.8025 0
      vertex 6.37443 66.8025 0.599999
    endloop
  endfacet
  facet normal 0.761146 -0.64858 0
    outer loop
      vertex 6.37443 66.8025 0
      vertex 6.29365 66.7077 0.599999
      vertex 6.29365 66.7077 0
    endloop
  endfacet
  facet normal 0.79585 -0.605494 0
    outer loop
      vertex 6.21696 66.6069 0.599999
      vertex 6.29365 66.7077 0
      vertex 6.29365 66.7077 0.599999
    endloop
  endfacet
  facet normal 0.79585 -0.605494 0
    outer loop
      vertex 6.29365 66.7077 0
      vertex 6.21696 66.6069 0.599999
      vertex 6.21696 66.6069 0
    endloop
  endfacet
  facet normal 0.837754 -0.546048 0
    outer loop
      vertex 6.14637 66.4986 0.599999
      vertex 6.21696 66.6069 0
      vertex 6.21696 66.6069 0.599999
    endloop
  endfacet
  facet normal 0.837754 -0.546048 0
    outer loop
      vertex 6.21696 66.6069 0
      vertex 6.14637 66.4986 0.599999
      vertex 6.14637 66.4986 0
    endloop
  endfacet
  facet normal 0.873687 -0.486488 0
    outer loop
      vertex 6.08189 66.3828 0.599999
      vertex 6.14637 66.4986 0
      vertex 6.14637 66.4986 0.599999
    endloop
  endfacet
  facet normal 0.873687 -0.486488 0
    outer loop
      vertex 6.14637 66.4986 0
      vertex 6.08189 66.3828 0.599999
      vertex 6.08189 66.3828 0
    endloop
  endfacet
  facet normal 0.903675 -0.428219 0
    outer loop
      vertex 6.02351 66.2596 0.599999
      vertex 6.08189 66.3828 0
      vertex 6.08189 66.3828 0.599999
    endloop
  endfacet
  facet normal 0.903675 -0.428219 0
    outer loop
      vertex 6.08189 66.3828 0
      vertex 6.02351 66.2596 0.599999
      vertex 6.02351 66.2596 0
    endloop
  endfacet
  facet normal 1 -0 0
    outer loop
      vertex 6.02351 65.984 0.599999
      vertex 6.02351 66.2596 0
      vertex 6.02351 66.2596 0.599999
    endloop
  endfacet
  facet normal 1 0 0
    outer loop
      vertex 6.02351 66.2596 0
      vertex 6.02351 65.984 0.599999
      vertex 6.02351 65.984 0
    endloop
  endfacet
  facet normal 0 1 -0
    outer loop
      vertex 8.04812 65.984 0
      vertex 6.02351 65.984 0.599999
      vertex 8.04812 65.984 0.599999
    endloop
  endfacet
  facet normal 0 1 0
    outer loop
      vertex 6.02351 65.984 0.599999
      vertex 8.04812 65.984 0
      vertex 6.02351 65.984 0
    endloop
  endfacet
  facet normal -1 0 0
    outer loop
      vertex 8.04812 65.984 0
      vertex 8.04812 66.316 0.599999
      vertex 8.04812 66.316 0
    endloop
  endfacet
  facet normal -1 -0 0
    outer loop
      vertex 8.04812 66.316 0.599999
      vertex 8.04812 65.984 0
      vertex 8.04812 65.984 0.599999
    endloop
  endfacet
  facet normal 1 -0 0
    outer loop
      vertex 11.6 83.1 9.2
      vertex 11.6 108.8 0
      vertex 11.6 108.8 9.2
    endloop
  endfacet
  facet normal 1 0 0
    outer loop
      vertex 11.6 108.8 0
      vertex 11.6 83.1 9.2
      vertex 11.6 83.1 0
    endloop
  endfacet
  facet normal 0 1 -0
    outer loop
      vertex 11.6 108.8 0
      vertex 0 108.8 9.2
      vertex 11.6 108.8 9.2
    endloop
  endfacet
  facet normal 0 1 0
    outer loop
      vertex 0 108.8 9.2
      vertex 11.6 108.8 0
      vertex 0 108.8 0
    endloop
  endfacet
  facet normal 0 -1 0
    outer loop
      vertex 0 83.1 0
      vertex 11.6 83.1 9.2
      vertex 0 83.1 9.2
    endloop
  endfacet
  facet normal 0 -1 -0
    outer loop
      vertex 11.6 83.1 9.2
      vertex 0 83.1 0
      vertex 11.6 83.1 0
    endloop
  endfacet
  facet normal -1 0 0
    outer loop
      vertex 10.01 84.7 1.2
      vertex 10.01 107.2 9.2
      vertex 10.01 107.2 1.2
    endloop
  endfacet
  facet normal -1 -0 0
    outer loop
      vertex 10.01 107.2 9.2
      vertex 10.01 84.7 1.2
      vertex 10.01 84.7 9.2
    endloop
  endfacet
  facet normal -0 0 1
    outer loop
      vertex 0 107.2 1.2
      vertex 10.01 84.7 1.2
      vertex 10.01 107.2 1.2
    endloop
  endfacet
  facet normal 0 0 1
    outer loop
      vertex 10.01 84.7 1.2
      vertex 0 107.2 1.2
      vertex 0 84.7 1.2
    endloop
  endfacet
  facet normal 0 -1 0
    outer loop
      vertex 0 107.2 1.2
      vertex 10.01 107.2 9.2
      vertex 0 107.2 9.2
    endloop
  endfacet
  facet normal 0 -1 -0
    outer loop
      vertex 10.01 107.2 9.2
      vertex 0 107.2 1.2
      vertex 10.01 107.2 1.2
    endloop
  endfacet
  facet normal 0 1 -0
    outer loop
      vertex 10.01 84.7 1.2
      vertex 0 84.7 9.2
      vertex 10.01 84.7 9.2
    endloop
  endfacet
  facet normal 0 1 0
    outer loop
      vertex 0 84.7 9.2
      vertex 10.01 84.7 1.2
      vertex 0 84.7 1.2
    endloop
  endfacet
  facet normal 0 0 -1
    outer loop
      vertex 3.82443 94.456 0.599999
      vertex 2.22949 94.788 0.599999
      vertex 3.82443 94.788 0.599999
    endloop
  endfacet
  facet normal 0 0 -1
    outer loop
      vertex 2.3735 95.0226 0.599999
      vertex 2.06997 95.1797 0.599999
      vertex 2.15074 95.2745 0.599999
    endloop
  endfacet
  facet normal 0 0 -1
    outer loop
      vertex 2.26719 94.8647 0.599999
      vertex 1.99328 95.0789 0.599999
      vertex 2.06997 95.1797 0.599999
    endloop
  endfacet
  facet normal 0 0 -1
    outer loop
      vertex 2.26719 94.8647 0.599999
      vertex 1.9227 94.9706 0.599999
      vertex 1.99328 95.0789 0.599999
    endloop
  endfacet
  facet normal 0 0 -1
    outer loop
      vertex 2.22949 94.788 0.599999
      vertex 1.8582 94.8548 0.599999
      vertex 1.9227 94.9706 0.599999
    endloop
  endfacet
  facet normal 0 0 -1
    outer loop
      vertex 1.79982 94.456 0.599999
      vertex 2.22949 94.788 0.599999
      vertex 3.82443 94.456 0.599999
    endloop
  endfacet
  facet normal 0 0 -1
    outer loop
      vertex 1.79982 94.7316 0.599999
      vertex 2.22949 94.788 0.599999
      vertex 1.79982 94.456 0.599999
    endloop
  endfacet
  facet normal -0 0 -1
    outer loop
      vertex 2.22949 94.788 0.599999
      vertex 1.79982 94.7316 0.599999
      vertex 1.8582 94.8548 0.599999
    endloop
  endfacet
  facet normal 0 0 -1
    outer loop
      vertex 3.37524 96.7084 0.599999
      vertex 3.77668 96.7215 0.599999
      vertex 3.7716 96.6326 0.599999
    endloop
  endfacet
  facet normal 0 0 -1
    outer loop
      vertex 3.36988 96.6176 0.599999
      vertex 3.7716 96.6326 0.599999
      vertex 3.75634 96.5441 0.599999
    endloop
  endfacet
  facet normal 0 0 -1
    outer loop
      vertex 3.36988 96.6176 0.599999
      vertex 3.75634 96.5441 0.599999
      vertex 3.73091 96.4558 0.599999
    endloop
  endfacet
  facet normal 0 0 -1
    outer loop
      vertex 3.36602 96.8273 0.599999
      vertex 3.77668 96.7215 0.599999
      vertex 3.37524 96.7084 0.599999
    endloop
  endfacet
  facet normal 0 0 -1
    outer loop
      vertex 3.35382 96.5316 0.599999
      vertex 3.73091 96.4558 0.599999
      vertex 3.69531 96.3678 0.599999
    endloop
  endfacet
  facet normal 0 0 -1
    outer loop
      vertex 3.32702 96.4505 0.599999
      vertex 3.69531 96.3678 0.599999
      vertex 3.64967 96.2799 0.599999
    endloop
  endfacet
  facet normal 0 0 -1
    outer loop
      vertex 3.77668 96.7215 0.599999
      vertex 3.36602 96.8273 0.599999
      vertex 3.76115 96.9107 0.599999
    endloop
  endfacet
  facet normal 0 0 -1
    outer loop
      vertex 3.32702 96.4505 0.599999
      vertex 3.64967 96.2799 0.599999
      vertex 3.59414 96.192 0.599999
    endloop
  endfacet
  facet normal 0 0 -1
    outer loop
      vertex 3.28952 96.3743 0.599999
      vertex 3.59414 96.192 0.599999
      vertex 3.5287 96.1041 0.599999
    endloop
  endfacet
  facet normal -0 0 -1
    outer loop
      vertex 3.7716 96.6326 0.599999
      vertex 3.36988 96.6176 0.599999
      vertex 3.37524 96.7084 0.599999
    endloop
  endfacet
  facet normal 0 0 -1
    outer loop
      vertex 3.24333 96.3013 0.599999
      vertex 3.5287 96.1041 0.599999
      vertex 3.45337 96.0162 0.599999
    endloop
  endfacet
  facet normal 0 0 -1
    outer loop
      vertex 3.76115 96.9107 0.599999
      vertex 3.33834 96.932 0.599999
      vertex 3.71457 97.0771 0.599999
    endloop
  endfacet
  facet normal -0 0 -1
    outer loop
      vertex 3.71457 97.0771 0.599999
      vertex 3.33834 96.932 0.599999
      vertex 3.63691 97.2205 0.599999
    endloop
  endfacet
  facet normal 0 0 -1
    outer loop
      vertex 3.33834 96.932 0.599999
      vertex 3.76115 96.9107 0.599999
      vertex 3.36602 96.8273 0.599999
    endloop
  endfacet
  facet normal 0 0 -1
    outer loop
      vertex 3.13102 96.1602 0.599999
      vertex 3.45337 96.0162 0.599999
      vertex 3.35476 95.9163 0.599999
    endloop
  endfacet
  facet normal 0 0 -1
    outer loop
      vertex 3.73091 96.4558 0.599999
      vertex 3.35382 96.5316 0.599999
      vertex 3.36988 96.6176 0.599999
    endloop
  endfacet
  facet normal 0 0 -1
    outer loop
      vertex 3.69531 96.3678 0.599999
      vertex 3.32702 96.4505 0.599999
      vertex 3.35382 96.5316 0.599999
    endloop
  endfacet
  facet normal 0 0 -1
    outer loop
      vertex 3.59414 96.192 0.599999
      vertex 3.28952 96.3743 0.599999
      vertex 3.32702 96.4505 0.599999
    endloop
  endfacet
  facet normal 0 0 -1
    outer loop
      vertex 3.5287 96.1041 0.599999
      vertex 3.24333 96.3013 0.599999
      vertex 3.28952 96.3743 0.599999
    endloop
  endfacet
  facet normal 0 0 -1
    outer loop
      vertex 3.06491 96.0921 0.599999
      vertex 3.35476 95.9163 0.599999
      vertex 3.21954 95.7922 0.599999
    endloop
  endfacet
  facet normal 0 0 -1
    outer loop
      vertex 3.45337 96.0162 0.599999
      vertex 3.1905 96.2299 0.599999
      vertex 3.24333 96.3013 0.599999
    endloop
  endfacet
  facet normal 0 0 -1
    outer loop
      vertex 3.45337 96.0162 0.599999
      vertex 3.13102 96.1602 0.599999
      vertex 3.1905 96.2299 0.599999
    endloop
  endfacet
  facet normal 0 0 -1
    outer loop
      vertex 3.35476 95.9163 0.599999
      vertex 3.06491 96.0921 0.599999
      vertex 3.13102 96.1602 0.599999
    endloop
  endfacet
  facet normal 0 0 -1
    outer loop
      vertex 2.91763 95.9576 0.599999
      vertex 3.21954 95.7922 0.599999
      vertex 3.04771 95.6439 0.599999
    endloop
  endfacet
  facet normal 0 0 -1
    outer loop
      vertex 3.21954 95.7922 0.599999
      vertex 2.99337 96.0249 0.599999
      vertex 3.06491 96.0921 0.599999
    endloop
  endfacet
  facet normal 0 0 -1
    outer loop
      vertex 3.21954 95.7922 0.599999
      vertex 2.91763 95.9576 0.599999
      vertex 2.99337 96.0249 0.599999
    endloop
  endfacet
  facet normal 0 0 -1
    outer loop
      vertex 2.75352 95.8231 0.599999
      vertex 3.04771 95.6439 0.599999
      vertex 2.83924 95.4716 0.599999
    endloop
  endfacet
  facet normal 0 0 -1
    outer loop
      vertex 3.04771 95.6439 0.599999
      vertex 2.83767 95.8904 0.599999
      vertex 2.91763 95.9576 0.599999
    endloop
  endfacet
  facet normal 0 0 -1
    outer loop
      vertex 3.04771 95.6439 0.599999
      vertex 2.75352 95.8231 0.599999
      vertex 2.83767 95.8904 0.599999
    endloop
  endfacet
  facet normal 0 0 -1
    outer loop
      vertex 2.5802 95.6829 0.599999
      vertex 2.83924 95.4716 0.599999
      vertex 2.72084 95.3721 0.599999
    endloop
  endfacet
  facet normal 0 0 -1
    outer loop
      vertex 2.83924 95.4716 0.599999
      vertex 2.66706 95.7544 0.599999
      vertex 2.75352 95.8231 0.599999
    endloop
  endfacet
  facet normal 0 0 -1
    outer loop
      vertex 2.49292 95.6085 0.599999
      vertex 2.72084 95.3721 0.599999
      vertex 2.61518 95.2776 0.599999
    endloop
  endfacet
  facet normal 0 0 -1
    outer loop
      vertex 2.83924 95.4716 0.599999
      vertex 2.5802 95.6829 0.599999
      vertex 2.66706 95.7544 0.599999
    endloop
  endfacet
  facet normal 0 0 -1
    outer loop
      vertex 2.31837 95.4503 0.599999
      vertex 2.61518 95.2776 0.599999
      vertex 2.52227 95.1882 0.599999
    endloop
  endfacet
  facet normal 0 0 -1
    outer loop
      vertex 2.72084 95.3721 0.599999
      vertex 2.49292 95.6085 0.599999
      vertex 2.5802 95.6829 0.599999
    endloop
  endfacet
  facet normal 0 0 -1
    outer loop
      vertex 2.23355 95.3647 0.599999
      vertex 2.52227 95.1882 0.599999
      vertex 2.44213 95.1037 0.599999
    endloop
  endfacet
  facet normal 0 0 -1
    outer loop
      vertex 2.61518 95.2776 0.599999
      vertex 2.40524 95.5312 0.599999
      vertex 2.49292 95.6085 0.599999
    endloop
  endfacet
  facet normal 0 0 -1
    outer loop
      vertex 2.15074 95.2745 0.599999
      vertex 2.44213 95.1037 0.599999
      vertex 2.3735 95.0226 0.599999
    endloop
  endfacet
  facet normal 0 0 -1
    outer loop
      vertex 2.61518 95.2776 0.599999
      vertex 2.31837 95.4503 0.599999
      vertex 2.40524 95.5312 0.599999
    endloop
  endfacet
  facet normal 0 0 -1
    outer loop
      vertex 2.06997 95.1797 0.599999
      vertex 2.3735 95.0226 0.599999
      vertex 2.3152 94.9429 0.599999
    endloop
  endfacet
  facet normal 0 0 -1
    outer loop
      vertex 2.06997 95.1797 0.599999
      vertex 2.3152 94.9429 0.599999
      vertex 2.26719 94.8647 0.599999
    endloop
  endfacet
  facet normal 0 0 -1
    outer loop
      vertex 2.52227 95.1882 0.599999
      vertex 2.23355 95.3647 0.599999
      vertex 2.31837 95.4503 0.599999
    endloop
  endfacet
  facet normal 0 0 -1
    outer loop
      vertex 1.9227 94.9706 0.599999
      vertex 2.26719 94.8647 0.599999
      vertex 2.22949 94.788 0.599999
    endloop
  endfacet
  facet normal 0 0 -1
    outer loop
      vertex 2.44213 95.1037 0.599999
      vertex 2.15074 95.2745 0.599999
      vertex 2.23355 95.3647 0.599999
    endloop
  endfacet
  facet normal 0 0 -1
    outer loop
      vertex 3.29223 97.0226 0.599999
      vertex 3.63691 97.2205 0.599999
      vertex 3.33834 96.932 0.599999
    endloop
  endfacet
  facet normal -0 0 -1
    outer loop
      vertex 3.63691 97.2205 0.599999
      vertex 3.29223 97.0226 0.599999
      vertex 3.52821 97.341 0.599999
    endloop
  endfacet
  facet normal 0 0 -1
    outer loop
      vertex 3.22766 97.0991 0.599999
      vertex 3.52821 97.341 0.599999
      vertex 3.29223 97.0226 0.599999
    endloop
  endfacet
  facet normal -0 0 -1
    outer loop
      vertex 3.52821 97.341 0.599999
      vertex 3.22766 97.0991 0.599999
      vertex 3.39062 97.4364 0.599999
    endloop
  endfacet
  facet normal 0 0 -1
    outer loop
      vertex 3.14669 97.1598 0.599999
      vertex 3.39062 97.4364 0.599999
      vertex 3.22766 97.0991 0.599999
    endloop
  endfacet
  facet normal -0 0 -1
    outer loop
      vertex 3.39062 97.4364 0.599999
      vertex 3.14669 97.1598 0.599999
      vertex 3.22631 97.5046 0.599999
    endloop
  endfacet
  facet normal 0 0 -1
    outer loop
      vertex 3.05136 97.2032 0.599999
      vertex 3.22631 97.5046 0.599999
      vertex 3.14669 97.1598 0.599999
    endloop
  endfacet
  facet normal 0 0 -1
    outer loop
      vertex 3.05136 97.2032 0.599999
      vertex 3.03529 97.5455 0.599999
      vertex 3.22631 97.5046 0.599999
    endloop
  endfacet
  facet normal 0 0 -1
    outer loop
      vertex 2.94165 97.2293 0.599999
      vertex 3.03529 97.5455 0.599999
      vertex 3.05136 97.2032 0.599999
    endloop
  endfacet
  facet normal 0 0 -1
    outer loop
      vertex 2.81755 97.5591 0.599999
      vertex 2.94165 97.2293 0.599999
      vertex 2.81755 97.2379 0.599999
    endloop
  endfacet
  facet normal 0 0 -1
    outer loop
      vertex 2.94165 97.2293 0.599999
      vertex 2.81755 97.5591 0.599999
      vertex 3.03529 97.5455 0.599999
    endloop
  endfacet
  facet normal 0 0 -1
    outer loop
      vertex 2.69827 97.2295 0.599999
      vertex 2.81755 97.5591 0.599999
      vertex 2.81755 97.2379 0.599999
    endloop
  endfacet
  facet normal 0 0 -1
    outer loop
      vertex 2.69827 97.2295 0.599999
      vertex 2.61662 97.5455 0.599999
      vertex 2.81755 97.5591 0.599999
    endloop
  endfacet
  facet normal 0 0 -1
    outer loop
      vertex 2.58996 97.204 0.599999
      vertex 2.61662 97.5455 0.599999
      vertex 2.69827 97.2295 0.599999
    endloop
  endfacet
  facet normal 0 0 -1
    outer loop
      vertex 2.43481 97.5048 0.599999
      vertex 2.58996 97.204 0.599999
      vertex 2.49264 97.1616 0.599999
    endloop
  endfacet
  facet normal 0 0 -1
    outer loop
      vertex 2.58996 97.204 0.599999
      vertex 2.43481 97.5048 0.599999
      vertex 2.61662 97.5455 0.599999
    endloop
  endfacet
  facet normal 0 0 -1
    outer loop
      vertex 2.27212 97.437 0.599999
      vertex 2.49264 97.1616 0.599999
      vertex 2.40632 97.1023 0.599999
    endloop
  endfacet
  facet normal 0 0 -1
    outer loop
      vertex 2.12857 97.3421 0.599999
      vertex 2.40632 97.1023 0.599999
      vertex 2.33383 97.0276 0.599999
    endloop
  endfacet
  facet normal 0 0 -1
    outer loop
      vertex 2.0086 97.2242 0.599999
      vertex 2.33383 97.0276 0.599999
      vertex 2.27803 96.9393 0.599999
    endloop
  endfacet
  facet normal 0 0 -1
    outer loop
      vertex 2.49264 97.1616 0.599999
      vertex 2.27212 97.437 0.599999
      vertex 2.43481 97.5048 0.599999
    endloop
  endfacet
  facet normal 0 0 -1
    outer loop
      vertex 1.91671 97.0876 0.599999
      vertex 2.27803 96.9393 0.599999
      vertex 2.2389 96.8372 0.599999
    endloop
  endfacet
  facet normal 0 0 -1
    outer loop
      vertex 1.8529 96.9324 0.599999
      vertex 2.2389 96.8372 0.599999
      vertex 2.21646 96.7215 0.599999
    endloop
  endfacet
  facet normal 0 0 -1
    outer loop
      vertex 2.40632 97.1023 0.599999
      vertex 2.12857 97.3421 0.599999
      vertex 2.27212 97.437 0.599999
    endloop
  endfacet
  facet normal 0 0 -1
    outer loop
      vertex 2.33383 97.0276 0.599999
      vertex 2.0086 97.2242 0.599999
      vertex 2.12857 97.3421 0.599999
    endloop
  endfacet
  facet normal 0 0 -1
    outer loop
      vertex 2.27803 96.9393 0.599999
      vertex 1.91671 97.0876 0.599999
      vertex 2.0086 97.2242 0.599999
    endloop
  endfacet
  facet normal 0 0 -1
    outer loop
      vertex 2.2389 96.8372 0.599999
      vertex 1.8529 96.9324 0.599999
      vertex 1.91671 97.0876 0.599999
    endloop
  endfacet
  facet normal 0 -0 -1
    outer loop
      vertex 1.8529 96.9324 0.599999
      vertex 2.21646 96.7215 0.599999
      vertex 1.81717 96.7584 0.599999
    endloop
  endfacet
  facet normal 0 0 -1
    outer loop
      vertex 6.23826 94.456 0.599999
      vertex 4.64334 94.788 0.599999
      vertex 6.23826 94.788 0.599999
    endloop
  endfacet
  facet normal 0 0 -1
    outer loop
      vertex 4.78735 95.0226 0.599999
      vertex 4.48381 95.1797 0.599999
      vertex 4.56459 95.2745 0.599999
    endloop
  endfacet
  facet normal 0 0 -1
    outer loop
      vertex 4.68103 94.8647 0.599999
      vertex 4.40712 95.0789 0.599999
      vertex 4.48381 95.1797 0.599999
    endloop
  endfacet
  facet normal 0 0 -1
    outer loop
      vertex 4.68103 94.8647 0.599999
      vertex 4.33653 94.9706 0.599999
      vertex 4.40712 95.0789 0.599999
    endloop
  endfacet
  facet normal 0 0 -1
    outer loop
      vertex 4.64334 94.788 0.599999
      vertex 4.27205 94.8548 0.599999
      vertex 4.33653 94.9706 0.599999
    endloop
  endfacet
  facet normal 0 0 -1
    outer loop
      vertex 4.21367 94.456 0.599999
      vertex 4.64334 94.788 0.599999
      vertex 6.23826 94.456 0.599999
    endloop
  endfacet
  facet normal 0 0 -1
    outer loop
      vertex 4.21367 94.7316 0.599999
      vertex 4.64334 94.788 0.599999
      vertex 4.21367 94.456 0.599999
    endloop
  endfacet
  facet normal -0 0 -1
    outer loop
      vertex 4.64334 94.788 0.599999
      vertex 4.21367 94.7316 0.599999
      vertex 4.27205 94.8548 0.599999
    endloop
  endfacet
  facet normal 0 0 -1
    outer loop
      vertex 5.78909 96.7084 0.599999
      vertex 6.19052 96.7215 0.599999
      vertex 6.18544 96.6326 0.599999
    endloop
  endfacet
  facet normal 0 0 -1
    outer loop
      vertex 5.78373 96.6176 0.599999
      vertex 6.18544 96.6326 0.599999
      vertex 6.17018 96.5441 0.599999
    endloop
  endfacet
  facet normal 0 0 -1
    outer loop
      vertex 5.78373 96.6176 0.599999
      vertex 6.17018 96.5441 0.599999
      vertex 6.14474 96.4558 0.599999
    endloop
  endfacet
  facet normal 0 0 -1
    outer loop
      vertex 5.77987 96.8273 0.599999
      vertex 6.19052 96.7215 0.599999
      vertex 5.78909 96.7084 0.599999
    endloop
  endfacet
  facet normal 0 0 -1
    outer loop
      vertex 5.76767 96.5316 0.599999
      vertex 6.14474 96.4558 0.599999
      vertex 6.10914 96.3678 0.599999
    endloop
  endfacet
  facet normal 0 0 -1
    outer loop
      vertex 5.74087 96.4505 0.599999
      vertex 6.10914 96.3678 0.599999
      vertex 6.0635 96.2799 0.599999
    endloop
  endfacet
  facet normal 0 0 -1
    outer loop
      vertex 6.19052 96.7215 0.599999
      vertex 5.77987 96.8273 0.599999
      vertex 6.17498 96.9107 0.599999
    endloop
  endfacet
  facet normal 0 0 -1
    outer loop
      vertex 5.74087 96.4505 0.599999
      vertex 6.0635 96.2799 0.599999
      vertex 6.00796 96.192 0.599999
    endloop
  endfacet
  facet normal 0 0 -1
    outer loop
      vertex 5.70337 96.3743 0.599999
      vertex 6.00796 96.192 0.599999
      vertex 5.94253 96.1041 0.599999
    endloop
  endfacet
  facet normal -0 0 -1
    outer loop
      vertex 6.18544 96.6326 0.599999
      vertex 5.78373 96.6176 0.599999
      vertex 5.78909 96.7084 0.599999
    endloop
  endfacet
  facet normal 0 0 -1
    outer loop
      vertex 5.65718 96.3013 0.599999
      vertex 5.94253 96.1041 0.599999
      vertex 5.86718 96.0162 0.599999
    endloop
  endfacet
  facet normal 0 0 -1
    outer loop
      vertex 6.17498 96.9107 0.599999
      vertex 5.75219 96.932 0.599999
      vertex 6.1284 97.0771 0.599999
    endloop
  endfacet
  facet normal -0 0 -1
    outer loop
      vertex 6.1284 97.0771 0.599999
      vertex 5.75219 96.932 0.599999
      vertex 6.05075 97.2205 0.599999
    endloop
  endfacet
  facet normal 0 0 -1
    outer loop
      vertex 5.75219 96.932 0.599999
      vertex 6.17498 96.9107 0.599999
      vertex 5.77987 96.8273 0.599999
    endloop
  endfacet
  facet normal 0 0 -1
    outer loop
      vertex 5.54487 96.1602 0.599999
      vertex 5.86718 96.0162 0.599999
      vertex 5.76861 95.9163 0.599999
    endloop
  endfacet
  facet normal 0 0 -1
    outer loop
      vertex 6.14474 96.4558 0.599999
      vertex 5.76767 96.5316 0.599999
      vertex 5.78373 96.6176 0.599999
    endloop
  endfacet
  facet normal 0 0 -1
    outer loop
      vertex 6.10914 96.3678 0.599999
      vertex 5.74087 96.4505 0.599999
      vertex 5.76767 96.5316 0.599999
    endloop
  endfacet
  facet normal 0 0 -1
    outer loop
      vertex 6.00796 96.192 0.599999
      vertex 5.70337 96.3743 0.599999
      vertex 5.74087 96.4505 0.599999
    endloop
  endfacet
  facet normal 0 0 -1
    outer loop
      vertex 5.94253 96.1041 0.599999
      vertex 5.65718 96.3013 0.599999
      vertex 5.70337 96.3743 0.599999
    endloop
  endfacet
  facet normal 0 0 -1
    outer loop
      vertex 5.47876 96.0921 0.599999
      vertex 5.76861 95.9163 0.599999
      vertex 5.63339 95.7922 0.599999
    endloop
  endfacet
  facet normal 0 0 -1
    outer loop
      vertex 5.86718 96.0162 0.599999
      vertex 5.60435 96.2299 0.599999
      vertex 5.65718 96.3013 0.599999
    endloop
  endfacet
  facet normal 0 0 -1
    outer loop
      vertex 5.86718 96.0162 0.599999
      vertex 5.54487 96.1602 0.599999
      vertex 5.60435 96.2299 0.599999
    endloop
  endfacet
  facet normal 0 0 -1
    outer loop
      vertex 5.76861 95.9163 0.599999
      vertex 5.47876 96.0921 0.599999
      vertex 5.54487 96.1602 0.599999
    endloop
  endfacet
  facet normal 0 0 -1
    outer loop
      vertex 5.33146 95.9576 0.599999
      vertex 5.63339 95.7922 0.599999
      vertex 5.46154 95.6439 0.599999
    endloop
  endfacet
  facet normal 0 0 -1
    outer loop
      vertex 5.63339 95.7922 0.599999
      vertex 5.40721 96.0249 0.599999
      vertex 5.47876 96.0921 0.599999
    endloop
  endfacet
  facet normal 0 0 -1
    outer loop
      vertex 5.63339 95.7922 0.599999
      vertex 5.33146 95.9576 0.599999
      vertex 5.40721 96.0249 0.599999
    endloop
  endfacet
  facet normal 0 0 -1
    outer loop
      vertex 5.16737 95.8231 0.599999
      vertex 5.46154 95.6439 0.599999
      vertex 5.25309 95.4716 0.599999
    endloop
  endfacet
  facet normal 0 0 -1
    outer loop
      vertex 5.46154 95.6439 0.599999
      vertex 5.25152 95.8904 0.599999
      vertex 5.33146 95.9576 0.599999
    endloop
  endfacet
  facet normal 0 0 -1
    outer loop
      vertex 5.46154 95.6439 0.599999
      vertex 5.16737 95.8231 0.599999
      vertex 5.25152 95.8904 0.599999
    endloop
  endfacet
  facet normal 0 0 -1
    outer loop
      vertex 4.99403 95.6829 0.599999
      vertex 5.25309 95.4716 0.599999
      vertex 5.13469 95.3721 0.599999
    endloop
  endfacet
  facet normal 0 0 -1
    outer loop
      vertex 5.25309 95.4716 0.599999
      vertex 5.0809 95.7544 0.599999
      vertex 5.16737 95.8231 0.599999
    endloop
  endfacet
  facet normal 0 0 -1
    outer loop
      vertex 4.90676 95.6085 0.599999
      vertex 5.13469 95.3721 0.599999
      vertex 5.02903 95.2776 0.599999
    endloop
  endfacet
  facet normal 0 0 -1
    outer loop
      vertex 5.25309 95.4716 0.599999
      vertex 4.99403 95.6829 0.599999
      vertex 5.0809 95.7544 0.599999
    endloop
  endfacet
  facet normal 0 0 -1
    outer loop
      vertex 4.73222 95.4503 0.599999
      vertex 5.02903 95.2776 0.599999
      vertex 4.93612 95.1882 0.599999
    endloop
  endfacet
  facet normal 0 0 -1
    outer loop
      vertex 5.13469 95.3721 0.599999
      vertex 4.90676 95.6085 0.599999
      vertex 4.99403 95.6829 0.599999
    endloop
  endfacet
  facet normal 0 0 -1
    outer loop
      vertex 4.64738 95.3647 0.599999
      vertex 4.93612 95.1882 0.599999
      vertex 4.85597 95.1037 0.599999
    endloop
  endfacet
  facet normal 0 0 -1
    outer loop
      vertex 5.02903 95.2776 0.599999
      vertex 4.81907 95.5312 0.599999
      vertex 4.90676 95.6085 0.599999
    endloop
  endfacet
  facet normal 0 0 -1
    outer loop
      vertex 4.56459 95.2745 0.599999
      vertex 4.85597 95.1037 0.599999
      vertex 4.78735 95.0226 0.599999
    endloop
  endfacet
  facet normal 0 0 -1
    outer loop
      vertex 5.02903 95.2776 0.599999
      vertex 4.73222 95.4503 0.599999
      vertex 4.81907 95.5312 0.599999
    endloop
  endfacet
  facet normal 0 0 -1
    outer loop
      vertex 4.48381 95.1797 0.599999
      vertex 4.78735 95.0226 0.599999
      vertex 4.72903 94.9429 0.599999
    endloop
  endfacet
  facet normal 0 0 -1
    outer loop
      vertex 4.48381 95.1797 0.599999
      vertex 4.72903 94.9429 0.599999
      vertex 4.68103 94.8647 0.599999
    endloop
  endfacet
  facet normal 0 0 -1
    outer loop
      vertex 4.93612 95.1882 0.599999
      vertex 4.64738 95.3647 0.599999
      vertex 4.73222 95.4503 0.599999
    endloop
  endfacet
  facet normal 0 0 -1
    outer loop
      vertex 4.33653 94.9706 0.599999
      vertex 4.68103 94.8647 0.599999
      vertex 4.64334 94.788 0.599999
    endloop
  endfacet
  facet normal 0 0 -1
    outer loop
      vertex 4.85597 95.1037 0.599999
      vertex 4.56459 95.2745 0.599999
      vertex 4.64738 95.3647 0.599999
    endloop
  endfacet
  facet normal 0 0 -1
    outer loop
      vertex 5.70608 97.0226 0.599999
      vertex 6.05075 97.2205 0.599999
      vertex 5.75219 96.932 0.599999
    endloop
  endfacet
  facet normal -0 0 -1
    outer loop
      vertex 6.05075 97.2205 0.599999
      vertex 5.70608 97.0226 0.599999
      vertex 5.94204 97.341 0.599999
    endloop
  endfacet
  facet normal 0 0 -1
    outer loop
      vertex 5.64151 97.0991 0.599999
      vertex 5.94204 97.341 0.599999
      vertex 5.70608 97.0226 0.599999
    endloop
  endfacet
  facet normal -0 0 -1
    outer loop
      vertex 5.94204 97.341 0.599999
      vertex 5.64151 97.0991 0.599999
      vertex 5.80445 97.4364 0.599999
    endloop
  endfacet
  facet normal 0 0 -1
    outer loop
      vertex 5.56054 97.1598 0.599999
      vertex 5.80445 97.4364 0.599999
      vertex 5.64151 97.0991 0.599999
    endloop
  endfacet
  facet normal -0 0 -1
    outer loop
      vertex 5.80445 97.4364 0.599999
      vertex 5.56054 97.1598 0.599999
      vertex 5.64016 97.5046 0.599999
    endloop
  endfacet
  facet normal 0 0 -1
    outer loop
      vertex 5.46521 97.2032 0.599999
      vertex 5.64016 97.5046 0.599999
      vertex 5.56054 97.1598 0.599999
    endloop
  endfacet
  facet normal 0 0 -1
    outer loop
      vertex 5.46521 97.2032 0.599999
      vertex 5.44914 97.5455 0.599999
      vertex 5.64016 97.5046 0.599999
    endloop
  endfacet
  facet normal 0 0 -1
    outer loop
      vertex 5.35548 97.2293 0.599999
      vertex 5.44914 97.5455 0.599999
      vertex 5.46521 97.2032 0.599999
    endloop
  endfacet
  facet normal 0 0 -1
    outer loop
      vertex 5.2314 97.5591 0.599999
      vertex 5.35548 97.2293 0.599999
      vertex 5.2314 97.2379 0.599999
    endloop
  endfacet
  facet normal 0 0 -1
    outer loop
      vertex 5.35548 97.2293 0.599999
      vertex 5.2314 97.5591 0.599999
      vertex 5.44914 97.5455 0.599999
    endloop
  endfacet
  facet normal 0 0 -1
    outer loop
      vertex 5.1121 97.2295 0.599999
      vertex 5.2314 97.5591 0.599999
      vertex 5.2314 97.2379 0.599999
    endloop
  endfacet
  facet normal 0 0 -1
    outer loop
      vertex 5.1121 97.2295 0.599999
      vertex 5.03047 97.5455 0.599999
      vertex 5.2314 97.5591 0.599999
    endloop
  endfacet
  facet normal 0 0 -1
    outer loop
      vertex 5.00381 97.204 0.599999
      vertex 5.03047 97.5455 0.599999
      vertex 5.1121 97.2295 0.599999
    endloop
  endfacet
  facet normal 0 0 -1
    outer loop
      vertex 4.84864 97.5048 0.599999
      vertex 5.00381 97.204 0.599999
      vertex 4.90649 97.1616 0.599999
    endloop
  endfacet
  facet normal 0 0 -1
    outer loop
      vertex 5.00381 97.204 0.599999
      vertex 4.84864 97.5048 0.599999
      vertex 5.03047 97.5455 0.599999
    endloop
  endfacet
  facet normal 0 0 -1
    outer loop
      vertex 4.68597 97.437 0.599999
      vertex 4.90649 97.1616 0.599999
      vertex 4.82016 97.1023 0.599999
    endloop
  endfacet
  facet normal 0 0 -1
    outer loop
      vertex 4.5424 97.3421 0.599999
      vertex 4.82016 97.1023 0.599999
      vertex 4.74768 97.0276 0.599999
    endloop
  endfacet
  facet normal 0 0 -1
    outer loop
      vertex 4.42244 97.2242 0.599999
      vertex 4.74768 97.0276 0.599999
      vertex 4.69186 96.9393 0.599999
    endloop
  endfacet
  facet normal 0 0 -1
    outer loop
      vertex 4.90649 97.1616 0.599999
      vertex 4.68597 97.437 0.599999
      vertex 4.84864 97.5048 0.599999
    endloop
  endfacet
  facet normal 0 0 -1
    outer loop
      vertex 4.33056 97.0876 0.599999
      vertex 4.69186 96.9393 0.599999
      vertex 4.65275 96.8372 0.599999
    endloop
  endfacet
  facet normal 0 0 -1
    outer loop
      vertex 4.26675 96.9324 0.599999
      vertex 4.65275 96.8372 0.599999
      vertex 4.63031 96.7215 0.599999
    endloop
  endfacet
  facet normal 0 0 -1
    outer loop
      vertex 4.82016 97.1023 0.599999
      vertex 4.5424 97.3421 0.599999
      vertex 4.68597 97.437 0.599999
    endloop
  endfacet
  facet normal 0 0 -1
    outer loop
      vertex 4.74768 97.0276 0.599999
      vertex 4.42244 97.2242 0.599999
      vertex 4.5424 97.3421 0.599999
    endloop
  endfacet
  facet normal 0 0 -1
    outer loop
      vertex 4.69186 96.9393 0.599999
      vertex 4.33056 97.0876 0.599999
      vertex 4.42244 97.2242 0.599999
    endloop
  endfacet
  facet normal 0 0 -1
    outer loop
      vertex 4.65275 96.8372 0.599999
      vertex 4.26675 96.9324 0.599999
      vertex 4.33056 97.0876 0.599999
    endloop
  endfacet
  facet normal 0 -0 -1
    outer loop
      vertex 4.26675 96.9324 0.599999
      vertex 4.63031 96.7215 0.599999
      vertex 4.23101 96.7584 0.599999
    endloop
  endfacet
  facet normal 0 0 -1
    outer loop
      vertex 9.8769 95.223 0.599999
      vertex 9.47796 95.2862 0.599999
      vertex 9.48909 95.4434 0.599999
    endloop
  endfacet
  facet normal 0 0 -1
    outer loop
      vertex 9.31114 94.9214 0.599999
      vertex 9.60733 94.6904 0.599999
      vertex 9.44966 94.5688 0.599999
    endloop
  endfacet
  facet normal 0 0 -1
    outer loop
      vertex 9.73312 94.8421 0.599999
      vertex 9.44459 95.1469 0.599999
      vertex 9.47796 95.2862 0.599999
    endloop
  endfacet
  facet normal 0 0 -1
    outer loop
      vertex 9.73312 94.8421 0.599999
      vertex 9.38899 95.0253 0.599999
      vertex 9.44459 95.1469 0.599999
    endloop
  endfacet
  facet normal 0 0 -1
    outer loop
      vertex 9.60733 94.6904 0.599999
      vertex 9.31114 94.9214 0.599999
      vertex 9.38899 95.0253 0.599999
    endloop
  endfacet
  facet normal 0 0 -1
    outer loop
      vertex 9.21362 94.8384 0.599999
      vertex 9.44966 94.5688 0.599999
      vertex 9.2642 94.4821 0.599999
    endloop
  endfacet
  facet normal 0 0 -1
    outer loop
      vertex 9.44966 94.5688 0.599999
      vertex 9.21362 94.8384 0.599999
      vertex 9.31114 94.9214 0.599999
    endloop
  endfacet
  facet normal 0 0 -1
    outer loop
      vertex 9.2642 94.4821 0.599999
      vertex 9.09901 94.7791 0.599999
      vertex 9.21362 94.8384 0.599999
    endloop
  endfacet
  facet normal 0 0 -1
    outer loop
      vertex 9.05093 94.43 0.599999
      vertex 9.09901 94.7791 0.599999
      vertex 9.2642 94.4821 0.599999
    endloop
  endfacet
  facet normal 0 0 -1
    outer loop
      vertex 9.05093 94.43 0.599999
      vertex 8.96733 94.7435 0.599999
      vertex 9.09901 94.7791 0.599999
    endloop
  endfacet
  facet normal 0 0 -1
    outer loop
      vertex 8.80986 94.4126 0.599999
      vertex 8.96733 94.7435 0.599999
      vertex 9.05093 94.43 0.599999
    endloop
  endfacet
  facet normal 0 0 -1
    outer loop
      vertex 8.96733 94.7435 0.599999
      vertex 8.80986 94.4126 0.599999
      vertex 8.81855 94.7316 0.599999
    endloop
  endfacet
  facet normal 0 0 -1
    outer loop
      vertex 8.60641 94.4243 0.599999
      vertex 8.81855 94.7316 0.599999
      vertex 8.80986 94.4126 0.599999
    endloop
  endfacet
  facet normal 0 0 -1
    outer loop
      vertex 8.60641 94.4243 0.599999
      vertex 8.58677 94.7599 0.599999
      vertex 8.81855 94.7316 0.599999
    endloop
  endfacet
  facet normal 0 0 -1
    outer loop
      vertex 8.4236 94.4593 0.599999
      vertex 8.58677 94.7599 0.599999
      vertex 8.60641 94.4243 0.599999
    endloop
  endfacet
  facet normal 0 0 -1
    outer loop
      vertex 8.4236 94.4593 0.599999
      vertex 8.40355 94.845 0.599999
      vertex 8.58677 94.7599 0.599999
    endloop
  endfacet
  facet normal 0 0 -1
    outer loop
      vertex 8.26139 94.5176 0.599999
      vertex 8.40355 94.845 0.599999
      vertex 8.4236 94.4593 0.599999
    endloop
  endfacet
  facet normal 0 0 -1
    outer loop
      vertex 8.11981 94.5992 0.599999
      vertex 8.40355 94.845 0.599999
      vertex 8.26139 94.5176 0.599999
    endloop
  endfacet
  facet normal -0 0 -1
    outer loop
      vertex 8.40355 94.845 0.599999
      vertex 8.11981 94.5992 0.599999
      vertex 8.26887 94.9867 0.599999
    endloop
  endfacet
  facet normal 0 0 -1
    outer loop
      vertex 8.00059 94.703 0.599999
      vertex 8.26887 94.9867 0.599999
      vertex 8.11981 94.5992 0.599999
    endloop
  endfacet
  facet normal 0 0 -1
    outer loop
      vertex 7.90553 94.8276 0.599999
      vertex 8.26887 94.9867 0.599999
      vertex 8.00059 94.703 0.599999
    endloop
  endfacet
  facet normal 0 0 -1
    outer loop
      vertex 7.83459 94.9731 0.599999
      vertex 8.26887 94.9867 0.599999
      vertex 7.90553 94.8276 0.599999
    endloop
  endfacet
  facet normal -0 0 -1
    outer loop
      vertex 8.26887 94.9867 0.599999
      vertex 7.83459 94.9731 0.599999
      vertex 8.18275 95.1851 0.599999
    endloop
  endfacet
  facet normal 0 0 -1
    outer loop
      vertex 8.18275 95.1851 0.599999
      vertex 7.83459 94.9731 0.599999
      vertex 7.78781 95.1396 0.599999
    endloop
  endfacet
  facet normal 0 0 -1
    outer loop
      vertex 9.48909 95.4434 0.599999
      vertex 9.89488 95.452 0.599999
      vertex 9.8769 95.223 0.599999
    endloop
  endfacet
  facet normal 0 0 -1
    outer loop
      vertex 9.47789 95.5807 0.599999
      vertex 9.89488 95.452 0.599999
      vertex 9.48909 95.4434 0.599999
    endloop
  endfacet
  facet normal 0 0 -1
    outer loop
      vertex 9.47796 95.2862 0.599999
      vertex 9.8769 95.223 0.599999
      vertex 9.82299 95.0197 0.599999
    endloop
  endfacet
  facet normal 0 0 -1
    outer loop
      vertex 9.89488 95.452 0.599999
      vertex 9.47789 95.5807 0.599999
      vertex 9.87812 95.6547 0.599999
    endloop
  endfacet
  facet normal 0 0 -1
    outer loop
      vertex 9.47796 95.2862 0.599999
      vertex 9.82299 95.0197 0.599999
      vertex 9.73312 94.8421 0.599999
    endloop
  endfacet
  facet normal -0 0 -1
    outer loop
      vertex 9.87812 95.6547 0.599999
      vertex 9.47789 95.5807 0.599999
      vertex 9.82788 95.8372 0.599999
    endloop
  endfacet
  facet normal 0 0 -1
    outer loop
      vertex 9.38899 95.0253 0.599999
      vertex 9.73312 94.8421 0.599999
      vertex 9.60733 94.6904 0.599999
    endloop
  endfacet
  facet normal 0 0 -1
    outer loop
      vertex 9.44432 95.7043 0.599999
      vertex 9.82788 95.8372 0.599999
      vertex 9.47789 95.5807 0.599999
    endloop
  endfacet
  facet normal -0 0 -1
    outer loop
      vertex 9.82788 95.8372 0.599999
      vertex 9.44432 95.7043 0.599999
      vertex 9.74412 95.9997 0.599999
    endloop
  endfacet
  facet normal 0 0 -1
    outer loop
      vertex 9.38838 95.814 0.599999
      vertex 9.74412 95.9997 0.599999
      vertex 9.44432 95.7043 0.599999
    endloop
  endfacet
  facet normal -0 0 -1
    outer loop
      vertex 9.74412 95.9997 0.599999
      vertex 9.38838 95.814 0.599999
      vertex 9.62687 96.1421 0.599999
    endloop
  endfacet
  facet normal 0 0 -1
    outer loop
      vertex 9.31004 95.9099 0.599999
      vertex 9.62687 96.1421 0.599999
      vertex 9.38838 95.814 0.599999
    endloop
  endfacet
  facet normal -0 0 -1
    outer loop
      vertex 9.62687 96.1421 0.599999
      vertex 9.31004 95.9099 0.599999
      vertex 9.48141 96.2579 0.599999
    endloop
  endfacet
  facet normal 0 0 -1
    outer loop
      vertex 9.21273 95.9877 0.599999
      vertex 9.48141 96.2579 0.599999
      vertex 9.31004 95.9099 0.599999
    endloop
  endfacet
  facet normal -0 0 -1
    outer loop
      vertex 9.48141 96.2579 0.599999
      vertex 9.21273 95.9877 0.599999
      vertex 9.31303 96.3406 0.599999
    endloop
  endfacet
  facet normal 0 0 -1
    outer loop
      vertex 9.09983 96.0433 0.599999
      vertex 9.31303 96.3406 0.599999
      vertex 9.21273 95.9877 0.599999
    endloop
  endfacet
  facet normal -0 0 -1
    outer loop
      vertex 9.31303 96.3406 0.599999
      vertex 9.09983 96.0433 0.599999
      vertex 9.12173 96.3903 0.599999
    endloop
  endfacet
  facet normal 0 0 -1
    outer loop
      vertex 8.97132 96.0767 0.599999
      vertex 9.12173 96.3903 0.599999
      vertex 9.09983 96.0433 0.599999
    endloop
  endfacet
  facet normal 0 0 -1
    outer loop
      vertex 8.97132 96.0767 0.599999
      vertex 8.90751 96.4068 0.599999
      vertex 9.12173 96.3903 0.599999
    endloop
  endfacet
  facet normal 0 0 -1
    outer loop
      vertex 8.82722 96.0878 0.599999
      vertex 8.90751 96.4068 0.599999
      vertex 8.97132 96.0767 0.599999
    endloop
  endfacet
  facet normal 0 0 -1
    outer loop
      vertex 8.72645 96.3946 0.599999
      vertex 8.82722 96.0878 0.599999
      vertex 8.74939 96.0847 0.599999
    endloop
  endfacet
  facet normal 0 0 -1
    outer loop
      vertex 8.82722 96.0878 0.599999
      vertex 8.72645 96.3946 0.599999
      vertex 8.90751 96.4068 0.599999
    endloop
  endfacet
  facet normal 0 0 -1
    outer loop
      vertex 8.67424 96.0753 0.599999
      vertex 8.72645 96.3946 0.599999
      vertex 8.74939 96.0847 0.599999
    endloop
  endfacet
  facet normal 0 0 -1
    outer loop
      vertex 8.56086 96.358 0.599999
      vertex 8.67424 96.0753 0.599999
      vertex 8.60182 96.0598 0.599999
    endloop
  endfacet
  facet normal 0 0 -1
    outer loop
      vertex 8.67424 96.0753 0.599999
      vertex 8.56086 96.358 0.599999
      vertex 8.72645 96.3946 0.599999
    endloop
  endfacet
  facet normal 0 0 -1
    outer loop
      vertex 8.41072 96.297 0.599999
      vertex 8.60182 96.0598 0.599999
      vertex 8.53209 96.0379 0.599999
    endloop
  endfacet
  facet normal 0 0 -1
    outer loop
      vertex 8.41072 96.297 0.599999
      vertex 8.53209 96.0379 0.599999
      vertex 8.46374 96.0086 0.599999
    endloop
  endfacet
  facet normal 0 0 -1
    outer loop
      vertex 8.60182 96.0598 0.599999
      vertex 8.41072 96.297 0.599999
      vertex 8.56086 96.358 0.599999
    endloop
  endfacet
  facet normal 0 0 -1
    outer loop
      vertex 8.27603 96.2115 0.599999
      vertex 8.46374 96.0086 0.599999
      vertex 8.39538 95.9707 0.599999
    endloop
  endfacet
  facet normal 0 0 -1
    outer loop
      vertex 8.27603 96.2115 0.599999
      vertex 8.39538 95.9707 0.599999
      vertex 8.32704 95.924 0.599999
    endloop
  endfacet
  facet normal 0 0 -1
    outer loop
      vertex 8.46374 96.0086 0.599999
      vertex 8.27603 96.2115 0.599999
      vertex 8.41072 96.297 0.599999
    endloop
  endfacet
  facet normal 0 -0 -1
    outer loop
      vertex 8.27603 96.2115 0.599999
      vertex 8.32704 95.924 0.599999
      vertex 8.25868 95.8687 0.599999
    endloop
  endfacet
  facet normal 0 0 -1
    outer loop
      vertex 8.33462 97.1815 0.599999
      vertex 9.71693 97.5135 0.599999
      vertex 9.71693 97.1815 0.599999
    endloop
  endfacet
  facet normal 0 0 -1
    outer loop
      vertex 8.33462 97.1815 0.599999
      vertex 7.97874 97.5135 0.599999
      vertex 9.71693 97.5135 0.599999
    endloop
  endfacet
  facet normal 0 0 -1
    outer loop
      vertex 8.27603 96.2115 0.599999
      vertex 7.97874 97.5135 0.599999
      vertex 8.33462 97.1815 0.599999
    endloop
  endfacet
  facet normal 0 0 -1
    outer loop
      vertex 7.87677 95.8687 0.599999
      vertex 8.27603 96.2115 0.599999
      vertex 8.25868 95.8687 0.599999
    endloop
  endfacet
  facet normal -0 0 -1
    outer loop
      vertex 8.27603 96.2115 0.599999
      vertex 7.87677 95.8687 0.599999
      vertex 7.97874 97.5135 0.599999
    endloop
  endfacet
  facet normal 0 0 -1
    outer loop
      vertex 6.80976 94.456 0.599999
      vertex 7.23291 94.9312 0.599999
      vertex 7.23291 94.456 0.599999
    endloop
  endfacet
  facet normal -0 0 -1
    outer loop
      vertex 7.23291 94.9312 0.599999
      vertex 6.80976 94.456 0.599999
      vertex 6.80976 94.9312 0.599999
    endloop
  endfacet
  facet normal 0 -1 0
    outer loop
      vertex 2.22949 94.788 0
      vertex 3.82443 94.788 0.599999
      vertex 2.22949 94.788 0.599999
    endloop
  endfacet
  facet normal 0 -1 -0
    outer loop
      vertex 3.82443 94.788 0.599999
      vertex 2.22949 94.788 0
      vertex 3.82443 94.788 0
    endloop
  endfacet
  facet normal -0.897449 0.441119 0
    outer loop
      vertex 2.22949 94.788 0
      vertex 2.26719 94.8647 0.599999
      vertex 2.26719 94.8647 0
    endloop
  endfacet
  facet normal -0.897449 0.441119 0
    outer loop
      vertex 2.26719 94.8647 0.599999
      vertex 2.22949 94.788 0
      vertex 2.22949 94.788 0.599999
    endloop
  endfacet
  facet normal -0.852208 0.523203 0
    outer loop
      vertex 2.26719 94.8647 0
      vertex 2.3152 94.9429 0.599999
      vertex 2.3152 94.9429 0
    endloop
  endfacet
  facet normal -0.852208 0.523203 0
    outer loop
      vertex 2.3152 94.9429 0.599999
      vertex 2.26719 94.8647 0
      vertex 2.26719 94.8647 0.599999
    endloop
  endfacet
  facet normal -0.807113 0.590397 0
    outer loop
      vertex 2.3152 94.9429 0
      vertex 2.3735 95.0226 0.599999
      vertex 2.3735 95.0226 0
    endloop
  endfacet
  facet normal -0.807113 0.590397 0
    outer loop
      vertex 2.3735 95.0226 0.599999
      vertex 2.3152 94.9429 0
      vertex 2.3152 94.9429 0.599999
    endloop
  endfacet
  facet normal -0.763354 0.64598 0
    outer loop
      vertex 2.3735 95.0226 0
      vertex 2.44213 95.1037 0.599999
      vertex 2.44213 95.1037 0
    endloop
  endfacet
  facet normal -0.763354 0.64598 0
    outer loop
      vertex 2.44213 95.1037 0.599999
      vertex 2.3735 95.0226 0
      vertex 2.3735 95.0226 0.599999
    endloop
  endfacet
  facet normal -0.725578 0.68814 0
    outer loop
      vertex 2.44213 95.1037 0
      vertex 2.52227 95.1882 0.599999
      vertex 2.52227 95.1882 0
    endloop
  endfacet
  facet normal -0.725578 0.68814 0
    outer loop
      vertex 2.52227 95.1882 0.599999
      vertex 2.44213 95.1037 0
      vertex 2.44213 95.1037 0.599999
    endloop
  endfacet
  facet normal -0.693364 0.720587 0
    outer loop
      vertex 2.61518 95.2776 0
      vertex 2.52227 95.1882 0.599999
      vertex 2.61518 95.2776 0.599999
    endloop
  endfacet
  facet normal -0.693364 0.720587 0
    outer loop
      vertex 2.52227 95.1882 0.599999
      vertex 2.61518 95.2776 0
      vertex 2.52227 95.1882 0
    endloop
  endfacet
  facet normal -0.666646 0.745374 0
    outer loop
      vertex 2.72084 95.3721 0
      vertex 2.61518 95.2776 0.599999
      vertex 2.72084 95.3721 0.599999
    endloop
  endfacet
  facet normal -0.666646 0.745374 0
    outer loop
      vertex 2.61518 95.2776 0.599999
      vertex 2.72084 95.3721 0
      vertex 2.61518 95.2776 0
    endloop
  endfacet
  facet normal -0.643359 0.765565 0
    outer loop
      vertex 2.83924 95.4716 0
      vertex 2.72084 95.3721 0.599999
      vertex 2.83924 95.4716 0.599999
    endloop
  endfacet
  facet normal -0.643359 0.765565 0
    outer loop
      vertex 2.72084 95.3721 0.599999
      vertex 2.83924 95.4716 0
      vertex 2.72084 95.3721 0
    endloop
  endfacet
  facet normal -0.63707 0.770806 0
    outer loop
      vertex 3.04771 95.6439 0
      vertex 2.83924 95.4716 0.599999
      vertex 3.04771 95.6439 0.599999
    endloop
  endfacet
  facet normal -0.63707 0.770806 0
    outer loop
      vertex 2.83924 95.4716 0.599999
      vertex 3.04771 95.6439 0
      vertex 2.83924 95.4716 0
    endloop
  endfacet
  facet normal -0.653371 0.757038 0
    outer loop
      vertex 3.21954 95.7922 0
      vertex 3.04771 95.6439 0.599999
      vertex 3.21954 95.7922 0.599999
    endloop
  endfacet
  facet normal -0.653371 0.757038 0
    outer loop
      vertex 3.04771 95.6439 0.599999
      vertex 3.21954 95.7922 0
      vertex 3.04771 95.6439 0
    endloop
  endfacet
  facet normal -0.676164 0.736751 0
    outer loop
      vertex 3.35476 95.9163 0
      vertex 3.21954 95.7922 0.599999
      vertex 3.35476 95.9163 0.599999
    endloop
  endfacet
  facet normal -0.676164 0.736751 0
    outer loop
      vertex 3.21954 95.7922 0.599999
      vertex 3.35476 95.9163 0
      vertex 3.21954 95.7922 0
    endloop
  endfacet
  facet normal -0.711687 0.702497 0
    outer loop
      vertex 3.35476 95.9163 0
      vertex 3.45337 96.0162 0.599999
      vertex 3.45337 96.0162 0
    endloop
  endfacet
  facet normal -0.711687 0.702497 0
    outer loop
      vertex 3.45337 96.0162 0.599999
      vertex 3.35476 95.9163 0
      vertex 3.35476 95.9163 0.599999
    endloop
  endfacet
  facet normal -0.759311 0.650727 0
    outer loop
      vertex 3.45337 96.0162 0
      vertex 3.5287 96.1041 0.599999
      vertex 3.5287 96.1041 0
    endloop
  endfacet
  facet normal -0.759311 0.650727 0
    outer loop
      vertex 3.5287 96.1041 0.599999
      vertex 3.45337 96.0162 0
      vertex 3.45337 96.0162 0.599999
    endloop
  endfacet
  facet normal -0.802119 0.597164 0
    outer loop
      vertex 3.5287 96.1041 0
      vertex 3.59414 96.192 0.599999
      vertex 3.59414 96.192 0
    endloop
  endfacet
  facet normal -0.802119 0.597164 0
    outer loop
      vertex 3.59414 96.192 0.599999
      vertex 3.5287 96.1041 0
      vertex 3.5287 96.1041 0.599999
    endloop
  endfacet
  facet normal -0.845427 0.534091 0
    outer loop
      vertex 3.59414 96.192 0
      vertex 3.64967 96.2799 0.599999
      vertex 3.64967 96.2799 0
    endloop
  endfacet
  facet normal -0.845427 0.534091 0
    outer loop
      vertex 3.64967 96.2799 0.599999
      vertex 3.59414 96.192 0
      vertex 3.59414 96.192 0.599999
    endloop
  endfacet
  facet normal -0.887498 0.460812 0
    outer loop
      vertex 3.64967 96.2799 0
      vertex 3.69531 96.3678 0.599999
      vertex 3.69531 96.3678 0
    endloop
  endfacet
  facet normal -0.887498 0.460812 0
    outer loop
      vertex 3.69531 96.3678 0.599999
      vertex 3.64967 96.2799 0
      vertex 3.64967 96.2799 0.599999
    endloop
  endfacet
  facet normal -0.927017 0.37502 0
    outer loop
      vertex 3.69531 96.3678 0
      vertex 3.73091 96.4558 0.599999
      vertex 3.73091 96.4558 0
    endloop
  endfacet
  facet normal -0.927017 0.37502 0
    outer loop
      vertex 3.73091 96.4558 0.599999
      vertex 3.69531 96.3678 0
      vertex 3.69531 96.3678 0.599999
    endloop
  endfacet
  facet normal -0.960943 0.276747 0
    outer loop
      vertex 3.73091 96.4558 0
      vertex 3.75634 96.5441 0.599999
      vertex 3.75634 96.5441 0
    endloop
  endfacet
  facet normal -0.960943 0.276747 0
    outer loop
      vertex 3.75634 96.5441 0.599999
      vertex 3.73091 96.4558 0
      vertex 3.73091 96.4558 0.599999
    endloop
  endfacet
  facet normal -0.985458 0.169922 0
    outer loop
      vertex 3.75634 96.5441 0
      vertex 3.7716 96.6326 0.599999
      vertex 3.7716 96.6326 0
    endloop
  endfacet
  facet normal -0.985458 0.169922 0
    outer loop
      vertex 3.7716 96.6326 0.599999
      vertex 3.75634 96.5441 0
      vertex 3.75634 96.5441 0.599999
    endloop
  endfacet
  facet normal -0.998371 0.0570498 0
    outer loop
      vertex 3.7716 96.6326 0
      vertex 3.77668 96.7215 0.599999
      vertex 3.77668 96.7215 0
    endloop
  endfacet
  facet normal -0.998371 0.0570498 0
    outer loop
      vertex 3.77668 96.7215 0.599999
      vertex 3.7716 96.6326 0
      vertex 3.7716 96.6326 0.599999
    endloop
  endfacet
  facet normal -0.996648 -0.0818073 0
    outer loop
      vertex 3.77668 96.7215 0
      vertex 3.76115 96.9107 0.599999
      vertex 3.76115 96.9107 0
    endloop
  endfacet
  facet normal -0.996648 -0.0818073 0
    outer loop
      vertex 3.76115 96.9107 0.599999
      vertex 3.77668 96.7215 0
      vertex 3.77668 96.7215 0.599999
    endloop
  endfacet
  facet normal -0.962982 -0.269566 0
    outer loop
      vertex 3.76115 96.9107 0
      vertex 3.71457 97.0771 0.599999
      vertex 3.71457 97.0771 0
    endloop
  endfacet
  facet normal -0.962982 -0.269566 0
    outer loop
      vertex 3.71457 97.0771 0.599999
      vertex 3.76115 96.9107 0
      vertex 3.76115 96.9107 0.599999
    endloop
  endfacet
  facet normal -0.87933 -0.476212 0
    outer loop
      vertex 3.71457 97.0771 0
      vertex 3.63691 97.2205 0.599999
      vertex 3.63691 97.2205 0
    endloop
  endfacet
  facet normal -0.87933 -0.476212 0
    outer loop
      vertex 3.63691 97.2205 0.599999
      vertex 3.71457 97.0771 0
      vertex 3.71457 97.0771 0.599999
    endloop
  endfacet
  facet normal -0.742528 -0.669815 0
    outer loop
      vertex 3.63691 97.2205 0
      vertex 3.52821 97.341 0.599999
      vertex 3.52821 97.341 0
    endloop
  endfacet
  facet normal -0.742528 -0.669815 0
    outer loop
      vertex 3.52821 97.341 0.599999
      vertex 3.63691 97.2205 0
      vertex 3.63691 97.2205 0.599999
    endloop
  endfacet
  facet normal -0.569797 -0.821786 0
    outer loop
      vertex 3.39062 97.4364 0
      vertex 3.52821 97.341 0.599999
      vertex 3.39062 97.4364 0.599999
    endloop
  endfacet
  facet normal -0.569797 -0.821786 -0
    outer loop
      vertex 3.52821 97.341 0.599999
      vertex 3.39062 97.4364 0
      vertex 3.52821 97.341 0
    endloop
  endfacet
  facet normal -0.383358 -0.9236 0
    outer loop
      vertex 3.22631 97.5046 0
      vertex 3.39062 97.4364 0.599999
      vertex 3.22631 97.5046 0.599999
    endloop
  endfacet
  facet normal -0.383358 -0.9236 -0
    outer loop
      vertex 3.39062 97.4364 0.599999
      vertex 3.22631 97.5046 0
      vertex 3.39062 97.4364 0
    endloop
  endfacet
  facet normal -0.209368 -0.977837 0
    outer loop
      vertex 3.03529 97.5455 0
      vertex 3.22631 97.5046 0.599999
      vertex 3.03529 97.5455 0.599999
    endloop
  endfacet
  facet normal -0.209368 -0.977837 -0
    outer loop
      vertex 3.22631 97.5046 0.599999
      vertex 3.03529 97.5455 0
      vertex 3.22631 97.5046 0
    endloop
  endfacet
  facet normal -0.0623383 -0.998055 0
    outer loop
      vertex 2.81755 97.5591 0
      vertex 3.03529 97.5455 0.599999
      vertex 2.81755 97.5591 0.599999
    endloop
  endfacet
  facet normal -0.0623383 -0.998055 -0
    outer loop
      vertex 3.03529 97.5455 0.599999
      vertex 2.81755 97.5591 0
      vertex 3.03529 97.5455 0
    endloop
  endfacet
  facet normal 0.0675308 -0.997717 0
    outer loop
      vertex 2.61662 97.5455 0
      vertex 2.81755 97.5591 0.599999
      vertex 2.61662 97.5455 0.599999
    endloop
  endfacet
  facet normal 0.0675308 -0.997717 0
    outer loop
      vertex 2.81755 97.5591 0.599999
      vertex 2.61662 97.5455 0
      vertex 2.81755 97.5591 0
    endloop
  endfacet
  facet normal 0.218453 -0.975847 0
    outer loop
      vertex 2.43481 97.5048 0
      vertex 2.61662 97.5455 0.599999
      vertex 2.43481 97.5048 0.599999
    endloop
  endfacet
  facet normal 0.218453 -0.975847 0
    outer loop
      vertex 2.61662 97.5455 0.599999
      vertex 2.43481 97.5048 0
      vertex 2.61662 97.5455 0
    endloop
  endfacet
  facet normal 0.384676 -0.923052 0
    outer loop
      vertex 2.27212 97.437 0
      vertex 2.43481 97.5048 0.599999
      vertex 2.27212 97.437 0.599999
    endloop
  endfacet
  facet normal 0.384676 -0.923052 0
    outer loop
      vertex 2.43481 97.5048 0.599999
      vertex 2.27212 97.437 0
      vertex 2.43481 97.5048 0
    endloop
  endfacet
  facet normal 0.551478 -0.83419 0
    outer loop
      vertex 2.12857 97.3421 0
      vertex 2.27212 97.437 0.599999
      vertex 2.12857 97.3421 0.599999
    endloop
  endfacet
  facet normal 0.551478 -0.83419 0
    outer loop
      vertex 2.27212 97.437 0.599999
      vertex 2.12857 97.3421 0
      vertex 2.27212 97.437 0
    endloop
  endfacet
  facet normal 0.700927 -0.713233 0
    outer loop
      vertex 2.0086 97.2242 0
      vertex 2.12857 97.3421 0.599999
      vertex 2.0086 97.2242 0.599999
    endloop
  endfacet
  facet normal 0.700927 -0.713233 0
    outer loop
      vertex 2.12857 97.3421 0.599999
      vertex 2.0086 97.2242 0
      vertex 2.12857 97.3421 0
    endloop
  endfacet
  facet normal 0.829735 -0.558158 0
    outer loop
      vertex 1.91671 97.0876 0.599999
      vertex 2.0086 97.2242 0
      vertex 2.0086 97.2242 0.599999
    endloop
  endfacet
  facet normal 0.829735 -0.558158 0
    outer loop
      vertex 2.0086 97.2242 0
      vertex 1.91671 97.0876 0.599999
      vertex 1.91671 97.0876 0
    endloop
  endfacet
  facet normal 0.924879 -0.380261 0
    outer loop
      vertex 1.8529 96.9324 0.599999
      vertex 1.91671 97.0876 0
      vertex 1.91671 97.0876 0.599999
    endloop
  endfacet
  facet normal 0.924879 -0.380261 0
    outer loop
      vertex 1.91671 97.0876 0
      vertex 1.8529 96.9324 0.599999
      vertex 1.8529 96.9324 0
    endloop
  endfacet
  facet normal 0.979561 -0.201148 0
    outer loop
      vertex 1.81717 96.7584 0.599999
      vertex 1.8529 96.9324 0
      vertex 1.8529 96.9324 0.599999
    endloop
  endfacet
  facet normal 0.979561 -0.201148 0
    outer loop
      vertex 1.8529 96.9324 0
      vertex 1.81717 96.7584 0.599999
      vertex 1.81717 96.7584 0
    endloop
  endfacet
  facet normal 0.0920219 0.995757 -0
    outer loop
      vertex 2.21646 96.7215 0
      vertex 1.81717 96.7584 0.599999
      vertex 2.21646 96.7215 0.599999
    endloop
  endfacet
  facet normal 0.0920219 0.995757 0
    outer loop
      vertex 1.81717 96.7584 0.599999
      vertex 2.21646 96.7215 0
      vertex 1.81717 96.7584 0
    endloop
  endfacet
  facet normal -0.981706 0.190402 0
    outer loop
      vertex 2.21646 96.7215 0
      vertex 2.2389 96.8372 0.599999
      vertex 2.2389 96.8372 0
    endloop
  endfacet
  facet normal -0.981706 0.190402 0
    outer loop
      vertex 2.2389 96.8372 0.599999
      vertex 2.21646 96.7215 0
      vertex 2.21646 96.7215 0.599999
    endloop
  endfacet
  facet normal -0.933772 0.35787 0
    outer loop
      vertex 2.2389 96.8372 0
      vertex 2.27803 96.9393 0.599999
      vertex 2.27803 96.9393 0
    endloop
  endfacet
  facet normal -0.933772 0.35787 0
    outer loop
      vertex 2.27803 96.9393 0.599999
      vertex 2.2389 96.8372 0
      vertex 2.2389 96.8372 0.599999
    endloop
  endfacet
  facet normal -0.845352 0.534209 0
    outer loop
      vertex 2.27803 96.9393 0
      vertex 2.33383 97.0276 0.599999
      vertex 2.33383 97.0276 0
    endloop
  endfacet
  facet normal -0.845352 0.534209 0
    outer loop
      vertex 2.33383 97.0276 0.599999
      vertex 2.27803 96.9393 0
      vertex 2.27803 96.9393 0.599999
    endloop
  endfacet
  facet normal -0.717643 0.696411 0
    outer loop
      vertex 2.33383 97.0276 0
      vertex 2.40632 97.1023 0.599999
      vertex 2.40632 97.1023 0
    endloop
  endfacet
  facet normal -0.717643 0.696411 0
    outer loop
      vertex 2.40632 97.1023 0.599999
      vertex 2.33383 97.0276 0
      vertex 2.33383 97.0276 0.599999
    endloop
  endfacet
  facet normal -0.566237 0.824242 0
    outer loop
      vertex 2.49264 97.1616 0
      vertex 2.40632 97.1023 0.599999
      vertex 2.49264 97.1616 0.599999
    endloop
  endfacet
  facet normal -0.566237 0.824242 0
    outer loop
      vertex 2.40632 97.1023 0.599999
      vertex 2.49264 97.1616 0
      vertex 2.40632 97.1023 0
    endloop
  endfacet
  facet normal -0.399415 0.91677 0
    outer loop
      vertex 2.58996 97.204 0
      vertex 2.49264 97.1616 0.599999
      vertex 2.58996 97.204 0.599999
    endloop
  endfacet
  facet normal -0.399415 0.91677 0
    outer loop
      vertex 2.49264 97.1616 0.599999
      vertex 2.58996 97.204 0
      vertex 2.49264 97.1616 0
    endloop
  endfacet
  facet normal -0.22917 0.973387 0
    outer loop
      vertex 2.69827 97.2295 0
      vertex 2.58996 97.204 0.599999
      vertex 2.69827 97.2295 0.599999
    endloop
  endfacet
  facet normal -0.22917 0.973387 0
    outer loop
      vertex 2.58996 97.204 0.599999
      vertex 2.69827 97.2295 0
      vertex 2.58996 97.204 0
    endloop
  endfacet
  facet normal -0.0702486 0.99753 0
    outer loop
      vertex 2.81755 97.2379 0
      vertex 2.69827 97.2295 0.599999
      vertex 2.81755 97.2379 0.599999
    endloop
  endfacet
  facet normal -0.0702486 0.99753 0
    outer loop
      vertex 2.69827 97.2295 0.599999
      vertex 2.81755 97.2379 0
      vertex 2.69827 97.2295 0
    endloop
  endfacet
  facet normal 0.0691332 0.997607 -0
    outer loop
      vertex 2.94165 97.2293 0
      vertex 2.81755 97.2379 0.599999
      vertex 2.94165 97.2293 0.599999
    endloop
  endfacet
  facet normal 0.0691332 0.997607 0
    outer loop
      vertex 2.81755 97.2379 0.599999
      vertex 2.94165 97.2293 0
      vertex 2.81755 97.2379 0
    endloop
  endfacet
  facet normal 0.231441 0.972849 -0
    outer loop
      vertex 3.05136 97.2032 0
      vertex 2.94165 97.2293 0.599999
      vertex 3.05136 97.2032 0.599999
    endloop
  endfacet
  facet normal 0.231441 0.972849 0
    outer loop
      vertex 2.94165 97.2293 0.599999
      vertex 3.05136 97.2032 0
      vertex 2.94165 97.2293 0
    endloop
  endfacet
  facet normal 0.414342 0.910121 -0
    outer loop
      vertex 3.14669 97.1598 0
      vertex 3.05136 97.2032 0.599999
      vertex 3.14669 97.1598 0.599999
    endloop
  endfacet
  facet normal 0.414342 0.910121 0
    outer loop
      vertex 3.05136 97.2032 0.599999
      vertex 3.14669 97.1598 0
      vertex 3.05136 97.2032 0
    endloop
  endfacet
  facet normal 0.599826 0.80013 -0
    outer loop
      vertex 3.22766 97.0991 0
      vertex 3.14669 97.1598 0.599999
      vertex 3.22766 97.0991 0.599999
    endloop
  endfacet
  facet normal 0.599826 0.80013 0
    outer loop
      vertex 3.14669 97.1598 0.599999
      vertex 3.22766 97.0991 0
      vertex 3.14669 97.1598 0
    endloop
  endfacet
  facet normal 0.764178 0.645006 0
    outer loop
      vertex 3.29223 97.0226 0.599999
      vertex 3.22766 97.0991 0
      vertex 3.22766 97.0991 0.599999
    endloop
  endfacet
  facet normal 0.764178 0.645006 0
    outer loop
      vertex 3.22766 97.0991 0
      vertex 3.29223 97.0226 0.599999
      vertex 3.29223 97.0226 0
    endloop
  endfacet
  facet normal 0.891217 0.453577 0
    outer loop
      vertex 3.33834 96.932 0.599999
      vertex 3.29223 97.0226 0
      vertex 3.29223 97.0226 0.599999
    endloop
  endfacet
  facet normal 0.891217 0.453577 0
    outer loop
      vertex 3.29223 97.0226 0
      vertex 3.33834 96.932 0.599999
      vertex 3.33834 96.932 0
    endloop
  endfacet
  facet normal 0.966784 0.255593 0
    outer loop
      vertex 3.36602 96.8273 0.599999
      vertex 3.33834 96.932 0
      vertex 3.33834 96.932 0.599999
    endloop
  endfacet
  facet normal 0.966784 0.255593 0
    outer loop
      vertex 3.33834 96.932 0
      vertex 3.36602 96.8273 0.599999
      vertex 3.36602 96.8273 0
    endloop
  endfacet
  facet normal 0.997007 0.0773121 0
    outer loop
      vertex 3.37524 96.7084 0.599999
      vertex 3.36602 96.8273 0
      vertex 3.36602 96.8273 0.599999
    endloop
  endfacet
  facet normal 0.997007 0.0773121 0
    outer loop
      vertex 3.36602 96.8273 0
      vertex 3.37524 96.7084 0.599999
      vertex 3.37524 96.7084 0
    endloop
  endfacet
  facet normal 0.998262 -0.0589283 0
    outer loop
      vertex 3.36988 96.6176 0.599999
      vertex 3.37524 96.7084 0
      vertex 3.37524 96.7084 0.599999
    endloop
  endfacet
  facet normal 0.998262 -0.0589283 0
    outer loop
      vertex 3.37524 96.7084 0
      vertex 3.36988 96.6176 0.599999
      vertex 3.36988 96.6176 0
    endloop
  endfacet
  facet normal 0.983007 -0.183571 0
    outer loop
      vertex 3.35382 96.5316 0.599999
      vertex 3.36988 96.6176 0
      vertex 3.36988 96.6176 0.599999
    endloop
  endfacet
  facet normal 0.983007 -0.183571 0
    outer loop
      vertex 3.36988 96.6176 0
      vertex 3.35382 96.5316 0.599999
      vertex 3.35382 96.5316 0
    endloop
  endfacet
  facet normal 0.9495 -0.313768 0
    outer loop
      vertex 3.32702 96.4505 0.599999
      vertex 3.35382 96.5316 0
      vertex 3.35382 96.5316 0.599999
    endloop
  endfacet
  facet normal 0.9495 -0.313768 0
    outer loop
      vertex 3.35382 96.5316 0
      vertex 3.32702 96.4505 0.599999
      vertex 3.32702 96.4505 0
    endloop
  endfacet
  facet normal 0.897235 -0.441553 0
    outer loop
      vertex 3.28952 96.3743 0.599999
      vertex 3.32702 96.4505 0
      vertex 3.32702 96.4505 0.599999
    endloop
  endfacet
  facet normal 0.897235 -0.441553 0
    outer loop
      vertex 3.32702 96.4505 0
      vertex 3.28952 96.3743 0.599999
      vertex 3.28952 96.3743 0
    endloop
  endfacet
  facet normal 0.845046 -0.534694 0
    outer loop
      vertex 3.24333 96.3013 0.599999
      vertex 3.28952 96.3743 0
      vertex 3.28952 96.3743 0.599999
    endloop
  endfacet
  facet normal 0.845046 -0.534694 0
    outer loop
      vertex 3.28952 96.3743 0
      vertex 3.24333 96.3013 0.599999
      vertex 3.24333 96.3013 0
    endloop
  endfacet
  facet normal 0.803874 -0.594799 0
    outer loop
      vertex 3.1905 96.2299 0.599999
      vertex 3.24333 96.3013 0
      vertex 3.24333 96.3013 0.599999
    endloop
  endfacet
  facet normal 0.803874 -0.594799 0
    outer loop
      vertex 3.24333 96.3013 0
      vertex 3.1905 96.2299 0.599999
      vertex 3.1905 96.2299 0
    endloop
  endfacet
  facet normal 0.760672 -0.649136 0
    outer loop
      vertex 3.13102 96.1602 0.599999
      vertex 3.1905 96.2299 0
      vertex 3.1905 96.2299 0.599999
    endloop
  endfacet
  facet normal 0.760672 -0.649136 0
    outer loop
      vertex 3.1905 96.2299 0
      vertex 3.13102 96.1602 0.599999
      vertex 3.13102 96.1602 0
    endloop
  endfacet
  facet normal 0.717513 -0.696546 0
    outer loop
      vertex 3.06491 96.0921 0.599999
      vertex 3.13102 96.1602 0
      vertex 3.13102 96.1602 0.599999
    endloop
  endfacet
  facet normal 0.717513 -0.696546 0
    outer loop
      vertex 3.13102 96.1602 0
      vertex 3.06491 96.0921 0.599999
      vertex 3.06491 96.0921 0
    endloop
  endfacet
  facet normal 0.684653 -0.72887 0
    outer loop
      vertex 2.99337 96.0249 0
      vertex 3.06491 96.0921 0.599999
      vertex 2.99337 96.0249 0.599999
    endloop
  endfacet
  facet normal 0.684653 -0.72887 0
    outer loop
      vertex 3.06491 96.0921 0.599999
      vertex 2.99337 96.0249 0
      vertex 3.06491 96.0921 0
    endloop
  endfacet
  facet normal 0.664229 -0.747529 0
    outer loop
      vertex 2.91763 95.9576 0
      vertex 2.99337 96.0249 0.599999
      vertex 2.91763 95.9576 0.599999
    endloop
  endfacet
  facet normal 0.664229 -0.747529 0
    outer loop
      vertex 2.99337 96.0249 0.599999
      vertex 2.91763 95.9576 0
      vertex 2.99337 96.0249 0
    endloop
  endfacet
  facet normal 0.643381 -0.765546 0
    outer loop
      vertex 2.83767 95.8904 0
      vertex 2.91763 95.9576 0.599999
      vertex 2.83767 95.8904 0.599999
    endloop
  endfacet
  facet normal 0.643381 -0.765546 0
    outer loop
      vertex 2.91763 95.9576 0.599999
      vertex 2.83767 95.8904 0
      vertex 2.91763 95.9576 0
    endloop
  endfacet
  facet normal 0.624582 -0.780959 0
    outer loop
      vertex 2.75352 95.8231 0
      vertex 2.83767 95.8904 0.599999
      vertex 2.75352 95.8231 0.599999
    endloop
  endfacet
  facet normal 0.624582 -0.780959 0
    outer loop
      vertex 2.83767 95.8904 0.599999
      vertex 2.75352 95.8231 0
      vertex 2.83767 95.8904 0
    endloop
  endfacet
  facet normal 0.622108 -0.782932 0
    outer loop
      vertex 2.66706 95.7544 0
      vertex 2.75352 95.8231 0.599999
      vertex 2.66706 95.7544 0.599999
    endloop
  endfacet
  facet normal 0.622108 -0.782932 0
    outer loop
      vertex 2.75352 95.8231 0.599999
      vertex 2.66706 95.7544 0
      vertex 2.75352 95.8231 0
    endloop
  endfacet
  facet normal 0.635539 -0.772069 0
    outer loop
      vertex 2.5802 95.6829 0
      vertex 2.66706 95.7544 0.599999
      vertex 2.5802 95.6829 0.599999
    endloop
  endfacet
  facet normal 0.635539 -0.772069 0
    outer loop
      vertex 2.66706 95.7544 0.599999
      vertex 2.5802 95.6829 0
      vertex 2.66706 95.7544 0
    endloop
  endfacet
  facet normal 0.648721 -0.761026 0
    outer loop
      vertex 2.49292 95.6085 0
      vertex 2.5802 95.6829 0.599999
      vertex 2.49292 95.6085 0.599999
    endloop
  endfacet
  facet normal 0.648721 -0.761026 0
    outer loop
      vertex 2.5802 95.6829 0.599999
      vertex 2.49292 95.6085 0
      vertex 2.5802 95.6829 0
    endloop
  endfacet
  facet normal 0.66131 -0.750112 0
    outer loop
      vertex 2.40524 95.5312 0
      vertex 2.49292 95.6085 0.599999
      vertex 2.40524 95.5312 0.599999
    endloop
  endfacet
  facet normal 0.66131 -0.750112 0
    outer loop
      vertex 2.49292 95.6085 0.599999
      vertex 2.40524 95.5312 0
      vertex 2.49292 95.6085 0
    endloop
  endfacet
  facet normal 0.681513 -0.731806 0
    outer loop
      vertex 2.31837 95.4503 0
      vertex 2.40524 95.5312 0.599999
      vertex 2.31837 95.4503 0.599999
    endloop
  endfacet
  facet normal 0.681513 -0.731806 0
    outer loop
      vertex 2.40524 95.5312 0.599999
      vertex 2.31837 95.4503 0
      vertex 2.40524 95.5312 0
    endloop
  endfacet
  facet normal 0.710336 -0.703863 0
    outer loop
      vertex 2.23355 95.3647 0.599999
      vertex 2.31837 95.4503 0
      vertex 2.31837 95.4503 0.599999
    endloop
  endfacet
  facet normal 0.710336 -0.703863 0
    outer loop
      vertex 2.31837 95.4503 0
      vertex 2.23355 95.3647 0.599999
      vertex 2.23355 95.3647 0
    endloop
  endfacet
  facet normal 0.736639 -0.676287 0
    outer loop
      vertex 2.15074 95.2745 0.599999
      vertex 2.23355 95.3647 0
      vertex 2.23355 95.3647 0.599999
    endloop
  endfacet
  facet normal 0.736639 -0.676287 0
    outer loop
      vertex 2.23355 95.3647 0
      vertex 2.15074 95.2745 0.599999
      vertex 2.15074 95.2745 0
    endloop
  endfacet
  facet normal 0.761186 -0.648534 0
    outer loop
      vertex 2.06997 95.1797 0.599999
      vertex 2.15074 95.2745 0
      vertex 2.15074 95.2745 0.599999
    endloop
  endfacet
  facet normal 0.761186 -0.648534 0
    outer loop
      vertex 2.15074 95.2745 0
      vertex 2.06997 95.1797 0.599999
      vertex 2.06997 95.1797 0
    endloop
  endfacet
  facet normal 0.79585 -0.605494 0
    outer loop
      vertex 1.99328 95.0789 0.599999
      vertex 2.06997 95.1797 0
      vertex 2.06997 95.1797 0.599999
    endloop
  endfacet
  facet normal 0.79585 -0.605494 0
    outer loop
      vertex 2.06997 95.1797 0
      vertex 1.99328 95.0789 0.599999
      vertex 1.99328 95.0789 0
    endloop
  endfacet
  facet normal 0.837789 -0.545994 0
    outer loop
      vertex 1.9227 94.9706 0.599999
      vertex 1.99328 95.0789 0
      vertex 1.99328 95.0789 0.599999
    endloop
  endfacet
  facet normal 0.837789 -0.545994 0
    outer loop
      vertex 1.99328 95.0789 0
      vertex 1.9227 94.9706 0.599999
      vertex 1.9227 94.9706 0
    endloop
  endfacet
  facet normal 0.873623 -0.486603 0
    outer loop
      vertex 1.8582 94.8548 0.599999
      vertex 1.9227 94.9706 0
      vertex 1.9227 94.9706 0.599999
    endloop
  endfacet
  facet normal 0.873623 -0.486603 0
    outer loop
      vertex 1.9227 94.9706 0
      vertex 1.8582 94.8548 0.599999
      vertex 1.8582 94.8548 0
    endloop
  endfacet
  facet normal 0.903675 -0.428219 0
    outer loop
      vertex 1.79982 94.7316 0.599999
      vertex 1.8582 94.8548 0
      vertex 1.8582 94.8548 0.599999
    endloop
  endfacet
  facet normal 0.903675 -0.428219 0
    outer loop
      vertex 1.8582 94.8548 0
      vertex 1.79982 94.7316 0.599999
      vertex 1.79982 94.7316 0
    endloop
  endfacet
  facet normal 1 -0 0
    outer loop
      vertex 1.79982 94.456 0.599999
      vertex 1.79982 94.7316 0
      vertex 1.79982 94.7316 0.599999
    endloop
  endfacet
  facet normal 1 0 0
    outer loop
      vertex 1.79982 94.7316 0
      vertex 1.79982 94.456 0.599999
      vertex 1.79982 94.456 0
    endloop
  endfacet
  facet normal 0 1 -0
    outer loop
      vertex 3.82443 94.456 0
      vertex 1.79982 94.456 0.599999
      vertex 3.82443 94.456 0.599999
    endloop
  endfacet
  facet normal 0 1 0
    outer loop
      vertex 1.79982 94.456 0.599999
      vertex 3.82443 94.456 0
      vertex 1.79982 94.456 0
    endloop
  endfacet
  facet normal -1 0 0
    outer loop
      vertex 3.82443 94.456 0
      vertex 3.82443 94.788 0.599999
      vertex 3.82443 94.788 0
    endloop
  endfacet
  facet normal -1 -0 0
    outer loop
      vertex 3.82443 94.788 0.599999
      vertex 3.82443 94.456 0
      vertex 3.82443 94.456 0.599999
    endloop
  endfacet
  facet normal 0 -1 0
    outer loop
      vertex 4.64334 94.788 0
      vertex 6.23826 94.788 0.599999
      vertex 4.64334 94.788 0.599999
    endloop
  endfacet
  facet normal 0 -1 -0
    outer loop
      vertex 6.23826 94.788 0.599999
      vertex 4.64334 94.788 0
      vertex 6.23826 94.788 0
    endloop
  endfacet
  facet normal -0.897495 0.441025 0
    outer loop
      vertex 4.64334 94.788 0
      vertex 4.68103 94.8647 0.599999
      vertex 4.68103 94.8647 0
    endloop
  endfacet
  facet normal -0.897495 0.441025 0
    outer loop
      vertex 4.68103 94.8647 0.599999
      vertex 4.64334 94.788 0
      vertex 4.64334 94.788 0.599999
    endloop
  endfacet
  facet normal -0.852256 0.523124 0
    outer loop
      vertex 4.68103 94.8647 0
      vertex 4.72903 94.9429 0.599999
      vertex 4.72903 94.9429 0
    endloop
  endfacet
  facet normal -0.852256 0.523124 0
    outer loop
      vertex 4.72903 94.9429 0.599999
      vertex 4.68103 94.8647 0
      vertex 4.68103 94.8647 0.599999
    endloop
  endfacet
  facet normal -0.807016 0.590529 0
    outer loop
      vertex 4.72903 94.9429 0
      vertex 4.78735 95.0226 0.599999
      vertex 4.78735 95.0226 0
    endloop
  endfacet
  facet normal -0.807016 0.590529 0
    outer loop
      vertex 4.78735 95.0226 0.599999
      vertex 4.72903 94.9429 0
      vertex 4.72903 94.9429 0.599999
    endloop
  endfacet
  facet normal -0.763401 0.645925 0
    outer loop
      vertex 4.78735 95.0226 0
      vertex 4.85597 95.1037 0.599999
      vertex 4.85597 95.1037 0
    endloop
  endfacet
  facet normal -0.763401 0.645925 0
    outer loop
      vertex 4.85597 95.1037 0.599999
      vertex 4.78735 95.0226 0
      vertex 4.78735 95.0226 0.599999
    endloop
  endfacet
  facet normal -0.725535 0.688185 0
    outer loop
      vertex 4.85597 95.1037 0
      vertex 4.93612 95.1882 0.599999
      vertex 4.93612 95.1882 0
    endloop
  endfacet
  facet normal -0.725535 0.688185 0
    outer loop
      vertex 4.93612 95.1882 0.599999
      vertex 4.85597 95.1037 0
      vertex 4.85597 95.1037 0.599999
    endloop
  endfacet
  facet normal -0.693364 0.720587 0
    outer loop
      vertex 5.02903 95.2776 0
      vertex 4.93612 95.1882 0.599999
      vertex 5.02903 95.2776 0.599999
    endloop
  endfacet
  facet normal -0.693364 0.720587 0
    outer loop
      vertex 4.93612 95.1882 0.599999
      vertex 5.02903 95.2776 0
      vertex 4.93612 95.1882 0
    endloop
  endfacet
  facet normal -0.666646 0.745374 0
    outer loop
      vertex 5.13469 95.3721 0
      vertex 5.02903 95.2776 0.599999
      vertex 5.13469 95.3721 0.599999
    endloop
  endfacet
  facet normal -0.666646 0.745374 0
    outer loop
      vertex 5.02903 95.2776 0.599999
      vertex 5.13469 95.3721 0
      vertex 5.02903 95.2776 0
    endloop
  endfacet
  facet normal -0.643359 0.765565 0
    outer loop
      vertex 5.25309 95.4716 0
      vertex 5.13469 95.3721 0.599999
      vertex 5.25309 95.4716 0.599999
    endloop
  endfacet
  facet normal -0.643359 0.765565 0
    outer loop
      vertex 5.13469 95.3721 0.599999
      vertex 5.25309 95.4716 0
      vertex 5.13469 95.3721 0
    endloop
  endfacet
  facet normal -0.637106 0.770776 0
    outer loop
      vertex 5.46154 95.6439 0
      vertex 5.25309 95.4716 0.599999
      vertex 5.46154 95.6439 0.599999
    endloop
  endfacet
  facet normal -0.637106 0.770776 0
    outer loop
      vertex 5.25309 95.4716 0.599999
      vertex 5.46154 95.6439 0
      vertex 5.25309 95.4716 0
    endloop
  endfacet
  facet normal -0.653327 0.757076 0
    outer loop
      vertex 5.63339 95.7922 0
      vertex 5.46154 95.6439 0.599999
      vertex 5.63339 95.7922 0.599999
    endloop
  endfacet
  facet normal -0.653327 0.757076 0
    outer loop
      vertex 5.46154 95.6439 0.599999
      vertex 5.63339 95.7922 0
      vertex 5.46154 95.6439 0
    endloop
  endfacet
  facet normal -0.676164 0.736751 0
    outer loop
      vertex 5.76861 95.9163 0
      vertex 5.63339 95.7922 0.599999
      vertex 5.76861 95.9163 0.599999
    endloop
  endfacet
  facet normal -0.676164 0.736751 0
    outer loop
      vertex 5.63339 95.7922 0.599999
      vertex 5.76861 95.9163 0
      vertex 5.63339 95.7922 0
    endloop
  endfacet
  facet normal -0.711829 0.702353 0
    outer loop
      vertex 5.76861 95.9163 0
      vertex 5.86718 96.0162 0.599999
      vertex 5.86718 96.0162 0
    endloop
  endfacet
  facet normal -0.711829 0.702353 0
    outer loop
      vertex 5.86718 96.0162 0.599999
      vertex 5.76861 95.9163 0
      vertex 5.76861 95.9163 0.599999
    endloop
  endfacet
  facet normal -0.759226 0.650827 0
    outer loop
      vertex 5.86718 96.0162 0
      vertex 5.94253 96.1041 0.599999
      vertex 5.94253 96.1041 0
    endloop
  endfacet
  facet normal -0.759226 0.650827 0
    outer loop
      vertex 5.94253 96.1041 0.599999
      vertex 5.86718 96.0162 0
      vertex 5.86718 96.0162 0.599999
    endloop
  endfacet
  facet normal -0.802163 0.597105 0
    outer loop
      vertex 5.94253 96.1041 0
      vertex 6.00796 96.192 0.599999
      vertex 6.00796 96.192 0
    endloop
  endfacet
  facet normal -0.802163 0.597105 0
    outer loop
      vertex 6.00796 96.192 0.599999
      vertex 5.94253 96.1041 0
      vertex 5.94253 96.1041 0.599999
    endloop
  endfacet
  facet normal -0.845384 0.534159 0
    outer loop
      vertex 6.00796 96.192 0
      vertex 6.0635 96.2799 0.599999
      vertex 6.0635 96.2799 0
    endloop
  endfacet
  facet normal -0.845384 0.534159 0
    outer loop
      vertex 6.0635 96.2799 0.599999
      vertex 6.00796 96.192 0
      vertex 6.00796 96.192 0.599999
    endloop
  endfacet
  facet normal -0.887498 0.460812 0
    outer loop
      vertex 6.0635 96.2799 0
      vertex 6.10914 96.3678 0.599999
      vertex 6.10914 96.3678 0
    endloop
  endfacet
  facet normal -0.887498 0.460812 0
    outer loop
      vertex 6.10914 96.3678 0.599999
      vertex 6.0635 96.2799 0
      vertex 6.0635 96.2799 0.599999
    endloop
  endfacet
  facet normal -0.927017 0.37502 0
    outer loop
      vertex 6.10914 96.3678 0
      vertex 6.14474 96.4558 0.599999
      vertex 6.14474 96.4558 0
    endloop
  endfacet
  facet normal -0.927017 0.37502 0
    outer loop
      vertex 6.14474 96.4558 0.599999
      vertex 6.10914 96.3678 0
      vertex 6.10914 96.3678 0.599999
    endloop
  endfacet
  facet normal -0.960914 0.276848 0
    outer loop
      vertex 6.14474 96.4558 0
      vertex 6.17018 96.5441 0.599999
      vertex 6.17018 96.5441 0
    endloop
  endfacet
  facet normal -0.960914 0.276848 0
    outer loop
      vertex 6.17018 96.5441 0.599999
      vertex 6.14474 96.4558 0
      vertex 6.14474 96.4558 0.599999
    endloop
  endfacet
  facet normal -0.985458 0.169922 0
    outer loop
      vertex 6.17018 96.5441 0
      vertex 6.18544 96.6326 0.599999
      vertex 6.18544 96.6326 0
    endloop
  endfacet
  facet normal -0.985458 0.169922 0
    outer loop
      vertex 6.18544 96.6326 0.599999
      vertex 6.17018 96.5441 0
      vertex 6.17018 96.5441 0.599999
    endloop
  endfacet
  facet normal -0.998371 0.0570498 0
    outer loop
      vertex 6.18544 96.6326 0
      vertex 6.19052 96.7215 0.599999
      vertex 6.19052 96.7215 0
    endloop
  endfacet
  facet normal -0.998371 0.0570498 0
    outer loop
      vertex 6.19052 96.7215 0.599999
      vertex 6.18544 96.6326 0
      vertex 6.18544 96.6326 0.599999
    endloop
  endfacet
  facet normal -0.996644 -0.0818596 0
    outer loop
      vertex 6.19052 96.7215 0
      vertex 6.17498 96.9107 0.599999
      vertex 6.17498 96.9107 0
    endloop
  endfacet
  facet normal -0.996644 -0.0818596 0
    outer loop
      vertex 6.17498 96.9107 0.599999
      vertex 6.19052 96.7215 0
      vertex 6.19052 96.7215 0.599999
    endloop
  endfacet
  facet normal -0.962982 -0.269566 0
    outer loop
      vertex 6.17498 96.9107 0
      vertex 6.1284 97.0771 0.599999
      vertex 6.1284 97.0771 0
    endloop
  endfacet
  facet normal -0.962982 -0.269566 0
    outer loop
      vertex 6.1284 97.0771 0.599999
      vertex 6.17498 96.9107 0
      vertex 6.17498 96.9107 0.599999
    endloop
  endfacet
  facet normal -0.879356 -0.476165 0
    outer loop
      vertex 6.1284 97.0771 0
      vertex 6.05075 97.2205 0.599999
      vertex 6.05075 97.2205 0
    endloop
  endfacet
  facet normal -0.879356 -0.476165 0
    outer loop
      vertex 6.05075 97.2205 0.599999
      vertex 6.1284 97.0771 0
      vertex 6.1284 97.0771 0.599999
    endloop
  endfacet
  facet normal -0.742497 -0.669849 0
    outer loop
      vertex 6.05075 97.2205 0
      vertex 5.94204 97.341 0.599999
      vertex 5.94204 97.341 0
    endloop
  endfacet
  facet normal -0.742497 -0.669849 0
    outer loop
      vertex 5.94204 97.341 0.599999
      vertex 6.05075 97.2205 0
      vertex 6.05075 97.2205 0.599999
    endloop
  endfacet
  facet normal -0.569797 -0.821786 0
    outer loop
      vertex 5.80445 97.4364 0
      vertex 5.94204 97.341 0.599999
      vertex 5.80445 97.4364 0.599999
    endloop
  endfacet
  facet normal -0.569797 -0.821786 -0
    outer loop
      vertex 5.94204 97.341 0.599999
      vertex 5.80445 97.4364 0
      vertex 5.94204 97.341 0
    endloop
  endfacet
  facet normal -0.383398 -0.923583 0
    outer loop
      vertex 5.64016 97.5046 0
      vertex 5.80445 97.4364 0.599999
      vertex 5.64016 97.5046 0.599999
    endloop
  endfacet
  facet normal -0.383398 -0.923583 -0
    outer loop
      vertex 5.80445 97.4364 0.599999
      vertex 5.64016 97.5046 0
      vertex 5.80445 97.4364 0
    endloop
  endfacet
  facet normal -0.209368 -0.977837 0
    outer loop
      vertex 5.44914 97.5455 0
      vertex 5.64016 97.5046 0.599999
      vertex 5.44914 97.5455 0.599999
    endloop
  endfacet
  facet normal -0.209368 -0.977837 -0
    outer loop
      vertex 5.64016 97.5046 0.599999
      vertex 5.44914 97.5455 0
      vertex 5.64016 97.5046 0
    endloop
  endfacet
  facet normal -0.0623383 -0.998055 0
    outer loop
      vertex 5.2314 97.5591 0
      vertex 5.44914 97.5455 0.599999
      vertex 5.2314 97.5591 0.599999
    endloop
  endfacet
  facet normal -0.0623383 -0.998055 -0
    outer loop
      vertex 5.44914 97.5455 0.599999
      vertex 5.2314 97.5591 0
      vertex 5.44914 97.5455 0
    endloop
  endfacet
  facet normal 0.0675308 -0.997717 0
    outer loop
      vertex 5.03047 97.5455 0
      vertex 5.2314 97.5591 0.599999
      vertex 5.03047 97.5455 0.599999
    endloop
  endfacet
  facet normal 0.0675308 -0.997717 0
    outer loop
      vertex 5.2314 97.5591 0.599999
      vertex 5.03047 97.5455 0
      vertex 5.2314 97.5591 0
    endloop
  endfacet
  facet normal 0.21843 -0.975853 0
    outer loop
      vertex 4.84864 97.5048 0
      vertex 5.03047 97.5455 0.599999
      vertex 4.84864 97.5048 0.599999
    endloop
  endfacet
  facet normal 0.21843 -0.975853 0
    outer loop
      vertex 5.03047 97.5455 0.599999
      vertex 4.84864 97.5048 0
      vertex 5.03047 97.5455 0
    endloop
  endfacet
  facet normal 0.384716 -0.923035 0
    outer loop
      vertex 4.68597 97.437 0
      vertex 4.84864 97.5048 0.599999
      vertex 4.68597 97.437 0.599999
    endloop
  endfacet
  facet normal 0.384716 -0.923035 0
    outer loop
      vertex 4.84864 97.5048 0.599999
      vertex 4.68597 97.437 0
      vertex 4.84864 97.5048 0
    endloop
  endfacet
  facet normal 0.551424 -0.834225 0
    outer loop
      vertex 4.5424 97.3421 0
      vertex 4.68597 97.437 0.599999
      vertex 4.5424 97.3421 0.599999
    endloop
  endfacet
  facet normal 0.551424 -0.834225 0
    outer loop
      vertex 4.68597 97.437 0.599999
      vertex 4.5424 97.3421 0
      vertex 4.68597 97.437 0
    endloop
  endfacet
  facet normal 0.700957 -0.713204 0
    outer loop
      vertex 4.42244 97.2242 0
      vertex 4.5424 97.3421 0.599999
      vertex 4.42244 97.2242 0.599999
    endloop
  endfacet
  facet normal 0.700957 -0.713204 0
    outer loop
      vertex 4.5424 97.3421 0.599999
      vertex 4.42244 97.2242 0
      vertex 4.5424 97.3421 0
    endloop
  endfacet
  facet normal 0.829763 -0.558116 0
    outer loop
      vertex 4.33056 97.0876 0.599999
      vertex 4.42244 97.2242 0
      vertex 4.42244 97.2242 0.599999
    endloop
  endfacet
  facet normal 0.829763 -0.558116 0
    outer loop
      vertex 4.42244 97.2242 0
      vertex 4.33056 97.0876 0.599999
      vertex 4.33056 97.0876 0
    endloop
  endfacet
  facet normal 0.924879 -0.380261 0
    outer loop
      vertex 4.26675 96.9324 0.599999
      vertex 4.33056 97.0876 0
      vertex 4.33056 97.0876 0.599999
    endloop
  endfacet
  facet normal 0.924879 -0.380261 0
    outer loop
      vertex 4.33056 97.0876 0
      vertex 4.26675 96.9324 0.599999
      vertex 4.26675 96.9324 0
    endloop
  endfacet
  facet normal 0.97955 -0.201202 0
    outer loop
      vertex 4.23101 96.7584 0.599999
      vertex 4.26675 96.9324 0
      vertex 4.26675 96.9324 0.599999
    endloop
  endfacet
  facet normal 0.97955 -0.201202 0
    outer loop
      vertex 4.26675 96.9324 0
      vertex 4.23101 96.7584 0.599999
      vertex 4.23101 96.7584 0
    endloop
  endfacet
  facet normal 0.0920196 0.995757 -0
    outer loop
      vertex 4.63031 96.7215 0
      vertex 4.23101 96.7584 0.599999
      vertex 4.63031 96.7215 0.599999
    endloop
  endfacet
  facet normal 0.0920196 0.995757 0
    outer loop
      vertex 4.23101 96.7584 0.599999
      vertex 4.63031 96.7215 0
      vertex 4.23101 96.7584 0
    endloop
  endfacet
  facet normal -0.981706 0.190402 0
    outer loop
      vertex 4.63031 96.7215 0
      vertex 4.65275 96.8372 0.599999
      vertex 4.65275 96.8372 0
    endloop
  endfacet
  facet normal -0.981706 0.190402 0
    outer loop
      vertex 4.65275 96.8372 0.599999
      vertex 4.63031 96.7215 0
      vertex 4.63031 96.7215 0.599999
    endloop
  endfacet
  facet normal -0.933833 0.35771 0
    outer loop
      vertex 4.65275 96.8372 0
      vertex 4.69186 96.9393 0.599999
      vertex 4.69186 96.9393 0
    endloop
  endfacet
  facet normal -0.933833 0.35771 0
    outer loop
      vertex 4.69186 96.9393 0.599999
      vertex 4.65275 96.8372 0
      vertex 4.65275 96.8372 0.599999
    endloop
  endfacet
  facet normal -0.845266 0.534346 0
    outer loop
      vertex 4.69186 96.9393 0
      vertex 4.74768 97.0276 0.599999
      vertex 4.74768 97.0276 0
    endloop
  endfacet
  facet normal -0.845266 0.534346 0
    outer loop
      vertex 4.74768 97.0276 0.599999
      vertex 4.69186 96.9393 0
      vertex 4.69186 96.9393 0.599999
    endloop
  endfacet
  facet normal -0.717691 0.696362 0
    outer loop
      vertex 4.74768 97.0276 0
      vertex 4.82016 97.1023 0.599999
      vertex 4.82016 97.1023 0
    endloop
  endfacet
  facet normal -0.717691 0.696362 0
    outer loop
      vertex 4.82016 97.1023 0.599999
      vertex 4.74768 97.0276 0
      vertex 4.74768 97.0276 0.599999
    endloop
  endfacet
  facet normal -0.566192 0.824273 0
    outer loop
      vertex 4.90649 97.1616 0
      vertex 4.82016 97.1023 0.599999
      vertex 4.90649 97.1616 0.599999
    endloop
  endfacet
  facet normal -0.566192 0.824273 0
    outer loop
      vertex 4.82016 97.1023 0.599999
      vertex 4.90649 97.1616 0
      vertex 4.82016 97.1023 0
    endloop
  endfacet
  facet normal -0.399415 0.91677 0
    outer loop
      vertex 5.00381 97.204 0
      vertex 4.90649 97.1616 0.599999
      vertex 5.00381 97.204 0.599999
    endloop
  endfacet
  facet normal -0.399415 0.91677 0
    outer loop
      vertex 4.90649 97.1616 0.599999
      vertex 5.00381 97.204 0
      vertex 4.90649 97.1616 0
    endloop
  endfacet
  facet normal -0.22921 0.973377 0
    outer loop
      vertex 5.1121 97.2295 0
      vertex 5.00381 97.204 0.599999
      vertex 5.1121 97.2295 0.599999
    endloop
  endfacet
  facet normal -0.22921 0.973377 0
    outer loop
      vertex 5.00381 97.204 0.599999
      vertex 5.1121 97.2295 0
      vertex 5.00381 97.204 0
    endloop
  endfacet
  facet normal -0.0702368 0.99753 0
    outer loop
      vertex 5.2314 97.2379 0
      vertex 5.1121 97.2295 0.599999
      vertex 5.2314 97.2379 0.599999
    endloop
  endfacet
  facet normal -0.0702368 0.99753 0
    outer loop
      vertex 5.1121 97.2295 0.599999
      vertex 5.2314 97.2379 0
      vertex 5.1121 97.2295 0
    endloop
  endfacet
  facet normal 0.0691442 0.997607 -0
    outer loop
      vertex 5.35548 97.2293 0
      vertex 5.2314 97.2379 0.599999
      vertex 5.35548 97.2293 0.599999
    endloop
  endfacet
  facet normal 0.0691442 0.997607 0
    outer loop
      vertex 5.2314 97.2379 0.599999
      vertex 5.35548 97.2293 0
      vertex 5.2314 97.2379 0
    endloop
  endfacet
  facet normal 0.231401 0.972859 -0
    outer loop
      vertex 5.46521 97.2032 0
      vertex 5.35548 97.2293 0.599999
      vertex 5.46521 97.2032 0.599999
    endloop
  endfacet
  facet normal 0.231401 0.972859 0
    outer loop
      vertex 5.35548 97.2293 0.599999
      vertex 5.46521 97.2032 0
      vertex 5.35548 97.2293 0
    endloop
  endfacet
  facet normal 0.414342 0.910121 -0
    outer loop
      vertex 5.56054 97.1598 0
      vertex 5.46521 97.2032 0.599999
      vertex 5.56054 97.1598 0.599999
    endloop
  endfacet
  facet normal 0.414342 0.910121 0
    outer loop
      vertex 5.46521 97.2032 0.599999
      vertex 5.56054 97.1598 0
      vertex 5.46521 97.2032 0
    endloop
  endfacet
  facet normal 0.599826 0.80013 -0
    outer loop
      vertex 5.64151 97.0991 0
      vertex 5.56054 97.1598 0.599999
      vertex 5.64151 97.0991 0.599999
    endloop
  endfacet
  facet normal 0.599826 0.80013 0
    outer loop
      vertex 5.56054 97.1598 0.599999
      vertex 5.64151 97.0991 0
      vertex 5.56054 97.1598 0
    endloop
  endfacet
  facet normal 0.764178 0.645006 0
    outer loop
      vertex 5.70608 97.0226 0.599999
      vertex 5.64151 97.0991 0
      vertex 5.64151 97.0991 0.599999
    endloop
  endfacet
  facet normal 0.764178 0.645006 0
    outer loop
      vertex 5.64151 97.0991 0
      vertex 5.70608 97.0226 0.599999
      vertex 5.70608 97.0226 0
    endloop
  endfacet
  facet normal 0.891217 0.453577 0
    outer loop
      vertex 5.75219 96.932 0.599999
      vertex 5.70608 97.0226 0
      vertex 5.70608 97.0226 0.599999
    endloop
  endfacet
  facet normal 0.891217 0.453577 0
    outer loop
      vertex 5.70608 97.0226 0
      vertex 5.75219 96.932 0.599999
      vertex 5.75219 96.932 0
    endloop
  endfacet
  facet normal 0.966784 0.255593 0
    outer loop
      vertex 5.77987 96.8273 0.599999
      vertex 5.75219 96.932 0
      vertex 5.75219 96.932 0.599999
    endloop
  endfacet
  facet normal 0.966784 0.255593 0
    outer loop
      vertex 5.75219 96.932 0
      vertex 5.77987 96.8273 0.599999
      vertex 5.77987 96.8273 0
    endloop
  endfacet
  facet normal 0.997007 0.0773121 0
    outer loop
      vertex 5.78909 96.7084 0.599999
      vertex 5.77987 96.8273 0
      vertex 5.77987 96.8273 0.599999
    endloop
  endfacet
  facet normal 0.997007 0.0773121 0
    outer loop
      vertex 5.77987 96.8273 0
      vertex 5.78909 96.7084 0.599999
      vertex 5.78909 96.7084 0
    endloop
  endfacet
  facet normal 0.998262 -0.0589283 0
    outer loop
      vertex 5.78373 96.6176 0.599999
      vertex 5.78909 96.7084 0
      vertex 5.78909 96.7084 0.599999
    endloop
  endfacet
  facet normal 0.998262 -0.0589283 0
    outer loop
      vertex 5.78909 96.7084 0
      vertex 5.78373 96.6176 0.599999
      vertex 5.78373 96.6176 0
    endloop
  endfacet
  facet normal 0.983007 -0.183571 0
    outer loop
      vertex 5.76767 96.5316 0.599999
      vertex 5.78373 96.6176 0
      vertex 5.78373 96.6176 0.599999
    endloop
  endfacet
  facet normal 0.983007 -0.183571 0
    outer loop
      vertex 5.78373 96.6176 0
      vertex 5.76767 96.5316 0.599999
      vertex 5.76767 96.5316 0
    endloop
  endfacet
  facet normal 0.9495 -0.313768 0
    outer loop
      vertex 5.74087 96.4505 0.599999
      vertex 5.76767 96.5316 0
      vertex 5.76767 96.5316 0.599999
    endloop
  endfacet
  facet normal 0.9495 -0.313768 0
    outer loop
      vertex 5.76767 96.5316 0
      vertex 5.74087 96.4505 0.599999
      vertex 5.74087 96.4505 0
    endloop
  endfacet
  facet normal 0.897235 -0.441553 0
    outer loop
      vertex 5.70337 96.3743 0.599999
      vertex 5.74087 96.4505 0
      vertex 5.74087 96.4505 0.599999
    endloop
  endfacet
  facet normal 0.897235 -0.441553 0
    outer loop
      vertex 5.74087 96.4505 0
      vertex 5.70337 96.3743 0.599999
      vertex 5.70337 96.3743 0
    endloop
  endfacet
  facet normal 0.845046 -0.534694 0
    outer loop
      vertex 5.65718 96.3013 0.599999
      vertex 5.70337 96.3743 0
      vertex 5.70337 96.3743 0.599999
    endloop
  endfacet
  facet normal 0.845046 -0.534694 0
    outer loop
      vertex 5.70337 96.3743 0
      vertex 5.65718 96.3013 0.599999
      vertex 5.65718 96.3013 0
    endloop
  endfacet
  facet normal 0.803874 -0.594799 0
    outer loop
      vertex 5.60435 96.2299 0.599999
      vertex 5.65718 96.3013 0
      vertex 5.65718 96.3013 0.599999
    endloop
  endfacet
  facet normal 0.803874 -0.594799 0
    outer loop
      vertex 5.65718 96.3013 0
      vertex 5.60435 96.2299 0.599999
      vertex 5.60435 96.2299 0
    endloop
  endfacet
  facet normal 0.760672 -0.649136 0
    outer loop
      vertex 5.54487 96.1602 0.599999
      vertex 5.60435 96.2299 0
      vertex 5.60435 96.2299 0.599999
    endloop
  endfacet
  facet normal 0.760672 -0.649136 0
    outer loop
      vertex 5.60435 96.2299 0
      vertex 5.54487 96.1602 0.599999
      vertex 5.54487 96.1602 0
    endloop
  endfacet
  facet normal 0.717513 -0.696546 0
    outer loop
      vertex 5.47876 96.0921 0.599999
      vertex 5.54487 96.1602 0
      vertex 5.54487 96.1602 0.599999
    endloop
  endfacet
  facet normal 0.717513 -0.696546 0
    outer loop
      vertex 5.54487 96.1602 0
      vertex 5.47876 96.0921 0.599999
      vertex 5.47876 96.0921 0
    endloop
  endfacet
  facet normal 0.684602 -0.728917 0
    outer loop
      vertex 5.40721 96.0249 0
      vertex 5.47876 96.0921 0.599999
      vertex 5.40721 96.0249 0.599999
    endloop
  endfacet
  facet normal 0.684602 -0.728917 0
    outer loop
      vertex 5.47876 96.0921 0.599999
      vertex 5.40721 96.0249 0
      vertex 5.47876 96.0921 0
    endloop
  endfacet
  facet normal 0.66418 -0.747573 0
    outer loop
      vertex 5.33146 95.9576 0
      vertex 5.40721 96.0249 0.599999
      vertex 5.33146 95.9576 0.599999
    endloop
  endfacet
  facet normal 0.66418 -0.747573 0
    outer loop
      vertex 5.40721 96.0249 0.599999
      vertex 5.33146 95.9576 0
      vertex 5.40721 96.0249 0
    endloop
  endfacet
  facet normal 0.643475 -0.765467 0
    outer loop
      vertex 5.25152 95.8904 0
      vertex 5.33146 95.9576 0.599999
      vertex 5.25152 95.8904 0.599999
    endloop
  endfacet
  facet normal 0.643475 -0.765467 0
    outer loop
      vertex 5.33146 95.9576 0.599999
      vertex 5.25152 95.8904 0
      vertex 5.33146 95.9576 0
    endloop
  endfacet
  facet normal 0.624582 -0.780959 0
    outer loop
      vertex 5.16737 95.8231 0
      vertex 5.25152 95.8904 0.599999
      vertex 5.16737 95.8231 0.599999
    endloop
  endfacet
  facet normal 0.624582 -0.780959 0
    outer loop
      vertex 5.25152 95.8904 0.599999
      vertex 5.16737 95.8231 0
      vertex 5.25152 95.8904 0
    endloop
  endfacet
  facet normal 0.622063 -0.782967 0
    outer loop
      vertex 5.0809 95.7544 0
      vertex 5.16737 95.8231 0.599999
      vertex 5.0809 95.7544 0.599999
    endloop
  endfacet
  facet normal 0.622063 -0.782967 0
    outer loop
      vertex 5.16737 95.8231 0.599999
      vertex 5.0809 95.7544 0
      vertex 5.16737 95.8231 0
    endloop
  endfacet
  facet normal 0.635495 -0.772105 0
    outer loop
      vertex 4.99403 95.6829 0
      vertex 5.0809 95.7544 0.599999
      vertex 4.99403 95.6829 0.599999
    endloop
  endfacet
  facet normal 0.635495 -0.772105 0
    outer loop
      vertex 5.0809 95.7544 0.599999
      vertex 4.99403 95.6829 0
      vertex 5.0809 95.7544 0
    endloop
  endfacet
  facet normal 0.648764 -0.76099 0
    outer loop
      vertex 4.90676 95.6085 0
      vertex 4.99403 95.6829 0.599999
      vertex 4.90676 95.6085 0.599999
    endloop
  endfacet
  facet normal 0.648764 -0.76099 0
    outer loop
      vertex 4.99403 95.6829 0.599999
      vertex 4.90676 95.6085 0
      vertex 4.99403 95.6829 0
    endloop
  endfacet
  facet normal 0.661268 -0.75015 0
    outer loop
      vertex 4.81907 95.5312 0
      vertex 4.90676 95.6085 0.599999
      vertex 4.81907 95.5312 0.599999
    endloop
  endfacet
  facet normal 0.661268 -0.75015 0
    outer loop
      vertex 4.90676 95.6085 0.599999
      vertex 4.81907 95.5312 0
      vertex 4.90676 95.6085 0
    endloop
  endfacet
  facet normal 0.681597 -0.731727 0
    outer loop
      vertex 4.73222 95.4503 0
      vertex 4.81907 95.5312 0.599999
      vertex 4.73222 95.4503 0.599999
    endloop
  endfacet
  facet normal 0.681597 -0.731727 0
    outer loop
      vertex 4.81907 95.5312 0.599999
      vertex 4.73222 95.4503 0
      vertex 4.81907 95.5312 0
    endloop
  endfacet
  facet normal 0.710253 -0.703947 0
    outer loop
      vertex 4.64738 95.3647 0.599999
      vertex 4.73222 95.4503 0
      vertex 4.73222 95.4503 0.599999
    endloop
  endfacet
  facet normal 0.710253 -0.703947 0
    outer loop
      vertex 4.73222 95.4503 0
      vertex 4.64738 95.3647 0.599999
      vertex 4.64738 95.3647 0
    endloop
  endfacet
  facet normal 0.73672 -0.676198 0
    outer loop
      vertex 4.56459 95.2745 0.599999
      vertex 4.64738 95.3647 0
      vertex 4.64738 95.3647 0.599999
    endloop
  endfacet
  facet normal 0.73672 -0.676198 0
    outer loop
      vertex 4.64738 95.3647 0
      vertex 4.56459 95.2745 0.599999
      vertex 4.56459 95.2745 0
    endloop
  endfacet
  facet normal 0.761146 -0.64858 0
    outer loop
      vertex 4.48381 95.1797 0.599999
      vertex 4.56459 95.2745 0
      vertex 4.56459 95.2745 0.599999
    endloop
  endfacet
  facet normal 0.761146 -0.64858 0
    outer loop
      vertex 4.56459 95.2745 0
      vertex 4.48381 95.1797 0.599999
      vertex 4.48381 95.1797 0
    endloop
  endfacet
  facet normal 0.79585 -0.605494 0
    outer loop
      vertex 4.40712 95.0789 0.599999
      vertex 4.48381 95.1797 0
      vertex 4.48381 95.1797 0.599999
    endloop
  endfacet
  facet normal 0.79585 -0.605494 0
    outer loop
      vertex 4.48381 95.1797 0
      vertex 4.40712 95.0789 0.599999
      vertex 4.40712 95.0789 0
    endloop
  endfacet
  facet normal 0.837754 -0.546048 0
    outer loop
      vertex 4.33653 94.9706 0.599999
      vertex 4.40712 95.0789 0
      vertex 4.40712 95.0789 0.599999
    endloop
  endfacet
  facet normal 0.837754 -0.546048 0
    outer loop
      vertex 4.40712 95.0789 0
      vertex 4.33653 94.9706 0.599999
      vertex 4.33653 94.9706 0
    endloop
  endfacet
  facet normal 0.873687 -0.486488 0
    outer loop
      vertex 4.27205 94.8548 0.599999
      vertex 4.33653 94.9706 0
      vertex 4.33653 94.9706 0.599999
    endloop
  endfacet
  facet normal 0.873687 -0.486488 0
    outer loop
      vertex 4.33653 94.9706 0
      vertex 4.27205 94.8548 0.599999
      vertex 4.27205 94.8548 0
    endloop
  endfacet
  facet normal 0.903675 -0.428219 0
    outer loop
      vertex 4.21367 94.7316 0.599999
      vertex 4.27205 94.8548 0
      vertex 4.27205 94.8548 0.599999
    endloop
  endfacet
  facet normal 0.903675 -0.428219 0
    outer loop
      vertex 4.27205 94.8548 0
      vertex 4.21367 94.7316 0.599999
      vertex 4.21367 94.7316 0
    endloop
  endfacet
  facet normal 1 -0 0
    outer loop
      vertex 4.21367 94.456 0.599999
      vertex 4.21367 94.7316 0
      vertex 4.21367 94.7316 0.599999
    endloop
  endfacet
  facet normal 1 0 0
    outer loop
      vertex 4.21367 94.7316 0
      vertex 4.21367 94.456 0.599999
      vertex 4.21367 94.456 0
    endloop
  endfacet
  facet normal 0 1 -0
    outer loop
      vertex 6.23826 94.456 0
      vertex 4.21367 94.456 0.599999
      vertex 6.23826 94.456 0.599999
    endloop
  endfacet
  facet normal 0 1 0
    outer loop
      vertex 4.21367 94.456 0.599999
      vertex 6.23826 94.456 0
      vertex 4.21367 94.456 0
    endloop
  endfacet
  facet normal -1 0 0
    outer loop
      vertex 6.23826 94.456 0
      vertex 6.23826 94.788 0.599999
      vertex 6.23826 94.788 0
    endloop
  endfacet
  facet normal -1 -0 0
    outer loop
      vertex 6.23826 94.788 0.599999
      vertex 6.23826 94.456 0
      vertex 6.23826 94.456 0.599999
    endloop
  endfacet
  facet normal -0.237313 0.971433 0
    outer loop
      vertex 9.2642 94.4821 0
      vertex 9.05093 94.43 0.599999
      vertex 9.2642 94.4821 0.599999
    endloop
  endfacet
  facet normal -0.237313 0.971433 0
    outer loop
      vertex 9.05093 94.43 0.599999
      vertex 9.2642 94.4821 0
      vertex 9.05093 94.43 0
    endloop
  endfacet
  facet normal -0.423495 0.905898 0
    outer loop
      vertex 9.44966 94.5688 0
      vertex 9.2642 94.4821 0.599999
      vertex 9.44966 94.5688 0.599999
    endloop
  endfacet
  facet normal -0.423495 0.905898 0
    outer loop
      vertex 9.2642 94.4821 0.599999
      vertex 9.44966 94.5688 0
      vertex 9.2642 94.4821 0
    endloop
  endfacet
  facet normal -0.610705 0.791858 0
    outer loop
      vertex 9.60733 94.6904 0
      vertex 9.44966 94.5688 0.599999
      vertex 9.60733 94.6904 0.599999
    endloop
  endfacet
  facet normal -0.610705 0.791858 0
    outer loop
      vertex 9.44966 94.5688 0.599999
      vertex 9.60733 94.6904 0
      vertex 9.44966 94.5688 0
    endloop
  endfacet
  facet normal -0.769783 0.638306 0
    outer loop
      vertex 9.60733 94.6904 0
      vertex 9.73312 94.8421 0.599999
      vertex 9.73312 94.8421 0
    endloop
  endfacet
  facet normal -0.769783 0.638306 0
    outer loop
      vertex 9.73312 94.8421 0.599999
      vertex 9.60733 94.6904 0
      vertex 9.60733 94.6904 0.599999
    endloop
  endfacet
  facet normal -0.892267 0.451509 0
    outer loop
      vertex 9.73312 94.8421 0
      vertex 9.82299 95.0197 0.599999
      vertex 9.82299 95.0197 0
    endloop
  endfacet
  facet normal -0.892267 0.451509 0
    outer loop
      vertex 9.82299 95.0197 0.599999
      vertex 9.73312 94.8421 0
      vertex 9.73312 94.8421 0.599999
    endloop
  endfacet
  facet normal -0.966593 0.256316 0
    outer loop
      vertex 9.82299 95.0197 0
      vertex 9.8769 95.223 0.599999
      vertex 9.8769 95.223 0
    endloop
  endfacet
  facet normal -0.966593 0.256316 0
    outer loop
      vertex 9.8769 95.223 0.599999
      vertex 9.82299 95.0197 0
      vertex 9.82299 95.0197 0.599999
    endloop
  endfacet
  facet normal -0.996932 0.0782744 0
    outer loop
      vertex 9.8769 95.223 0
      vertex 9.89488 95.452 0.599999
      vertex 9.89488 95.452 0
    endloop
  endfacet
  facet normal -0.996932 0.0782744 0
    outer loop
      vertex 9.89488 95.452 0.599999
      vertex 9.8769 95.223 0
      vertex 9.8769 95.223 0.599999
    endloop
  endfacet
  facet normal -0.996599 -0.0824026 0
    outer loop
      vertex 9.89488 95.452 0
      vertex 9.87812 95.6547 0.599999
      vertex 9.87812 95.6547 0
    endloop
  endfacet
  facet normal -0.996599 -0.0824026 0
    outer loop
      vertex 9.87812 95.6547 0.599999
      vertex 9.89488 95.452 0
      vertex 9.89488 95.452 0.599999
    endloop
  endfacet
  facet normal -0.964134 -0.265414 0
    outer loop
      vertex 9.87812 95.6547 0
      vertex 9.82788 95.8372 0.599999
      vertex 9.82788 95.8372 0
    endloop
  endfacet
  facet normal -0.964134 -0.265414 0
    outer loop
      vertex 9.82788 95.8372 0.599999
      vertex 9.87812 95.6547 0
      vertex 9.87812 95.6547 0.599999
    endloop
  endfacet
  facet normal -0.888868 -0.458164 0
    outer loop
      vertex 9.82788 95.8372 0
      vertex 9.74412 95.9997 0.599999
      vertex 9.74412 95.9997 0
    endloop
  endfacet
  facet normal -0.888868 -0.458164 0
    outer loop
      vertex 9.74412 95.9997 0.599999
      vertex 9.82788 95.8372 0
      vertex 9.82788 95.8372 0.599999
    endloop
  endfacet
  facet normal -0.771985 -0.635641 0
    outer loop
      vertex 9.74412 95.9997 0
      vertex 9.62687 96.1421 0.599999
      vertex 9.62687 96.1421 0
    endloop
  endfacet
  facet normal -0.771985 -0.635641 0
    outer loop
      vertex 9.62687 96.1421 0.599999
      vertex 9.74412 95.9997 0
      vertex 9.74412 95.9997 0.599999
    endloop
  endfacet
  facet normal -0.62283 -0.782357 0
    outer loop
      vertex 9.48141 96.2579 0
      vertex 9.62687 96.1421 0.599999
      vertex 9.48141 96.2579 0.599999
    endloop
  endfacet
  facet normal -0.62283 -0.782357 -0
    outer loop
      vertex 9.62687 96.1421 0.599999
      vertex 9.48141 96.2579 0
      vertex 9.62687 96.1421 0
    endloop
  endfacet
  facet normal -0.440848 -0.897582 0
    outer loop
      vertex 9.31303 96.3406 0
      vertex 9.48141 96.2579 0.599999
      vertex 9.31303 96.3406 0.599999
    endloop
  endfacet
  facet normal -0.440848 -0.897582 -0
    outer loop
      vertex 9.48141 96.2579 0.599999
      vertex 9.31303 96.3406 0
      vertex 9.48141 96.2579 0
    endloop
  endfacet
  facet normal -0.251454 -0.967869 0
    outer loop
      vertex 9.12173 96.3903 0
      vertex 9.31303 96.3406 0.599999
      vertex 9.12173 96.3903 0.599999
    endloop
  endfacet
  facet normal -0.251454 -0.967869 -0
    outer loop
      vertex 9.31303 96.3406 0.599999
      vertex 9.12173 96.3903 0
      vertex 9.31303 96.3406 0
    endloop
  endfacet
  facet normal -0.0767962 -0.997047 0
    outer loop
      vertex 8.90751 96.4068 0
      vertex 9.12173 96.3903 0.599999
      vertex 8.90751 96.4068 0.599999
    endloop
  endfacet
  facet normal -0.0767962 -0.997047 -0
    outer loop
      vertex 9.12173 96.3903 0.599999
      vertex 8.90751 96.4068 0
      vertex 9.12173 96.3903 0
    endloop
  endfacet
  facet normal 0.0672285 -0.997738 0
    outer loop
      vertex 8.72645 96.3946 0
      vertex 8.90751 96.4068 0.599999
      vertex 8.72645 96.3946 0.599999
    endloop
  endfacet
  facet normal 0.0672285 -0.997738 0
    outer loop
      vertex 8.90751 96.4068 0.599999
      vertex 8.72645 96.3946 0
      vertex 8.90751 96.4068 0
    endloop
  endfacet
  facet normal 0.215819 -0.976433 0
    outer loop
      vertex 8.56086 96.358 0
      vertex 8.72645 96.3946 0.599999
      vertex 8.56086 96.358 0.599999
    endloop
  endfacet
  facet normal 0.215819 -0.976433 0
    outer loop
      vertex 8.72645 96.3946 0.599999
      vertex 8.56086 96.358 0
      vertex 8.72645 96.3946 0
    endloop
  endfacet
  facet normal 0.376407 -0.926454 0
    outer loop
      vertex 8.41072 96.297 0
      vertex 8.56086 96.358 0.599999
      vertex 8.41072 96.297 0.599999
    endloop
  endfacet
  facet normal 0.376407 -0.926454 0
    outer loop
      vertex 8.56086 96.358 0.599999
      vertex 8.41072 96.297 0
      vertex 8.56086 96.358 0
    endloop
  endfacet
  facet normal 0.53593 -0.844262 0
    outer loop
      vertex 8.27603 96.2115 0
      vertex 8.41072 96.297 0.599999
      vertex 8.27603 96.2115 0.599999
    endloop
  endfacet
  facet normal 0.53593 -0.844262 0
    outer loop
      vertex 8.41072 96.297 0.599999
      vertex 8.27603 96.2115 0
      vertex 8.41072 96.297 0
    endloop
  endfacet
  facet normal -0.998181 0.0602922 0
    outer loop
      vertex 8.27603 96.2115 0
      vertex 8.33462 97.1815 0.599999
      vertex 8.33462 97.1815 0
    endloop
  endfacet
  facet normal -0.998181 0.0602922 0
    outer loop
      vertex 8.33462 97.1815 0.599999
      vertex 8.27603 96.2115 0
      vertex 8.27603 96.2115 0.599999
    endloop
  endfacet
  facet normal 0 1 -0
    outer loop
      vertex 9.71693 97.1815 0
      vertex 8.33462 97.1815 0.599999
      vertex 9.71693 97.1815 0.599999
    endloop
  endfacet
  facet normal 0 1 0
    outer loop
      vertex 8.33462 97.1815 0.599999
      vertex 9.71693 97.1815 0
      vertex 8.33462 97.1815 0
    endloop
  endfacet
  facet normal -1 0 0
    outer loop
      vertex 9.71693 97.1815 0
      vertex 9.71693 97.5135 0.599999
      vertex 9.71693 97.5135 0
    endloop
  endfacet
  facet normal -1 -0 0
    outer loop
      vertex 9.71693 97.5135 0.599999
      vertex 9.71693 97.1815 0
      vertex 9.71693 97.1815 0.599999
    endloop
  endfacet
  facet normal 0 -1 0
    outer loop
      vertex 7.97874 97.5135 0
      vertex 9.71693 97.5135 0.599999
      vertex 7.97874 97.5135 0.599999
    endloop
  endfacet
  facet normal 0 -1 -0
    outer loop
      vertex 9.71693 97.5135 0.599999
      vertex 7.97874 97.5135 0
      vertex 9.71693 97.5135 0
    endloop
  endfacet
  facet normal 0.998084 -0.0618766 0
    outer loop
      vertex 7.87677 95.8687 0.599999
      vertex 7.97874 97.5135 0
      vertex 7.97874 97.5135 0.599999
    endloop
  endfacet
  facet normal 0.998084 -0.0618766 0
    outer loop
      vertex 7.97874 97.5135 0
      vertex 7.87677 95.8687 0.599999
      vertex 7.87677 95.8687 0
    endloop
  endfacet
  facet normal 0 1 -0
    outer loop
      vertex 8.25868 95.8687 0
      vertex 7.87677 95.8687 0.599999
      vertex 8.25868 95.8687 0.599999
    endloop
  endfacet
  facet normal 0 1 0
    outer loop
      vertex 7.87677 95.8687 0.599999
      vertex 8.25868 95.8687 0
      vertex 7.87677 95.8687 0
    endloop
  endfacet
  facet normal -0.62893 0.777462 0
    outer loop
      vertex 8.32704 95.924 0
      vertex 8.25868 95.8687 0.599999
      vertex 8.32704 95.924 0.599999
    endloop
  endfacet
  facet normal -0.62893 0.777462 0
    outer loop
      vertex 8.25868 95.8687 0.599999
      vertex 8.32704 95.924 0
      vertex 8.25868 95.8687 0
    endloop
  endfacet
  facet normal -0.564199 0.825639 0
    outer loop
      vertex 8.39538 95.9707 0
      vertex 8.32704 95.924 0.599999
      vertex 8.39538 95.9707 0.599999
    endloop
  endfacet
  facet normal -0.564199 0.825639 0
    outer loop
      vertex 8.32704 95.924 0.599999
      vertex 8.39538 95.9707 0
      vertex 8.32704 95.924 0
    endloop
  endfacet
  facet normal -0.484882 0.874579 0
    outer loop
      vertex 8.46374 96.0086 0
      vertex 8.39538 95.9707 0.599999
      vertex 8.46374 96.0086 0.599999
    endloop
  endfacet
  facet normal -0.484882 0.874579 0
    outer loop
      vertex 8.39538 95.9707 0.599999
      vertex 8.46374 96.0086 0
      vertex 8.39538 95.9707 0
    endloop
  endfacet
  facet normal -0.394 0.91911 0
    outer loop
      vertex 8.53209 96.0379 0
      vertex 8.46374 96.0086 0.599999
      vertex 8.53209 96.0379 0.599999
    endloop
  endfacet
  facet normal -0.394 0.91911 0
    outer loop
      vertex 8.46374 96.0086 0.599999
      vertex 8.53209 96.0379 0
      vertex 8.46374 96.0086 0
    endloop
  endfacet
  facet normal -0.299638 0.954053 0
    outer loop
      vertex 8.60182 96.0598 0
      vertex 8.53209 96.0379 0.599999
      vertex 8.60182 96.0598 0.599999
    endloop
  endfacet
  facet normal -0.299638 0.954053 0
    outer loop
      vertex 8.53209 96.0379 0.599999
      vertex 8.60182 96.0598 0
      vertex 8.53209 96.0379 0
    endloop
  endfacet
  facet normal -0.209289 0.977854 0
    outer loop
      vertex 8.67424 96.0753 0
      vertex 8.60182 96.0598 0.599999
      vertex 8.67424 96.0753 0.599999
    endloop
  endfacet
  facet normal -0.209289 0.977854 0
    outer loop
      vertex 8.60182 96.0598 0.599999
      vertex 8.67424 96.0753 0
      vertex 8.60182 96.0598 0
    endloop
  endfacet
  facet normal -0.124116 0.992268 0
    outer loop
      vertex 8.74939 96.0847 0
      vertex 8.67424 96.0753 0.599999
      vertex 8.74939 96.0847 0.599999
    endloop
  endfacet
  facet normal -0.124116 0.992268 0
    outer loop
      vertex 8.67424 96.0753 0.599999
      vertex 8.74939 96.0847 0
      vertex 8.67424 96.0753 0
    endloop
  endfacet
  facet normal -0.0397988 0.999208 0
    outer loop
      vertex 8.82722 96.0878 0
      vertex 8.74939 96.0847 0.599999
      vertex 8.82722 96.0878 0.599999
    endloop
  endfacet
  facet normal -0.0397988 0.999208 0
    outer loop
      vertex 8.74939 96.0847 0.599999
      vertex 8.82722 96.0878 0
      vertex 8.74939 96.0847 0
    endloop
  endfacet
  facet normal 0.0768023 0.997046 -0
    outer loop
      vertex 8.97132 96.0767 0
      vertex 8.82722 96.0878 0.599999
      vertex 8.97132 96.0767 0.599999
    endloop
  endfacet
  facet normal 0.0768023 0.997046 0
    outer loop
      vertex 8.82722 96.0878 0.599999
      vertex 8.97132 96.0767 0
      vertex 8.82722 96.0878 0
    endloop
  endfacet
  facet normal 0.251545 0.967846 -0
    outer loop
      vertex 9.09983 96.0433 0
      vertex 8.97132 96.0767 0.599999
      vertex 9.09983 96.0433 0.599999
    endloop
  endfacet
  facet normal 0.251545 0.967846 0
    outer loop
      vertex 8.97132 96.0767 0.599999
      vertex 9.09983 96.0433 0
      vertex 8.97132 96.0767 0
    endloop
  endfacet
  facet normal 0.441802 0.897113 -0
    outer loop
      vertex 9.21273 95.9877 0
      vertex 9.09983 96.0433 0.599999
      vertex 9.21273 95.9877 0.599999
    endloop
  endfacet
  facet normal 0.441802 0.897113 0
    outer loop
      vertex 9.09983 96.0433 0.599999
      vertex 9.21273 95.9877 0
      vertex 9.09983 96.0433 0
    endloop
  endfacet
  facet normal 0.62446 0.781057 -0
    outer loop
      vertex 9.31004 95.9099 0
      vertex 9.21273 95.9877 0.599999
      vertex 9.31004 95.9099 0.599999
    endloop
  endfacet
  facet normal 0.62446 0.781057 0
    outer loop
      vertex 9.21273 95.9877 0.599999
      vertex 9.31004 95.9099 0
      vertex 9.21273 95.9877 0
    endloop
  endfacet
  facet normal 0.774446 0.63264 0
    outer loop
      vertex 9.38838 95.814 0.599999
      vertex 9.31004 95.9099 0
      vertex 9.31004 95.9099 0.599999
    endloop
  endfacet
  facet normal 0.774446 0.63264 0
    outer loop
      vertex 9.31004 95.9099 0
      vertex 9.38838 95.814 0.599999
      vertex 9.38838 95.814 0
    endloop
  endfacet
  facet normal 0.890858 0.454281 0
    outer loop
      vertex 9.44432 95.7043 0.599999
      vertex 9.38838 95.814 0
      vertex 9.38838 95.814 0.599999
    endloop
  endfacet
  facet normal 0.890858 0.454281 0
    outer loop
      vertex 9.38838 95.814 0
      vertex 9.44432 95.7043 0.599999
      vertex 9.44432 95.7043 0
    endloop
  endfacet
  facet normal 0.965039 0.262106 0
    outer loop
      vertex 9.47789 95.5807 0.599999
      vertex 9.44432 95.7043 0
      vertex 9.44432 95.7043 0.599999
    endloop
  endfacet
  facet normal 0.965039 0.262106 0
    outer loop
      vertex 9.44432 95.7043 0
      vertex 9.47789 95.5807 0.599999
      vertex 9.47789 95.5807 0
    endloop
  endfacet
  facet normal 0.996689 0.0813031 0
    outer loop
      vertex 9.48909 95.4434 0.599999
      vertex 9.47789 95.5807 0
      vertex 9.47789 95.5807 0.599999
    endloop
  endfacet
  facet normal 0.996689 0.0813031 0
    outer loop
      vertex 9.47789 95.5807 0
      vertex 9.48909 95.4434 0.599999
      vertex 9.48909 95.4434 0
    endloop
  endfacet
  facet normal 0.997503 -0.0706247 0
    outer loop
      vertex 9.47796 95.2862 0.599999
      vertex 9.48909 95.4434 0
      vertex 9.48909 95.4434 0.599999
    endloop
  endfacet
  facet normal 0.997503 -0.0706247 0
    outer loop
      vertex 9.48909 95.4434 0
      vertex 9.47796 95.2862 0.599999
      vertex 9.47796 95.2862 0
    endloop
  endfacet
  facet normal 0.972485 -0.232964 0
    outer loop
      vertex 9.44459 95.1469 0.599999
      vertex 9.47796 95.2862 0
      vertex 9.47796 95.2862 0.599999
    endloop
  endfacet
  facet normal 0.972485 -0.232964 0
    outer loop
      vertex 9.47796 95.2862 0
      vertex 9.44459 95.1469 0.599999
      vertex 9.44459 95.1469 0
    endloop
  endfacet
  facet normal 0.909442 -0.41583 0
    outer loop
      vertex 9.38899 95.0253 0.599999
      vertex 9.44459 95.1469 0
      vertex 9.44459 95.1469 0.599999
    endloop
  endfacet
  facet normal 0.909442 -0.41583 0
    outer loop
      vertex 9.44459 95.1469 0
      vertex 9.38899 95.0253 0.599999
      vertex 9.38899 95.0253 0
    endloop
  endfacet
  facet normal 0.800277 -0.59963 0
    outer loop
      vertex 9.31114 94.9214 0.599999
      vertex 9.38899 95.0253 0
      vertex 9.38899 95.0253 0.599999
    endloop
  endfacet
  facet normal 0.800277 -0.59963 0
    outer loop
      vertex 9.38899 95.0253 0
      vertex 9.31114 94.9214 0.599999
      vertex 9.31114 94.9214 0
    endloop
  endfacet
  facet normal 0.648138 -0.761523 0
    outer loop
      vertex 9.21362 94.8384 0
      vertex 9.31114 94.9214 0.599999
      vertex 9.21362 94.8384 0.599999
    endloop
  endfacet
  facet normal 0.648138 -0.761523 0
    outer loop
      vertex 9.31114 94.9214 0.599999
      vertex 9.21362 94.8384 0
      vertex 9.31114 94.9214 0
    endloop
  endfacet
  facet normal 0.459539 -0.888158 0
    outer loop
      vertex 9.09901 94.7791 0
      vertex 9.21362 94.8384 0.599999
      vertex 9.09901 94.7791 0.599999
    endloop
  endfacet
  facet normal 0.459539 -0.888158 0
    outer loop
      vertex 9.21362 94.8384 0.599999
      vertex 9.09901 94.7791 0
      vertex 9.21362 94.8384 0
    endloop
  endfacet
  facet normal 0.260983 -0.965343 0
    outer loop
      vertex 8.96733 94.7435 0
      vertex 9.09901 94.7791 0.599999
      vertex 8.96733 94.7435 0.599999
    endloop
  endfacet
  facet normal 0.260983 -0.965343 0
    outer loop
      vertex 9.09901 94.7791 0.599999
      vertex 8.96733 94.7435 0
      vertex 9.09901 94.7791 0
    endloop
  endfacet
  facet normal 0.0797292 -0.996817 0
    outer loop
      vertex 8.81855 94.7316 0
      vertex 8.96733 94.7435 0.599999
      vertex 8.81855 94.7316 0.599999
    endloop
  endfacet
  facet normal 0.0797292 -0.996817 0
    outer loop
      vertex 8.96733 94.7435 0.599999
      vertex 8.81855 94.7316 0
      vertex 8.96733 94.7435 0
    endloop
  endfacet
  facet normal -0.121198 -0.992628 0
    outer loop
      vertex 8.58677 94.7599 0
      vertex 8.81855 94.7316 0.599999
      vertex 8.58677 94.7599 0.599999
    endloop
  endfacet
  facet normal -0.121198 -0.992628 -0
    outer loop
      vertex 8.81855 94.7316 0.599999
      vertex 8.58677 94.7599 0
      vertex 8.81855 94.7316 0
    endloop
  endfacet
  facet normal -0.421248 -0.906945 0
    outer loop
      vertex 8.40355 94.845 0
      vertex 8.58677 94.7599 0.599999
      vertex 8.40355 94.845 0.599999
    endloop
  endfacet
  facet normal -0.421248 -0.906945 -0
    outer loop
      vertex 8.58677 94.7599 0.599999
      vertex 8.40355 94.845 0
      vertex 8.58677 94.7599 0
    endloop
  endfacet
  facet normal -0.724833 -0.688924 0
    outer loop
      vertex 8.40355 94.845 0
      vertex 8.26887 94.9867 0.599999
      vertex 8.26887 94.9867 0
    endloop
  endfacet
  facet normal -0.724833 -0.688924 0
    outer loop
      vertex 8.26887 94.9867 0.599999
      vertex 8.40355 94.845 0
      vertex 8.40355 94.845 0.599999
    endloop
  endfacet
  facet normal -0.917308 -0.398178 0
    outer loop
      vertex 8.26887 94.9867 0
      vertex 8.18275 95.1851 0.599999
      vertex 8.18275 95.1851 0
    endloop
  endfacet
  facet normal -0.917308 -0.398178 0
    outer loop
      vertex 8.18275 95.1851 0.599999
      vertex 8.26887 94.9867 0
      vertex 8.26887 94.9867 0.599999
    endloop
  endfacet
  facet normal 0.11445 -0.993429 0
    outer loop
      vertex 7.78781 95.1396 0
      vertex 8.18275 95.1851 0.599999
      vertex 7.78781 95.1396 0.599999
    endloop
  endfacet
  facet normal 0.11445 -0.993429 0
    outer loop
      vertex 8.18275 95.1851 0.599999
      vertex 7.78781 95.1396 0
      vertex 8.18275 95.1851 0
    endloop
  endfacet
  facet normal 0.962723 0.270488 0
    outer loop
      vertex 7.83459 94.9731 0.599999
      vertex 7.78781 95.1396 0
      vertex 7.78781 95.1396 0.599999
    endloop
  endfacet
  facet normal 0.962723 0.270488 0
    outer loop
      vertex 7.78781 95.1396 0
      vertex 7.83459 94.9731 0.599999
      vertex 7.83459 94.9731 0
    endloop
  endfacet
  facet normal 0.898855 0.438246 0
    outer loop
      vertex 7.90553 94.8276 0.599999
      vertex 7.83459 94.9731 0
      vertex 7.83459 94.9731 0.599999
    endloop
  endfacet
  facet normal 0.898855 0.438246 0
    outer loop
      vertex 7.83459 94.9731 0
      vertex 7.90553 94.8276 0.599999
      vertex 7.90553 94.8276 0
    endloop
  endfacet
  facet normal 0.795042 0.606554 0
    outer loop
      vertex 8.00059 94.703 0.599999
      vertex 7.90553 94.8276 0
      vertex 7.90553 94.8276 0.599999
    endloop
  endfacet
  facet normal 0.795042 0.606554 0
    outer loop
      vertex 7.90553 94.8276 0
      vertex 8.00059 94.703 0.599999
      vertex 8.00059 94.703 0
    endloop
  endfacet
  facet normal 0.656648 0.754197 -0
    outer loop
      vertex 8.11981 94.5992 0
      vertex 8.00059 94.703 0.599999
      vertex 8.11981 94.5992 0.599999
    endloop
  endfacet
  facet normal 0.656648 0.754197 0
    outer loop
      vertex 8.00059 94.703 0.599999
      vertex 8.11981 94.5992 0
      vertex 8.00059 94.703 0
    endloop
  endfacet
  facet normal 0.499352 0.866399 -0
    outer loop
      vertex 8.26139 94.5176 0
      vertex 8.11981 94.5992 0.599999
      vertex 8.26139 94.5176 0.599999
    endloop
  endfacet
  facet normal 0.499352 0.866399 0
    outer loop
      vertex 8.11981 94.5992 0.599999
      vertex 8.26139 94.5176 0
      vertex 8.11981 94.5992 0
    endloop
  endfacet
  facet normal 0.338228 0.941064 -0
    outer loop
      vertex 8.4236 94.4593 0
      vertex 8.26139 94.5176 0.599999
      vertex 8.4236 94.4593 0.599999
    endloop
  endfacet
  facet normal 0.338228 0.941064 0
    outer loop
      vertex 8.26139 94.5176 0.599999
      vertex 8.4236 94.4593 0
      vertex 8.26139 94.5176 0
    endloop
  endfacet
  facet normal 0.18804 0.982161 -0
    outer loop
      vertex 8.60641 94.4243 0
      vertex 8.4236 94.4593 0.599999
      vertex 8.60641 94.4243 0.599999
    endloop
  endfacet
  facet normal 0.18804 0.982161 0
    outer loop
      vertex 8.4236 94.4593 0.599999
      vertex 8.60641 94.4243 0
      vertex 8.4236 94.4593 0
    endloop
  endfacet
  facet normal 0.0574131 0.998351 -0
    outer loop
      vertex 8.80986 94.4126 0
      vertex 8.60641 94.4243 0.599999
      vertex 8.80986 94.4126 0.599999
    endloop
  endfacet
  facet normal 0.0574131 0.998351 0
    outer loop
      vertex 8.60641 94.4243 0.599999
      vertex 8.80986 94.4126 0
      vertex 8.60641 94.4243 0
    endloop
  endfacet
  facet normal -0.0719909 0.997405 0
    outer loop
      vertex 9.05093 94.43 0
      vertex 8.80986 94.4126 0.599999
      vertex 9.05093 94.43 0.599999
    endloop
  endfacet
  facet normal -0.0719909 0.997405 0
    outer loop
      vertex 8.80986 94.4126 0.599999
      vertex 9.05093 94.43 0
      vertex 8.80986 94.4126 0
    endloop
  endfacet
  facet normal 0 -1 0
    outer loop
      vertex 6.80976 94.9312 0
      vertex 7.23291 94.9312 0.599999
      vertex 6.80976 94.9312 0.599999
    endloop
  endfacet
  facet normal 0 -1 -0
    outer loop
      vertex 7.23291 94.9312 0.599999
      vertex 6.80976 94.9312 0
      vertex 7.23291 94.9312 0
    endloop
  endfacet
  facet normal 1 -0 0
    outer loop
      vertex 6.80976 94.456 0.599999
      vertex 6.80976 94.9312 0
      vertex 6.80976 94.9312 0.599999
    endloop
  endfacet
  facet normal 1 0 0
    outer loop
      vertex 6.80976 94.9312 0
      vertex 6.80976 94.456 0.599999
      vertex 6.80976 94.456 0
    endloop
  endfacet
  facet normal 0 1 -0
    outer loop
      vertex 7.23291 94.456 0
      vertex 6.80976 94.456 0.599999
      vertex 7.23291 94.456 0.599999
    endloop
  endfacet
  facet normal 0 1 0
    outer loop
      vertex 6.80976 94.456 0.599999
      vertex 7.23291 94.456 0
      vertex 6.80976 94.456 0
    endloop
  endfacet
  facet normal -1 0 0
    outer loop
      vertex 7.23291 94.456 0
      vertex 7.23291 94.9312 0.599999
      vertex 7.23291 94.9312 0
    endloop
  endfacet
  facet normal -1 -0 0
    outer loop
      vertex 7.23291 94.9312 0.599999
      vertex 7.23291 94.456 0
      vertex 7.23291 94.456 0.599999
    endloop
  endfacet
  facet normal 1 -0 0
    outer loop
      vertex 11.6 111.8 9.2
      vertex 11.6 138 0
      vertex 11.6 138 9.2
    endloop
  endfacet
  facet normal 1 0 0
    outer loop
      vertex 11.6 138 0
      vertex 11.6 111.8 9.2
      vertex 11.6 111.8 0
    endloop
  endfacet
  facet normal 0 1 -0
    outer loop
      vertex 11.6 138 0
      vertex 0 138 9.2
      vertex 11.6 138 9.2
    endloop
  endfacet
  facet normal 0 1 0
    outer loop
      vertex 0 138 9.2
      vertex 11.6 138 0
      vertex 0 138 0
    endloop
  endfacet
  facet normal 0 -1 0
    outer loop
      vertex 0 111.8 0
      vertex 11.6 111.8 9.2
      vertex 0 111.8 9.2
    endloop
  endfacet
  facet normal 0 -1 -0
    outer loop
      vertex 11.6 111.8 9.2
      vertex 0 111.8 0
      vertex 11.6 111.8 0
    endloop
  endfacet
  facet normal -1 0 0
    outer loop
      vertex 10.01 113.4 1.2
      vertex 10.01 136.4 9.2
      vertex 10.01 136.4 1.2
    endloop
  endfacet
  facet normal -1 -0 0
    outer loop
      vertex 10.01 136.4 9.2
      vertex 10.01 113.4 1.2
      vertex 10.01 113.4 9.2
    endloop
  endfacet
  facet normal -0 0 1
    outer loop
      vertex 0 136.4 1.2
      vertex 10.01 113.4 1.2
      vertex 10.01 136.4 1.2
    endloop
  endfacet
  facet normal 0 0 1
    outer loop
      vertex 10.01 113.4 1.2
      vertex 0 136.4 1.2
      vertex 0 113.4 1.2
    endloop
  endfacet
  facet normal 0 -1 0
    outer loop
      vertex 0 136.4 1.2
      vertex 10.01 136.4 9.2
      vertex 0 136.4 9.2
    endloop
  endfacet
  facet normal 0 -1 -0
    outer loop
      vertex 10.01 136.4 9.2
      vertex 0 136.4 1.2
      vertex 10.01 136.4 1.2
    endloop
  endfacet
  facet normal 0 1 -0
    outer loop
      vertex 10.01 113.4 1.2
      vertex 0 113.4 9.2
      vertex 10.01 113.4 9.2
    endloop
  endfacet
  facet normal 0 1 0
    outer loop
      vertex 0 113.4 9.2
      vertex 10.01 113.4 1.2
      vertex 0 113.4 1.2
    endloop
  endfacet
  facet normal 0 0 -1
    outer loop
      vertex 7.66002 124.129 0.599999
      vertex 8.07631 124.25 0.599999
      vertex 8.05949 124.05 0.599999
    endloop
  endfacet
  facet normal 0 0 -1
    outer loop
      vertex 8.07631 124.25 0.599999
      vertex 7.67051 124.263 0.599999
      vertex 8.06437 124.39 0.599999
    endloop
  endfacet
  facet normal 0 0 -1
    outer loop
      vertex 7.66002 124.129 0.599999
      vertex 8.05949 124.05 0.599999
      vertex 8.00904 123.875 0.599999
    endloop
  endfacet
  facet normal 0 0 -1
    outer loop
      vertex 7.65852 124.381 0.599999
      vertex 8.06437 124.39 0.599999
      vertex 7.67051 124.263 0.599999
    endloop
  endfacet
  facet normal 0 0 -1
    outer loop
      vertex 7.62848 124.012 0.599999
      vertex 8.00904 123.875 0.599999
      vertex 7.92495 123.723 0.599999
    endloop
  endfacet
  facet normal -0 0 -1
    outer loop
      vertex 8.06437 124.39 0.599999
      vertex 7.65852 124.381 0.599999
      vertex 8.02856 124.518 0.599999
    endloop
  endfacet
  facet normal 0 0 -1
    outer loop
      vertex 7.57591 123.913 0.599999
      vertex 7.92495 123.723 0.599999
      vertex 7.80722 123.595 0.599999
    endloop
  endfacet
  facet normal -0 0 -1
    outer loop
      vertex 8.07631 124.25 0.599999
      vertex 7.66002 124.129 0.599999
      vertex 7.67051 124.263 0.599999
    endloop
  endfacet
  facet normal 0 0 -1
    outer loop
      vertex 7.62251 124.485 0.599999
      vertex 7.96888 124.633 0.599999
      vertex 7.65852 124.381 0.599999
    endloop
  endfacet
  facet normal -0 0 -1
    outer loop
      vertex 8.02856 124.518 0.599999
      vertex 7.65852 124.381 0.599999
      vertex 7.96888 124.633 0.599999
    endloop
  endfacet
  facet normal 0 0 -1
    outer loop
      vertex 7.50233 123.831 0.599999
      vertex 7.80722 123.595 0.599999
      vertex 7.65832 123.493 0.599999
    endloop
  endfacet
  facet normal 0 0 -1
    outer loop
      vertex 8.00904 123.875 0.599999
      vertex 7.62848 124.012 0.599999
      vertex 7.66002 124.129 0.599999
    endloop
  endfacet
  facet normal 0 0 -1
    outer loop
      vertex 7.92495 123.723 0.599999
      vertex 7.57591 123.913 0.599999
      vertex 7.62848 124.012 0.599999
    endloop
  endfacet
  facet normal 0 0 -1
    outer loop
      vertex 7.80722 123.595 0.599999
      vertex 7.50233 123.831 0.599999
      vertex 7.57591 123.913 0.599999
    endloop
  endfacet
  facet normal 0 0 -1
    outer loop
      vertex 7.41032 123.768 0.599999
      vertex 7.65832 123.493 0.599999
      vertex 7.48065 123.421 0.599999
    endloop
  endfacet
  facet normal 0 0 -1
    outer loop
      vertex 7.65832 123.493 0.599999
      vertex 7.41032 123.768 0.599999
      vertex 7.50233 123.831 0.599999
    endloop
  endfacet
  facet normal 0 0 -1
    outer loop
      vertex 7.48065 123.421 0.599999
      vertex 7.30243 123.722 0.599999
      vertex 7.41032 123.768 0.599999
    endloop
  endfacet
  facet normal 0 0 -1
    outer loop
      vertex 7.27424 123.377 0.599999
      vertex 7.30243 123.722 0.599999
      vertex 7.48065 123.421 0.599999
    endloop
  endfacet
  facet normal 0 0 -1
    outer loop
      vertex 7.27424 123.377 0.599999
      vertex 7.17868 123.695 0.599999
      vertex 7.30243 123.722 0.599999
    endloop
  endfacet
  facet normal 0 0 -1
    outer loop
      vertex 7.03906 123.363 0.599999
      vertex 7.17868 123.695 0.599999
      vertex 7.27424 123.377 0.599999
    endloop
  endfacet
  facet normal 0 0 -1
    outer loop
      vertex 7.03906 123.363 0.599999
      vertex 7.03906 123.686 0.599999
      vertex 7.17868 123.695 0.599999
    endloop
  endfacet
  facet normal 0 0 -1
    outer loop
      vertex 6.8186 123.376 0.599999
      vertex 7.03906 123.686 0.599999
      vertex 7.03906 123.363 0.599999
    endloop
  endfacet
  facet normal 0 0 -1
    outer loop
      vertex 6.8186 123.376 0.599999
      vertex 6.7769 123.72 0.599999
      vertex 7.03906 123.686 0.599999
    endloop
  endfacet
  facet normal 0 0 -1
    outer loop
      vertex 6.62161 123.415 0.599999
      vertex 6.7769 123.72 0.599999
      vertex 6.8186 123.376 0.599999
    endloop
  endfacet
  facet normal 0 0 -1
    outer loop
      vertex 6.62161 123.415 0.599999
      vertex 6.57849 123.822 0.599999
      vertex 6.7769 123.72 0.599999
    endloop
  endfacet
  facet normal 0 0 -1
    outer loop
      vertex 6.44807 123.48 0.599999
      vertex 6.57849 123.822 0.599999
      vertex 6.62161 123.415 0.599999
    endloop
  endfacet
  facet normal 0 0 -1
    outer loop
      vertex 6.298 123.572 0.599999
      vertex 6.57849 123.822 0.599999
      vertex 6.44807 123.48 0.599999
    endloop
  endfacet
  facet normal 0 0 -1
    outer loop
      vertex 6.1737 123.689 0.599999
      vertex 6.57849 123.822 0.599999
      vertex 6.298 123.572 0.599999
    endloop
  endfacet
  facet normal -0 0 -1
    outer loop
      vertex 6.57849 123.822 0.599999
      vertex 6.1737 123.689 0.599999
      vertex 6.44381 123.991 0.599999
    endloop
  endfacet
  facet normal 0 0 -1
    outer loop
      vertex 6.07748 123.832 0.599999
      vertex 6.44381 123.991 0.599999
      vertex 6.1737 123.689 0.599999
    endloop
  endfacet
  facet normal 0 0 -1
    outer loop
      vertex 6.00932 123.999 0.599999
      vertex 6.44381 123.991 0.599999
      vertex 6.07748 123.832 0.599999
    endloop
  endfacet
  facet normal 0 0 -1
    outer loop
      vertex 6.44381 123.991 0.599999
      vertex 6.00932 123.999 0.599999
      vertex 6.37289 124.228 0.599999
    endloop
  endfacet
  facet normal 0 0 -1
    outer loop
      vertex 6.37289 124.228 0.599999
      vertex 6.00932 123.999 0.599999
      vertex 5.96923 124.192 0.599999
    endloop
  endfacet
  facet normal -0 0 -1
    outer loop
      vertex 7.96888 124.633 0.599999
      vertex 7.62251 124.485 0.599999
      vertex 7.88534 124.736 0.599999
    endloop
  endfacet
  facet normal 0 0 -1
    outer loop
      vertex 7.5625 124.576 0.599999
      vertex 7.88534 124.736 0.599999
      vertex 7.62251 124.485 0.599999
    endloop
  endfacet
  facet normal -0 0 -1
    outer loop
      vertex 7.88534 124.736 0.599999
      vertex 7.5625 124.576 0.599999
      vertex 7.78038 124.823 0.599999
    endloop
  endfacet
  facet normal -0 0 -1
    outer loop
      vertex 7.78038 124.823 0.599999
      vertex 7.5625 124.576 0.599999
      vertex 7.65641 124.89 0.599999
    endloop
  endfacet
  facet normal 0 0 -1
    outer loop
      vertex 7.47848 124.653 0.599999
      vertex 7.65641 124.89 0.599999
      vertex 7.5625 124.576 0.599999
    endloop
  endfacet
  facet normal -0 0 -1
    outer loop
      vertex 7.65641 124.89 0.599999
      vertex 7.47848 124.653 0.599999
      vertex 7.51347 124.938 0.599999
    endloop
  endfacet
  facet normal 0 0 -1
    outer loop
      vertex 7.37182 124.714 0.599999
      vertex 7.51347 124.938 0.599999
      vertex 7.47848 124.653 0.599999
    endloop
  endfacet
  facet normal 0 0 -1
    outer loop
      vertex 7.37182 124.714 0.599999
      vertex 7.35154 124.966 0.599999
      vertex 7.51347 124.938 0.599999
    endloop
  endfacet
  facet normal 0 0 -1
    outer loop
      vertex 7.06694 125.14 0.599999
      vertex 7.35154 124.975 0.599999
      vertex 7.35154 124.966 0.599999
    endloop
  endfacet
  facet normal 0 0 -1
    outer loop
      vertex 7.24386 124.758 0.599999
      vertex 7.35154 124.966 0.599999
      vertex 7.37182 124.714 0.599999
    endloop
  endfacet
  facet normal 0 0 -1
    outer loop
      vertex 7.0946 124.784 0.599999
      vertex 7.35154 124.966 0.599999
      vertex 7.24386 124.758 0.599999
    endloop
  endfacet
  facet normal 0 0 -1
    outer loop
      vertex 7.35154 124.975 0.599999
      vertex 7.20045 125.166 0.599999
      vertex 7.31593 125.21 0.599999
    endloop
  endfacet
  facet normal 0 0 -1
    outer loop
      vertex 7.06694 125.14 0.599999
      vertex 7.35154 124.966 0.599999
      vertex 7.0946 124.784 0.599999
    endloop
  endfacet
  facet normal 0 0 -1
    outer loop
      vertex 7.35154 124.975 0.599999
      vertex 7.06694 125.14 0.599999
      vertex 7.20045 125.166 0.599999
    endloop
  endfacet
  facet normal 0 0 -1
    outer loop
      vertex 6.92405 124.793 0.599999
      vertex 7.06694 125.14 0.599999
      vertex 7.0946 124.784 0.599999
    endloop
  endfacet
  facet normal 0 0 -1
    outer loop
      vertex 6.92405 124.793 0.599999
      vertex 6.91539 125.131 0.599999
      vertex 7.06694 125.14 0.599999
    endloop
  endfacet
  facet normal 0 0 -1
    outer loop
      vertex 6.70271 124.793 0.599999
      vertex 6.91539 125.131 0.599999
      vertex 6.92405 124.793 0.599999
    endloop
  endfacet
  facet normal -0 0 -1
    outer loop
      vertex 6.91539 125.131 0.599999
      vertex 6.70271 124.793 0.599999
      vertex 6.70271 125.131 0.599999
    endloop
  endfacet
  facet normal 0 0 -1
    outer loop
      vertex 7.59024 125.658 0.599999
      vertex 7.99171 125.7 0.599999
      vertex 7.98146 125.56 0.599999
    endloop
  endfacet
  facet normal 0 0 -1
    outer loop
      vertex 7.57917 125.541 0.599999
      vertex 7.98146 125.56 0.599999
      vertex 7.95074 125.434 0.599999
    endloop
  endfacet
  facet normal 0 0 -1
    outer loop
      vertex 7.58122 125.775 0.599999
      vertex 7.99171 125.7 0.599999
      vertex 7.59024 125.658 0.599999
    endloop
  endfacet
  facet normal 0 0 -1
    outer loop
      vertex 7.57917 125.541 0.599999
      vertex 7.95074 125.434 0.599999
      vertex 7.89955 125.322 0.599999
    endloop
  endfacet
  facet normal 0 0 -1
    outer loop
      vertex 7.99171 125.7 0.599999
      vertex 7.58122 125.775 0.599999
      vertex 7.97577 125.88 0.599999
    endloop
  endfacet
  facet normal 0 0 -1
    outer loop
      vertex 7.54602 125.438 0.599999
      vertex 7.89955 125.322 0.599999
      vertex 7.82786 125.223 0.599999
    endloop
  endfacet
  facet normal 0 0 -1
    outer loop
      vertex 7.55415 125.878 0.599999
      vertex 7.97577 125.88 0.599999
      vertex 7.58122 125.775 0.599999
    endloop
  endfacet
  facet normal 0 0 -1
    outer loop
      vertex 7.54602 125.438 0.599999
      vertex 7.82786 125.223 0.599999
      vertex 7.73666 125.139 0.599999
    endloop
  endfacet
  facet normal 0 0 -1
    outer loop
      vertex 7.49075 125.348 0.599999
      vertex 7.73666 125.139 0.599999
      vertex 7.62686 125.07 0.599999
    endloop
  endfacet
  facet normal -0 0 -1
    outer loop
      vertex 7.97577 125.88 0.599999
      vertex 7.55415 125.878 0.599999
      vertex 7.92796 126.04 0.599999
    endloop
  endfacet
  facet normal -0 0 -1
    outer loop
      vertex 7.92796 126.04 0.599999
      vertex 7.55415 125.878 0.599999
      vertex 7.84828 126.178 0.599999
    endloop
  endfacet
  facet normal -0 0 -1
    outer loop
      vertex 7.98146 125.56 0.599999
      vertex 7.57917 125.541 0.599999
      vertex 7.59024 125.658 0.599999
    endloop
  endfacet
  facet normal 0 0 -1
    outer loop
      vertex 7.89955 125.322 0.599999
      vertex 7.54602 125.438 0.599999
      vertex 7.57917 125.541 0.599999
    endloop
  endfacet
  facet normal 0 0 -1
    outer loop
      vertex 7.41337 125.271 0.599999
      vertex 7.62686 125.07 0.599999
      vertex 7.4985 125.015 0.599999
    endloop
  endfacet
  facet normal 0 0 -1
    outer loop
      vertex 7.73666 125.139 0.599999
      vertex 7.49075 125.348 0.599999
      vertex 7.54602 125.438 0.599999
    endloop
  endfacet
  facet normal 0 0 -1
    outer loop
      vertex 7.62686 125.07 0.599999
      vertex 7.41337 125.271 0.599999
      vertex 7.49075 125.348 0.599999
    endloop
  endfacet
  facet normal 0 0 -1
    outer loop
      vertex 7.31593 125.21 0.599999
      vertex 7.4985 125.015 0.599999
      vertex 7.35154 124.975 0.599999
    endloop
  endfacet
  facet normal 0 0 -1
    outer loop
      vertex 7.4985 125.015 0.599999
      vertex 7.31593 125.21 0.599999
      vertex 7.41337 125.271 0.599999
    endloop
  endfacet
  facet normal 0 0 -1
    outer loop
      vertex 7.50904 125.968 0.599999
      vertex 7.84828 126.178 0.599999
      vertex 7.55415 125.878 0.599999
    endloop
  endfacet
  facet normal -0 0 -1
    outer loop
      vertex 7.84828 126.178 0.599999
      vertex 7.50904 125.968 0.599999
      vertex 7.73672 126.295 0.599999
    endloop
  endfacet
  facet normal 0 0 -1
    outer loop
      vertex 7.44592 126.046 0.599999
      vertex 7.73672 126.295 0.599999
      vertex 7.50904 125.968 0.599999
    endloop
  endfacet
  facet normal -0 0 -1
    outer loop
      vertex 7.73672 126.295 0.599999
      vertex 7.44592 126.046 0.599999
      vertex 7.59642 126.389 0.599999
    endloop
  endfacet
  facet normal 0 0 -1
    outer loop
      vertex 7.36502 126.108 0.599999
      vertex 7.59642 126.389 0.599999
      vertex 7.44592 126.046 0.599999
    endloop
  endfacet
  facet normal -0 0 -1
    outer loop
      vertex 7.59642 126.389 0.599999
      vertex 7.36502 126.108 0.599999
      vertex 7.43048 126.456 0.599999
    endloop
  endfacet
  facet normal 0 0 -1
    outer loop
      vertex 7.26663 126.152 0.599999
      vertex 7.43048 126.456 0.599999
      vertex 7.36502 126.108 0.599999
    endloop
  endfacet
  facet normal 0 0 -1
    outer loop
      vertex 7.26663 126.152 0.599999
      vertex 7.2389 126.496 0.599999
      vertex 7.43048 126.456 0.599999
    endloop
  endfacet
  facet normal 0 0 -1
    outer loop
      vertex 7.15075 126.179 0.599999
      vertex 7.2389 126.496 0.599999
      vertex 7.26663 126.152 0.599999
    endloop
  endfacet
  facet normal 0 0 -1
    outer loop
      vertex 7.15075 126.179 0.599999
      vertex 7.02169 126.509 0.599999
      vertex 7.2389 126.496 0.599999
    endloop
  endfacet
  facet normal 0 0 -1
    outer loop
      vertex 7.01736 126.188 0.599999
      vertex 7.02169 126.509 0.599999
      vertex 7.15075 126.179 0.599999
    endloop
  endfacet
  facet normal 0 0 -1
    outer loop
      vertex 6.89442 126.18 0.599999
      vertex 7.02169 126.509 0.599999
      vertex 7.01736 126.188 0.599999
    endloop
  endfacet
  facet normal 0 0 -1
    outer loop
      vertex 6.89442 126.18 0.599999
      vertex 6.82077 126.496 0.599999
      vertex 7.02169 126.509 0.599999
    endloop
  endfacet
  facet normal 0 0 -1
    outer loop
      vertex 6.78381 126.155 0.599999
      vertex 6.82077 126.496 0.599999
      vertex 6.89442 126.18 0.599999
    endloop
  endfacet
  facet normal 0 0 -1
    outer loop
      vertex 6.63897 126.456 0.599999
      vertex 6.78381 126.155 0.599999
      vertex 6.68556 126.113 0.599999
    endloop
  endfacet
  facet normal 0 0 -1
    outer loop
      vertex 6.78381 126.155 0.599999
      vertex 6.63897 126.456 0.599999
      vertex 6.82077 126.496 0.599999
    endloop
  endfacet
  facet normal 0 0 -1
    outer loop
      vertex 6.47628 126.391 0.599999
      vertex 6.68556 126.113 0.599999
      vertex 6.59964 126.056 0.599999
    endloop
  endfacet
  facet normal 0 0 -1
    outer loop
      vertex 6.33273 126.299 0.599999
      vertex 6.59964 126.056 0.599999
      vertex 6.52824 125.983 0.599999
    endloop
  endfacet
  facet normal 0 0 -1
    outer loop
      vertex 6.68556 126.113 0.599999
      vertex 6.47628 126.391 0.599999
      vertex 6.63897 126.456 0.599999
    endloop
  endfacet
  facet normal 0 0 -1
    outer loop
      vertex 6.21276 126.183 0.599999
      vertex 6.52824 125.983 0.599999
      vertex 6.47351 125.896 0.599999
    endloop
  endfacet
  facet normal 0 0 -1
    outer loop
      vertex 6.12088 126.047 0.599999
      vertex 6.47351 125.896 0.599999
      vertex 6.43547 125.796 0.599999
    endloop
  endfacet
  facet normal 0 0 -1
    outer loop
      vertex 6.05706 125.89 0.599999
      vertex 6.43547 125.796 0.599999
      vertex 6.4141 125.682 0.599999
    endloop
  endfacet
  facet normal 0 0 -1
    outer loop
      vertex 6.59964 126.056 0.599999
      vertex 6.33273 126.299 0.599999
      vertex 6.47628 126.391 0.599999
    endloop
  endfacet
  facet normal 0 0 -1
    outer loop
      vertex 6.52824 125.983 0.599999
      vertex 6.21276 126.183 0.599999
      vertex 6.33273 126.299 0.599999
    endloop
  endfacet
  facet normal 0 0 -1
    outer loop
      vertex 6.47351 125.896 0.599999
      vertex 6.12088 126.047 0.599999
      vertex 6.21276 126.183 0.599999
    endloop
  endfacet
  facet normal 0 0 -1
    outer loop
      vertex 6.43547 125.796 0.599999
      vertex 6.05706 125.89 0.599999
      vertex 6.12088 126.047 0.599999
    endloop
  endfacet
  facet normal 0 -0 -1
    outer loop
      vertex 6.05706 125.89 0.599999
      vertex 6.4141 125.682 0.599999
      vertex 6.02134 125.713 0.599999
    endloop
  endfacet
  facet normal 0 0 -1
    outer loop
      vertex 5.63429 123.406 0.599999
      vertex 4.03935 123.738 0.599999
      vertex 5.63429 123.738 0.599999
    endloop
  endfacet
  facet normal 0 0 -1
    outer loop
      vertex 4.18336 123.973 0.599999
      vertex 3.87983 124.13 0.599999
      vertex 3.9606 124.224 0.599999
    endloop
  endfacet
  facet normal 0 0 -1
    outer loop
      vertex 4.07704 123.815 0.599999
      vertex 3.80314 124.029 0.599999
      vertex 3.87983 124.13 0.599999
    endloop
  endfacet
  facet normal 0 0 -1
    outer loop
      vertex 4.07704 123.815 0.599999
      vertex 3.73254 123.921 0.599999
      vertex 3.80314 124.029 0.599999
    endloop
  endfacet
  facet normal 0 0 -1
    outer loop
      vertex 4.03935 123.738 0.599999
      vertex 3.66806 123.805 0.599999
      vertex 3.73254 123.921 0.599999
    endloop
  endfacet
  facet normal 0 0 -1
    outer loop
      vertex 3.60968 123.406 0.599999
      vertex 4.03935 123.738 0.599999
      vertex 5.63429 123.406 0.599999
    endloop
  endfacet
  facet normal 0 0 -1
    outer loop
      vertex 3.60968 123.682 0.599999
      vertex 4.03935 123.738 0.599999
      vertex 3.60968 123.406 0.599999
    endloop
  endfacet
  facet normal -0 0 -1
    outer loop
      vertex 4.03935 123.738 0.599999
      vertex 3.60968 123.682 0.599999
      vertex 3.66806 123.805 0.599999
    endloop
  endfacet
  facet normal 0 0 -1
    outer loop
      vertex 5.1851 125.658 0.599999
      vertex 5.58654 125.671 0.599999
      vertex 5.58146 125.583 0.599999
    endloop
  endfacet
  facet normal 0 0 -1
    outer loop
      vertex 5.17974 125.568 0.599999
      vertex 5.58146 125.583 0.599999
      vertex 5.5662 125.494 0.599999
    endloop
  endfacet
  facet normal 0 0 -1
    outer loop
      vertex 5.17974 125.568 0.599999
      vertex 5.5662 125.494 0.599999
      vertex 5.54077 125.406 0.599999
    endloop
  endfacet
  facet normal 0 0 -1
    outer loop
      vertex 5.17588 125.777 0.599999
      vertex 5.58654 125.671 0.599999
      vertex 5.1851 125.658 0.599999
    endloop
  endfacet
  facet normal 0 0 -1
    outer loop
      vertex 5.16368 125.482 0.599999
      vertex 5.54077 125.406 0.599999
      vertex 5.50517 125.318 0.599999
    endloop
  endfacet
  facet normal 0 0 -1
    outer loop
      vertex 5.13688 125.4 0.599999
      vertex 5.50517 125.318 0.599999
      vertex 5.45953 125.23 0.599999
    endloop
  endfacet
  facet normal 0 0 -1
    outer loop
      vertex 5.58654 125.671 0.599999
      vertex 5.17588 125.777 0.599999
      vertex 5.57101 125.861 0.599999
    endloop
  endfacet
  facet normal 0 0 -1
    outer loop
      vertex 5.13688 125.4 0.599999
      vertex 5.45953 125.23 0.599999
      vertex 5.40399 125.142 0.599999
    endloop
  endfacet
  facet normal 0 0 -1
    outer loop
      vertex 5.09938 125.324 0.599999
      vertex 5.40399 125.142 0.599999
      vertex 5.33856 125.054 0.599999
    endloop
  endfacet
  facet normal -0 0 -1
    outer loop
      vertex 5.58146 125.583 0.599999
      vertex 5.17974 125.568 0.599999
      vertex 5.1851 125.658 0.599999
    endloop
  endfacet
  facet normal 0 0 -1
    outer loop
      vertex 5.05319 125.251 0.599999
      vertex 5.33856 125.054 0.599999
      vertex 5.26323 124.966 0.599999
    endloop
  endfacet
  facet normal 0 0 -1
    outer loop
      vertex 5.57101 125.861 0.599999
      vertex 5.1482 125.882 0.599999
      vertex 5.52443 126.027 0.599999
    endloop
  endfacet
  facet normal -0 0 -1
    outer loop
      vertex 5.52443 126.027 0.599999
      vertex 5.1482 125.882 0.599999
      vertex 5.44677 126.171 0.599999
    endloop
  endfacet
  facet normal 0 0 -1
    outer loop
      vertex 5.1482 125.882 0.599999
      vertex 5.57101 125.861 0.599999
      vertex 5.17588 125.777 0.599999
    endloop
  endfacet
  facet normal 0 0 -1
    outer loop
      vertex 4.94088 125.11 0.599999
      vertex 5.26323 124.966 0.599999
      vertex 5.16462 124.866 0.599999
    endloop
  endfacet
  facet normal 0 0 -1
    outer loop
      vertex 5.54077 125.406 0.599999
      vertex 5.16368 125.482 0.599999
      vertex 5.17974 125.568 0.599999
    endloop
  endfacet
  facet normal 0 0 -1
    outer loop
      vertex 5.50517 125.318 0.599999
      vertex 5.13688 125.4 0.599999
      vertex 5.16368 125.482 0.599999
    endloop
  endfacet
  facet normal 0 0 -1
    outer loop
      vertex 5.40399 125.142 0.599999
      vertex 5.09938 125.324 0.599999
      vertex 5.13688 125.4 0.599999
    endloop
  endfacet
  facet normal 0 0 -1
    outer loop
      vertex 5.33856 125.054 0.599999
      vertex 5.05319 125.251 0.599999
      vertex 5.09938 125.324 0.599999
    endloop
  endfacet
  facet normal 0 0 -1
    outer loop
      vertex 4.87477 125.042 0.599999
      vertex 5.16462 124.866 0.599999
      vertex 5.0294 124.742 0.599999
    endloop
  endfacet
  facet normal 0 0 -1
    outer loop
      vertex 5.26323 124.966 0.599999
      vertex 5.00036 125.18 0.599999
      vertex 5.05319 125.251 0.599999
    endloop
  endfacet
  facet normal 0 0 -1
    outer loop
      vertex 5.26323 124.966 0.599999
      vertex 4.94088 125.11 0.599999
      vertex 5.00036 125.18 0.599999
    endloop
  endfacet
  facet normal 0 0 -1
    outer loop
      vertex 5.16462 124.866 0.599999
      vertex 4.87477 125.042 0.599999
      vertex 4.94088 125.11 0.599999
    endloop
  endfacet
  facet normal 0 0 -1
    outer loop
      vertex 4.72749 124.908 0.599999
      vertex 5.0294 124.742 0.599999
      vertex 4.85757 124.594 0.599999
    endloop
  endfacet
  facet normal 0 0 -1
    outer loop
      vertex 5.0294 124.742 0.599999
      vertex 4.80323 124.975 0.599999
      vertex 4.87477 125.042 0.599999
    endloop
  endfacet
  facet normal 0 0 -1
    outer loop
      vertex 5.0294 124.742 0.599999
      vertex 4.72749 124.908 0.599999
      vertex 4.80323 124.975 0.599999
    endloop
  endfacet
  facet normal 0 0 -1
    outer loop
      vertex 4.56338 124.773 0.599999
      vertex 4.85757 124.594 0.599999
      vertex 4.64911 124.422 0.599999
    endloop
  endfacet
  facet normal 0 0 -1
    outer loop
      vertex 4.85757 124.594 0.599999
      vertex 4.64753 124.84 0.599999
      vertex 4.72749 124.908 0.599999
    endloop
  endfacet
  facet normal 0 0 -1
    outer loop
      vertex 4.85757 124.594 0.599999
      vertex 4.56338 124.773 0.599999
      vertex 4.64753 124.84 0.599999
    endloop
  endfacet
  facet normal 0 0 -1
    outer loop
      vertex 4.39006 124.633 0.599999
      vertex 4.64911 124.422 0.599999
      vertex 4.5307 124.322 0.599999
    endloop
  endfacet
  facet normal 0 0 -1
    outer loop
      vertex 4.64911 124.422 0.599999
      vertex 4.47692 124.704 0.599999
      vertex 4.56338 124.773 0.599999
    endloop
  endfacet
  facet normal 0 0 -1
    outer loop
      vertex 4.30278 124.558 0.599999
      vertex 4.5307 124.322 0.599999
      vertex 4.42505 124.228 0.599999
    endloop
  endfacet
  facet normal 0 0 -1
    outer loop
      vertex 4.64911 124.422 0.599999
      vertex 4.39006 124.633 0.599999
      vertex 4.47692 124.704 0.599999
    endloop
  endfacet
  facet normal 0 0 -1
    outer loop
      vertex 4.12823 124.4 0.599999
      vertex 4.42505 124.228 0.599999
      vertex 4.33213 124.138 0.599999
    endloop
  endfacet
  facet normal 0 0 -1
    outer loop
      vertex 4.5307 124.322 0.599999
      vertex 4.30278 124.558 0.599999
      vertex 4.39006 124.633 0.599999
    endloop
  endfacet
  facet normal 0 0 -1
    outer loop
      vertex 4.04341 124.315 0.599999
      vertex 4.33213 124.138 0.599999
      vertex 4.25198 124.054 0.599999
    endloop
  endfacet
  facet normal 0 0 -1
    outer loop
      vertex 4.42505 124.228 0.599999
      vertex 4.21508 124.481 0.599999
      vertex 4.30278 124.558 0.599999
    endloop
  endfacet
  facet normal 0 0 -1
    outer loop
      vertex 3.9606 124.224 0.599999
      vertex 4.25198 124.054 0.599999
      vertex 4.18336 123.973 0.599999
    endloop
  endfacet
  facet normal 0 0 -1
    outer loop
      vertex 4.42505 124.228 0.599999
      vertex 4.12823 124.4 0.599999
      vertex 4.21508 124.481 0.599999
    endloop
  endfacet
  facet normal 0 0 -1
    outer loop
      vertex 3.87983 124.13 0.599999
      vertex 4.18336 123.973 0.599999
      vertex 4.12506 123.893 0.599999
    endloop
  endfacet
  facet normal 0 0 -1
    outer loop
      vertex 3.87983 124.13 0.599999
      vertex 4.12506 123.893 0.599999
      vertex 4.07704 123.815 0.599999
    endloop
  endfacet
  facet normal 0 0 -1
    outer loop
      vertex 4.33213 124.138 0.599999
      vertex 4.04341 124.315 0.599999
      vertex 4.12823 124.4 0.599999
    endloop
  endfacet
  facet normal 0 0 -1
    outer loop
      vertex 3.73254 123.921 0.599999
      vertex 4.07704 123.815 0.599999
      vertex 4.03935 123.738 0.599999
    endloop
  endfacet
  facet normal 0 0 -1
    outer loop
      vertex 4.25198 124.054 0.599999
      vertex 3.9606 124.224 0.599999
      vertex 4.04341 124.315 0.599999
    endloop
  endfacet
  facet normal 0 0 -1
    outer loop
      vertex 5.10209 125.973 0.599999
      vertex 5.44677 126.171 0.599999
      vertex 5.1482 125.882 0.599999
    endloop
  endfacet
  facet normal -0 0 -1
    outer loop
      vertex 5.44677 126.171 0.599999
      vertex 5.10209 125.973 0.599999
      vertex 5.33807 126.291 0.599999
    endloop
  endfacet
  facet normal 0 0 -1
    outer loop
      vertex 5.03752 126.049 0.599999
      vertex 5.33807 126.291 0.599999
      vertex 5.10209 125.973 0.599999
    endloop
  endfacet
  facet normal -0 0 -1
    outer loop
      vertex 5.33807 126.291 0.599999
      vertex 5.03752 126.049 0.599999
      vertex 5.20048 126.386 0.599999
    endloop
  endfacet
  facet normal 0 0 -1
    outer loop
      vertex 4.95655 126.11 0.599999
      vertex 5.20048 126.386 0.599999
      vertex 5.03752 126.049 0.599999
    endloop
  endfacet
  facet normal -0 0 -1
    outer loop
      vertex 5.20048 126.386 0.599999
      vertex 4.95655 126.11 0.599999
      vertex 5.03617 126.455 0.599999
    endloop
  endfacet
  facet normal 0 0 -1
    outer loop
      vertex 4.86122 126.153 0.599999
      vertex 5.03617 126.455 0.599999
      vertex 4.95655 126.11 0.599999
    endloop
  endfacet
  facet normal 0 0 -1
    outer loop
      vertex 4.86122 126.153 0.599999
      vertex 4.84515 126.495 0.599999
      vertex 5.03617 126.455 0.599999
    endloop
  endfacet
  facet normal 0 0 -1
    outer loop
      vertex 4.75151 126.179 0.599999
      vertex 4.84515 126.495 0.599999
      vertex 4.86122 126.153 0.599999
    endloop
  endfacet
  facet normal 0 0 -1
    outer loop
      vertex 4.62741 126.509 0.599999
      vertex 4.75151 126.179 0.599999
      vertex 4.62741 126.188 0.599999
    endloop
  endfacet
  facet normal 0 0 -1
    outer loop
      vertex 4.75151 126.179 0.599999
      vertex 4.62741 126.509 0.599999
      vertex 4.84515 126.495 0.599999
    endloop
  endfacet
  facet normal 0 0 -1
    outer loop
      vertex 4.50811 126.179 0.599999
      vertex 4.62741 126.509 0.599999
      vertex 4.62741 126.188 0.599999
    endloop
  endfacet
  facet normal 0 0 -1
    outer loop
      vertex 4.50811 126.179 0.599999
      vertex 4.42648 126.496 0.599999
      vertex 4.62741 126.509 0.599999
    endloop
  endfacet
  facet normal 0 0 -1
    outer loop
      vertex 4.39982 126.154 0.599999
      vertex 4.42648 126.496 0.599999
      vertex 4.50811 126.179 0.599999
    endloop
  endfacet
  facet normal 0 0 -1
    outer loop
      vertex 4.24467 126.455 0.599999
      vertex 4.39982 126.154 0.599999
      vertex 4.3025 126.112 0.599999
    endloop
  endfacet
  facet normal 0 0 -1
    outer loop
      vertex 4.39982 126.154 0.599999
      vertex 4.24467 126.455 0.599999
      vertex 4.42648 126.496 0.599999
    endloop
  endfacet
  facet normal 0 0 -1
    outer loop
      vertex 4.08198 126.387 0.599999
      vertex 4.3025 126.112 0.599999
      vertex 4.21618 126.052 0.599999
    endloop
  endfacet
  facet normal 0 0 -1
    outer loop
      vertex 3.93841 126.292 0.599999
      vertex 4.21618 126.052 0.599999
      vertex 4.14369 125.978 0.599999
    endloop
  endfacet
  facet normal 0 0 -1
    outer loop
      vertex 3.81846 126.174 0.599999
      vertex 4.14369 125.978 0.599999
      vertex 4.08789 125.889 0.599999
    endloop
  endfacet
  facet normal 0 0 -1
    outer loop
      vertex 4.3025 126.112 0.599999
      vertex 4.08198 126.387 0.599999
      vertex 4.24467 126.455 0.599999
    endloop
  endfacet
  facet normal 0 0 -1
    outer loop
      vertex 3.72657 126.038 0.599999
      vertex 4.08789 125.889 0.599999
      vertex 4.04876 125.787 0.599999
    endloop
  endfacet
  facet normal 0 0 -1
    outer loop
      vertex 3.66276 125.882 0.599999
      vertex 4.04876 125.787 0.599999
      vertex 4.02632 125.671 0.599999
    endloop
  endfacet
  facet normal 0 0 -1
    outer loop
      vertex 4.21618 126.052 0.599999
      vertex 3.93841 126.292 0.599999
      vertex 4.08198 126.387 0.599999
    endloop
  endfacet
  facet normal 0 0 -1
    outer loop
      vertex 4.14369 125.978 0.599999
      vertex 3.81846 126.174 0.599999
      vertex 3.93841 126.292 0.599999
    endloop
  endfacet
  facet normal 0 0 -1
    outer loop
      vertex 4.08789 125.889 0.599999
      vertex 3.72657 126.038 0.599999
      vertex 3.81846 126.174 0.599999
    endloop
  endfacet
  facet normal 0 0 -1
    outer loop
      vertex 4.04876 125.787 0.599999
      vertex 3.66276 125.882 0.599999
      vertex 3.72657 126.038 0.599999
    endloop
  endfacet
  facet normal 0 -0 -1
    outer loop
      vertex 3.66276 125.882 0.599999
      vertex 4.02632 125.671 0.599999
      vertex 3.62703 125.708 0.599999
    endloop
  endfacet
  facet normal 0 -1 0
    outer loop
      vertex 4.03935 123.738 0
      vertex 5.63429 123.738 0.599999
      vertex 4.03935 123.738 0.599999
    endloop
  endfacet
  facet normal 0 -1 -0
    outer loop
      vertex 5.63429 123.738 0.599999
      vertex 4.03935 123.738 0
      vertex 5.63429 123.738 0
    endloop
  endfacet
  facet normal -0.898175 0.439639 0
    outer loop
      vertex 4.03935 123.738 0
      vertex 4.07704 123.815 0.599999
      vertex 4.07704 123.815 0
    endloop
  endfacet
  facet normal -0.898175 0.439639 0
    outer loop
      vertex 4.07704 123.815 0.599999
      vertex 4.03935 123.738 0
      vertex 4.03935 123.738 0.599999
    endloop
  endfacet
  facet normal -0.851561 0.524256 0
    outer loop
      vertex 4.07704 123.815 0
      vertex 4.12506 123.893 0.599999
      vertex 4.12506 123.893 0
    endloop
  endfacet
  facet normal -0.851561 0.524256 0
    outer loop
      vertex 4.12506 123.893 0.599999
      vertex 4.07704 123.815 0
      vertex 4.07704 123.815 0.599999
    endloop
  endfacet
  facet normal -0.808168 0.588952 0
    outer loop
      vertex 4.12506 123.893 0
      vertex 4.18336 123.973 0.599999
      vertex 4.18336 123.973 0
    endloop
  endfacet
  facet normal -0.808168 0.588952 0
    outer loop
      vertex 4.18336 123.973 0.599999
      vertex 4.12506 123.893 0
      vertex 4.12506 123.893 0.599999
    endloop
  endfacet
  facet normal -0.763007 0.64639 0
    outer loop
      vertex 4.18336 123.973 0
      vertex 4.25198 124.054 0.599999
      vertex 4.25198 124.054 0
    endloop
  endfacet
  facet normal -0.763007 0.64639 0
    outer loop
      vertex 4.25198 124.054 0.599999
      vertex 4.18336 123.973 0
      vertex 4.18336 123.973 0.599999
    endloop
  endfacet
  facet normal -0.723492 0.690332 0
    outer loop
      vertex 4.25198 124.054 0
      vertex 4.33213 124.138 0.599999
      vertex 4.33213 124.138 0
    endloop
  endfacet
  facet normal -0.723492 0.690332 0
    outer loop
      vertex 4.33213 124.138 0.599999
      vertex 4.25198 124.054 0
      vertex 4.25198 124.054 0.599999
    endloop
  endfacet
  facet normal -0.69573 0.718303 0
    outer loop
      vertex 4.42505 124.228 0
      vertex 4.33213 124.138 0.599999
      vertex 4.42505 124.228 0.599999
    endloop
  endfacet
  facet normal -0.69573 0.718303 0
    outer loop
      vertex 4.33213 124.138 0.599999
      vertex 4.42505 124.228 0
      vertex 4.33213 124.138 0
    endloop
  endfacet
  facet normal -0.664715 0.747097 0
    outer loop
      vertex 4.5307 124.322 0
      vertex 4.42505 124.228 0.599999
      vertex 4.5307 124.322 0.599999
    endloop
  endfacet
  facet normal -0.664715 0.747097 0
    outer loop
      vertex 4.42505 124.228 0.599999
      vertex 4.5307 124.322 0
      vertex 4.42505 124.228 0
    endloop
  endfacet
  facet normal -0.645216 0.764 0
    outer loop
      vertex 4.64911 124.422 0
      vertex 4.5307 124.322 0.599999
      vertex 4.64911 124.422 0.599999
    endloop
  endfacet
  facet normal -0.645216 0.764 0
    outer loop
      vertex 4.5307 124.322 0.599999
      vertex 4.64911 124.422 0
      vertex 4.5307 124.322 0
    endloop
  endfacet
  facet normal -0.636428 0.771336 0
    outer loop
      vertex 4.85757 124.594 0
      vertex 4.64911 124.422 0.599999
      vertex 4.85757 124.594 0.599999
    endloop
  endfacet
  facet normal -0.636428 0.771336 0
    outer loop
      vertex 4.64911 124.422 0.599999
      vertex 4.85757 124.594 0
      vertex 4.64911 124.422 0
    endloop
  endfacet
  facet normal -0.652612 0.757692 0
    outer loop
      vertex 5.0294 124.742 0
      vertex 4.85757 124.594 0.599999
      vertex 5.0294 124.742 0.599999
    endloop
  endfacet
  facet normal -0.652612 0.757692 0
    outer loop
      vertex 4.85757 124.594 0.599999
      vertex 5.0294 124.742 0
      vertex 4.85757 124.594 0
    endloop
  endfacet
  facet normal -0.675868 0.737023 0
    outer loop
      vertex 5.16462 124.866 0
      vertex 5.0294 124.742 0.599999
      vertex 5.16462 124.866 0.599999
    endloop
  endfacet
  facet normal -0.675868 0.737023 0
    outer loop
      vertex 5.0294 124.742 0.599999
      vertex 5.16462 124.866 0
      vertex 5.0294 124.742 0
    endloop
  endfacet
  facet normal -0.712038 0.702141 0
    outer loop
      vertex 5.16462 124.866 0
      vertex 5.26323 124.966 0.599999
      vertex 5.26323 124.966 0
    endloop
  endfacet
  facet normal -0.712038 0.702141 0
    outer loop
      vertex 5.26323 124.966 0.599999
      vertex 5.16462 124.866 0
      vertex 5.16462 124.866 0.599999
    endloop
  endfacet
  facet normal -0.759677 0.650301 0
    outer loop
      vertex 5.26323 124.966 0
      vertex 5.33856 125.054 0.599999
      vertex 5.33856 125.054 0
    endloop
  endfacet
  facet normal -0.759677 0.650301 0
    outer loop
      vertex 5.33856 125.054 0.599999
      vertex 5.26323 124.966 0
      vertex 5.26323 124.966 0.599999
    endloop
  endfacet
  facet normal -0.802488 0.596668 0
    outer loop
      vertex 5.33856 125.054 0
      vertex 5.40399 125.142 0.599999
      vertex 5.40399 125.142 0
    endloop
  endfacet
  facet normal -0.802488 0.596668 0
    outer loop
      vertex 5.40399 125.142 0.599999
      vertex 5.33856 125.054 0
      vertex 5.33856 125.054 0.599999
    endloop
  endfacet
  facet normal -0.845658 0.533725 0
    outer loop
      vertex 5.40399 125.142 0
      vertex 5.45953 125.23 0.599999
      vertex 5.45953 125.23 0
    endloop
  endfacet
  facet normal -0.845658 0.533725 0
    outer loop
      vertex 5.45953 125.23 0.599999
      vertex 5.40399 125.142 0
      vertex 5.40399 125.142 0.599999
    endloop
  endfacet
  facet normal -0.887712 0.4604 0
    outer loop
      vertex 5.45953 125.23 0
      vertex 5.50517 125.318 0.599999
      vertex 5.50517 125.318 0
    endloop
  endfacet
  facet normal -0.887712 0.4604 0
    outer loop
      vertex 5.50517 125.318 0.599999
      vertex 5.45953 125.23 0
      vertex 5.45953 125.23 0.599999
    endloop
  endfacet
  facet normal -0.927017 0.37502 0
    outer loop
      vertex 5.50517 125.318 0
      vertex 5.54077 125.406 0.599999
      vertex 5.54077 125.406 0
    endloop
  endfacet
  facet normal -0.927017 0.37502 0
    outer loop
      vertex 5.54077 125.406 0.599999
      vertex 5.50517 125.318 0
      vertex 5.50517 125.318 0.599999
    endloop
  endfacet
  facet normal -0.960692 0.277618 0
    outer loop
      vertex 5.54077 125.406 0
      vertex 5.5662 125.494 0.599999
      vertex 5.5662 125.494 0
    endloop
  endfacet
  facet normal -0.960692 0.277618 0
    outer loop
      vertex 5.5662 125.494 0.599999
      vertex 5.54077 125.406 0
      vertex 5.54077 125.406 0.599999
    endloop
  endfacet
  facet normal -0.985617 0.168995 0
    outer loop
      vertex 5.5662 125.494 0
      vertex 5.58146 125.583 0.599999
      vertex 5.58146 125.583 0
    endloop
  endfacet
  facet normal -0.985617 0.168995 0
    outer loop
      vertex 5.58146 125.583 0.599999
      vertex 5.5662 125.494 0
      vertex 5.5662 125.494 0.599999
    endloop
  endfacet
  facet normal -0.998338 0.0576313 0
    outer loop
      vertex 5.58146 125.583 0
      vertex 5.58654 125.671 0.599999
      vertex 5.58654 125.671 0
    endloop
  endfacet
  facet normal -0.998338 0.0576313 0
    outer loop
      vertex 5.58654 125.671 0.599999
      vertex 5.58146 125.583 0
      vertex 5.58146 125.583 0.599999
    endloop
  endfacet
  facet normal -0.996676 -0.0814652 0
    outer loop
      vertex 5.58654 125.671 0
      vertex 5.57101 125.861 0.599999
      vertex 5.57101 125.861 0
    endloop
  endfacet
  facet normal -0.996676 -0.0814652 0
    outer loop
      vertex 5.57101 125.861 0.599999
      vertex 5.58654 125.671 0
      vertex 5.58654 125.671 0.599999
    endloop
  endfacet
  facet normal -0.962813 -0.270168 0
    outer loop
      vertex 5.57101 125.861 0
      vertex 5.52443 126.027 0.599999
      vertex 5.52443 126.027 0
    endloop
  endfacet
  facet normal -0.962813 -0.270168 0
    outer loop
      vertex 5.52443 126.027 0.599999
      vertex 5.57101 125.861 0
      vertex 5.57101 125.861 0.599999
    endloop
  endfacet
  facet normal -0.880161 -0.474676 0
    outer loop
      vertex 5.52443 126.027 0
      vertex 5.44677 126.171 0.599999
      vertex 5.44677 126.171 0
    endloop
  endfacet
  facet normal -0.880161 -0.474676 0
    outer loop
      vertex 5.44677 126.171 0.599999
      vertex 5.52443 126.027 0
      vertex 5.52443 126.027 0.599999
    endloop
  endfacet
  facet normal -0.741141 -0.67135 0
    outer loop
      vertex 5.44677 126.171 0
      vertex 5.33807 126.291 0.599999
      vertex 5.33807 126.291 0
    endloop
  endfacet
  facet normal -0.741141 -0.67135 0
    outer loop
      vertex 5.33807 126.291 0.599999
      vertex 5.44677 126.171 0
      vertex 5.44677 126.171 0.599999
    endloop
  endfacet
  facet normal -0.56818 -0.822904 0
    outer loop
      vertex 5.20048 126.386 0
      vertex 5.33807 126.291 0.599999
      vertex 5.20048 126.386 0.599999
    endloop
  endfacet
  facet normal -0.56818 -0.822904 -0
    outer loop
      vertex 5.33807 126.291 0.599999
      vertex 5.20048 126.386 0
      vertex 5.33807 126.291 0
    endloop
  endfacet
  facet normal -0.387184 -0.922003 0
    outer loop
      vertex 5.03617 126.455 0
      vertex 5.20048 126.386 0.599999
      vertex 5.03617 126.455 0.599999
    endloop
  endfacet
  facet normal -0.387184 -0.922003 -0
    outer loop
      vertex 5.20048 126.386 0.599999
      vertex 5.03617 126.455 0
      vertex 5.20048 126.386 0
    endloop
  endfacet
  facet normal -0.204957 -0.978771 0
    outer loop
      vertex 4.84515 126.495 0
      vertex 5.03617 126.455 0.599999
      vertex 4.84515 126.495 0.599999
    endloop
  endfacet
  facet normal -0.204957 -0.978771 -0
    outer loop
      vertex 5.03617 126.455 0.599999
      vertex 4.84515 126.495 0
      vertex 5.03617 126.455 0
    endloop
  endfacet
  facet normal -0.0641644 -0.997939 0
    outer loop
      vertex 4.62741 126.509 0
      vertex 4.84515 126.495 0.599999
      vertex 4.62741 126.509 0.599999
    endloop
  endfacet
  facet normal -0.0641644 -0.997939 -0
    outer loop
      vertex 4.84515 126.495 0.599999
      vertex 4.62741 126.509 0
      vertex 4.84515 126.495 0
    endloop
  endfacet
  facet normal 0.0645642 -0.997914 0
    outer loop
      vertex 4.42648 126.496 0
      vertex 4.62741 126.509 0.599999
      vertex 4.42648 126.496 0.599999
    endloop
  endfacet
  facet normal 0.0645642 -0.997914 0
    outer loop
      vertex 4.62741 126.509 0.599999
      vertex 4.42648 126.496 0
      vertex 4.62741 126.509 0
    endloop
  endfacet
  facet normal 0.219986 -0.975503 0
    outer loop
      vertex 4.24467 126.455 0
      vertex 4.42648 126.496 0.599999
      vertex 4.24467 126.455 0.599999
    endloop
  endfacet
  facet normal 0.219986 -0.975503 0
    outer loop
      vertex 4.42648 126.496 0.599999
      vertex 4.24467 126.455 0
      vertex 4.42648 126.496 0
    endloop
  endfacet
  facet normal 0.385642 -0.922648 0
    outer loop
      vertex 4.08198 126.387 0
      vertex 4.24467 126.455 0.599999
      vertex 4.08198 126.387 0.599999
    endloop
  endfacet
  facet normal 0.385642 -0.922648 0
    outer loop
      vertex 4.24467 126.455 0.599999
      vertex 4.08198 126.387 0
      vertex 4.24467 126.455 0
    endloop
  endfacet
  facet normal 0.551828 -0.833958 0
    outer loop
      vertex 3.93841 126.292 0
      vertex 4.08198 126.387 0.599999
      vertex 3.93841 126.292 0.599999
    endloop
  endfacet
  facet normal 0.551828 -0.833958 0
    outer loop
      vertex 4.08198 126.387 0.599999
      vertex 3.93841 126.292 0
      vertex 4.08198 126.387 0
    endloop
  endfacet
  facet normal 0.701288 -0.712878 0
    outer loop
      vertex 3.81846 126.174 0
      vertex 3.93841 126.292 0.599999
      vertex 3.81846 126.174 0.599999
    endloop
  endfacet
  facet normal 0.701288 -0.712878 0
    outer loop
      vertex 3.93841 126.292 0.599999
      vertex 3.81846 126.174 0
      vertex 3.93841 126.292 0
    endloop
  endfacet
  facet normal 0.828594 -0.559849 0
    outer loop
      vertex 3.72657 126.038 0.599999
      vertex 3.81846 126.174 0
      vertex 3.81846 126.174 0.599999
    endloop
  endfacet
  facet normal 0.828594 -0.559849 0
    outer loop
      vertex 3.81846 126.174 0
      vertex 3.72657 126.038 0.599999
      vertex 3.72657 126.038 0
    endloop
  endfacet
  facet normal 0.925564 -0.378591 0
    outer loop
      vertex 3.66276 125.882 0.599999
      vertex 3.72657 126.038 0
      vertex 3.72657 126.038 0.599999
    endloop
  endfacet
  facet normal 0.925564 -0.378591 0
    outer loop
      vertex 3.72657 126.038 0
      vertex 3.66276 125.882 0.599999
      vertex 3.66276 125.882 0
    endloop
  endfacet
  facet normal 0.979561 -0.201148 0
    outer loop
      vertex 3.62703 125.708 0.599999
      vertex 3.66276 125.882 0
      vertex 3.66276 125.882 0.599999
    endloop
  endfacet
  facet normal 0.979561 -0.201148 0
    outer loop
      vertex 3.66276 125.882 0
      vertex 3.62703 125.708 0.599999
      vertex 3.62703 125.708 0
    endloop
  endfacet
  facet normal 0.0922692 0.995734 -0
    outer loop
      vertex 4.02632 125.671 0
      vertex 3.62703 125.708 0.599999
      vertex 4.02632 125.671 0.599999
    endloop
  endfacet
  facet normal 0.0922692 0.995734 0
    outer loop
      vertex 3.62703 125.708 0.599999
      vertex 4.02632 125.671 0
      vertex 3.62703 125.708 0
    endloop
  endfacet
  facet normal -0.981798 0.189927 0
    outer loop
      vertex 4.02632 125.671 0
      vertex 4.04876 125.787 0.599999
      vertex 4.04876 125.787 0
    endloop
  endfacet
  facet normal -0.981798 0.189927 0
    outer loop
      vertex 4.04876 125.787 0.599999
      vertex 4.02632 125.671 0
      vertex 4.02632 125.671 0.599999
    endloop
  endfacet
  facet normal -0.933654 0.358175 0
    outer loop
      vertex 4.04876 125.787 0
      vertex 4.08789 125.889 0.599999
      vertex 4.08789 125.889 0
    endloop
  endfacet
  facet normal -0.933654 0.358175 0
    outer loop
      vertex 4.08789 125.889 0.599999
      vertex 4.04876 125.787 0
      vertex 4.04876 125.787 0.599999
    endloop
  endfacet
  facet normal -0.847249 0.531196 0
    outer loop
      vertex 4.08789 125.889 0
      vertex 4.14369 125.978 0.599999
      vertex 4.14369 125.978 0
    endloop
  endfacet
  facet normal -0.847249 0.531196 0
    outer loop
      vertex 4.14369 125.978 0.599999
      vertex 4.08789 125.889 0
      vertex 4.08789 125.889 0.599999
    endloop
  endfacet
  facet normal -0.714358 0.699781 0
    outer loop
      vertex 4.14369 125.978 0
      vertex 4.21618 126.052 0.599999
      vertex 4.21618 126.052 0
    endloop
  endfacet
  facet normal -0.714358 0.699781 0
    outer loop
      vertex 4.21618 126.052 0.599999
      vertex 4.14369 125.978 0
      vertex 4.14369 125.978 0.599999
    endloop
  endfacet
  facet normal -0.570752 0.821122 0
    outer loop
      vertex 4.3025 126.112 0
      vertex 4.21618 126.052 0.599999
      vertex 4.3025 126.112 0.599999
    endloop
  endfacet
  facet normal -0.570752 0.821122 0
    outer loop
      vertex 4.21618 126.052 0.599999
      vertex 4.3025 126.112 0
      vertex 4.21618 126.052 0
    endloop
  endfacet
  facet normal -0.396241 0.918147 0
    outer loop
      vertex 4.39982 126.154 0
      vertex 4.3025 126.112 0.599999
      vertex 4.39982 126.154 0.599999
    endloop
  endfacet
  facet normal -0.396241 0.918147 0
    outer loop
      vertex 4.3025 126.112 0.599999
      vertex 4.39982 126.154 0
      vertex 4.3025 126.112 0
    endloop
  endfacet
  facet normal -0.224945 0.974371 0
    outer loop
      vertex 4.50811 126.179 0
      vertex 4.39982 126.154 0.599999
      vertex 4.50811 126.179 0.599999
    endloop
  endfacet
  facet normal -0.224945 0.974371 0
    outer loop
      vertex 4.39982 126.154 0.599999
      vertex 4.50811 126.179 0
      vertex 4.39982 126.154 0
    endloop
  endfacet
  facet normal -0.0752263 0.997166 0
    outer loop
      vertex 4.62741 126.188 0
      vertex 4.50811 126.179 0.599999
      vertex 4.62741 126.188 0.599999
    endloop
  endfacet
  facet normal -0.0752263 0.997166 0
    outer loop
      vertex 4.50811 126.179 0.599999
      vertex 4.62741 126.188 0
      vertex 4.50811 126.179 0
    endloop
  endfacet
  facet normal 0.0723322 0.997381 -0
    outer loop
      vertex 4.75151 126.179 0
      vertex 4.62741 126.188 0.599999
      vertex 4.75151 126.179 0.599999
    endloop
  endfacet
  facet normal 0.0723322 0.997381 0
    outer loop
      vertex 4.62741 126.188 0.599999
      vertex 4.75151 126.179 0
      vertex 4.62741 126.188 0
    endloop
  endfacet
  facet normal 0.230601 0.973048 -0
    outer loop
      vertex 4.86122 126.153 0
      vertex 4.75151 126.179 0.599999
      vertex 4.86122 126.153 0.599999
    endloop
  endfacet
  facet normal 0.230601 0.973048 0
    outer loop
      vertex 4.75151 126.179 0.599999
      vertex 4.86122 126.153 0
      vertex 4.75151 126.179 0
    endloop
  endfacet
  facet normal 0.411172 0.911558 -0
    outer loop
      vertex 4.95655 126.11 0
      vertex 4.86122 126.153 0.599999
      vertex 4.95655 126.11 0.599999
    endloop
  endfacet
  facet normal 0.411172 0.911558 0
    outer loop
      vertex 4.86122 126.153 0.599999
      vertex 4.95655 126.11 0
      vertex 4.86122 126.153 0
    endloop
  endfacet
  facet normal 0.601719 0.798708 -0
    outer loop
      vertex 5.03752 126.049 0
      vertex 4.95655 126.11 0.599999
      vertex 5.03752 126.049 0.599999
    endloop
  endfacet
  facet normal 0.601719 0.798708 0
    outer loop
      vertex 4.95655 126.11 0.599999
      vertex 5.03752 126.049 0
      vertex 4.95655 126.11 0
    endloop
  endfacet
  facet normal 0.762088 0.647474 0
    outer loop
      vertex 5.10209 125.973 0.599999
      vertex 5.03752 126.049 0
      vertex 5.03752 126.049 0.599999
    endloop
  endfacet
  facet normal 0.762088 0.647474 0
    outer loop
      vertex 5.03752 126.049 0
      vertex 5.10209 125.973 0.599999
      vertex 5.10209 125.973 0
    endloop
  endfacet
  facet normal 0.892023 0.451991 0
    outer loop
      vertex 5.1482 125.882 0.599999
      vertex 5.10209 125.973 0
      vertex 5.10209 125.973 0.599999
    endloop
  endfacet
  facet normal 0.892023 0.451991 0
    outer loop
      vertex 5.10209 125.973 0
      vertex 5.1482 125.882 0.599999
      vertex 5.1482 125.882 0
    endloop
  endfacet
  facet normal 0.966965 0.25491 0
    outer loop
      vertex 5.17588 125.777 0.599999
      vertex 5.1482 125.882 0
      vertex 5.1482 125.882 0.599999
    endloop
  endfacet
  facet normal 0.966965 0.25491 0
    outer loop
      vertex 5.1482 125.882 0
      vertex 5.17588 125.777 0.599999
      vertex 5.17588 125.777 0
    endloop
  endfacet
  facet normal 0.997012 0.0772475 0
    outer loop
      vertex 5.1851 125.658 0.599999
      vertex 5.17588 125.777 0
      vertex 5.17588 125.777 0.599999
    endloop
  endfacet
  facet normal 0.997012 0.0772475 0
    outer loop
      vertex 5.17588 125.777 0
      vertex 5.1851 125.658 0.599999
      vertex 5.1851 125.658 0
    endloop
  endfacet
  facet normal 0.998231 -0.0594502 0
    outer loop
      vertex 5.17974 125.568 0.599999
      vertex 5.1851 125.658 0
      vertex 5.1851 125.658 0.599999
    endloop
  endfacet
  facet normal 0.998231 -0.0594502 0
    outer loop
      vertex 5.1851 125.658 0
      vertex 5.17974 125.568 0.599999
      vertex 5.17974 125.568 0
    endloop
  endfacet
  facet normal 0.983007 -0.183571 0
    outer loop
      vertex 5.16368 125.482 0.599999
      vertex 5.17974 125.568 0
      vertex 5.17974 125.568 0.599999
    endloop
  endfacet
  facet normal 0.983007 -0.183571 0
    outer loop
      vertex 5.17974 125.568 0
      vertex 5.16368 125.482 0.599999
      vertex 5.16368 125.482 0
    endloop
  endfacet
  facet normal 0.950522 -0.310658 0
    outer loop
      vertex 5.13688 125.4 0.599999
      vertex 5.16368 125.482 0
      vertex 5.16368 125.482 0.599999
    endloop
  endfacet
  facet normal 0.950522 -0.310658 0
    outer loop
      vertex 5.16368 125.482 0
      vertex 5.13688 125.4 0.599999
      vertex 5.13688 125.4 0
    endloop
  endfacet
  facet normal 0.896775 -0.442488 0
    outer loop
      vertex 5.09938 125.324 0.599999
      vertex 5.13688 125.4 0
      vertex 5.13688 125.4 0.599999
    endloop
  endfacet
  facet normal 0.896775 -0.442488 0
    outer loop
      vertex 5.13688 125.4 0
      vertex 5.09938 125.324 0.599999
      vertex 5.09938 125.324 0
    endloop
  endfacet
  facet normal 0.845046 -0.534694 0
    outer loop
      vertex 5.05319 125.251 0.599999
      vertex 5.09938 125.324 0
      vertex 5.09938 125.324 0.599999
    endloop
  endfacet
  facet normal 0.845046 -0.534694 0
    outer loop
      vertex 5.09938 125.324 0
      vertex 5.05319 125.251 0.599999
      vertex 5.05319 125.251 0
    endloop
  endfacet
  facet normal 0.802272 -0.596958 0
    outer loop
      vertex 5.00036 125.18 0.599999
      vertex 5.05319 125.251 0
      vertex 5.05319 125.251 0.599999
    endloop
  endfacet
  facet normal 0.802272 -0.596958 0
    outer loop
      vertex 5.05319 125.251 0
      vertex 5.00036 125.18 0.599999
      vertex 5.00036 125.18 0
    endloop
  endfacet
  facet normal 0.762047 -0.647522 0
    outer loop
      vertex 4.94088 125.11 0.599999
      vertex 5.00036 125.18 0
      vertex 5.00036 125.18 0.599999
    endloop
  endfacet
  facet normal 0.762047 -0.647522 0
    outer loop
      vertex 5.00036 125.18 0
      vertex 4.94088 125.11 0.599999
      vertex 4.94088 125.11 0
    endloop
  endfacet
  facet normal 0.717001 -0.697072 0
    outer loop
      vertex 4.87477 125.042 0.599999
      vertex 4.94088 125.11 0
      vertex 4.94088 125.11 0.599999
    endloop
  endfacet
  facet normal 0.717001 -0.697072 0
    outer loop
      vertex 4.94088 125.11 0
      vertex 4.87477 125.042 0.599999
      vertex 4.87477 125.042 0
    endloop
  endfacet
  facet normal 0.683568 -0.729887 0
    outer loop
      vertex 4.80323 124.975 0
      vertex 4.87477 125.042 0.599999
      vertex 4.80323 124.975 0.599999
    endloop
  endfacet
  facet normal 0.683568 -0.729887 0
    outer loop
      vertex 4.87477 125.042 0.599999
      vertex 4.80323 124.975 0
      vertex 4.87477 125.042 0
    endloop
  endfacet
  facet normal 0.66257 -0.749 0
    outer loop
      vertex 4.72749 124.908 0
      vertex 4.80323 124.975 0.599999
      vertex 4.72749 124.908 0.599999
    endloop
  endfacet
  facet normal 0.66257 -0.749 0
    outer loop
      vertex 4.80323 124.975 0.599999
      vertex 4.72749 124.908 0
      vertex 4.80323 124.975 0
    endloop
  endfacet
  facet normal 0.647836 -0.761779 0
    outer loop
      vertex 4.64753 124.84 0
      vertex 4.72749 124.908 0.599999
      vertex 4.64753 124.84 0.599999
    endloop
  endfacet
  facet normal 0.647836 -0.761779 0
    outer loop
      vertex 4.72749 124.908 0.599999
      vertex 4.64753 124.84 0
      vertex 4.72749 124.908 0
    endloop
  endfacet
  facet normal 0.622879 -0.782318 0
    outer loop
      vertex 4.56338 124.773 0
      vertex 4.64753 124.84 0.599999
      vertex 4.56338 124.773 0.599999
    endloop
  endfacet
  facet normal 0.622879 -0.782318 0
    outer loop
      vertex 4.64753 124.84 0.599999
      vertex 4.56338 124.773 0
      vertex 4.64753 124.84 0
    endloop
  endfacet
  facet normal 0.623769 -0.781609 0
    outer loop
      vertex 4.47692 124.704 0
      vertex 4.56338 124.773 0.599999
      vertex 4.47692 124.704 0.599999
    endloop
  endfacet
  facet normal 0.623769 -0.781609 0
    outer loop
      vertex 4.56338 124.773 0.599999
      vertex 4.47692 124.704 0
      vertex 4.56338 124.773 0
    endloop
  endfacet
  facet normal 0.632879 -0.774251 0
    outer loop
      vertex 4.39006 124.633 0
      vertex 4.47692 124.704 0.599999
      vertex 4.39006 124.633 0.599999
    endloop
  endfacet
  facet normal 0.632879 -0.774251 0
    outer loop
      vertex 4.47692 124.704 0.599999
      vertex 4.39006 124.633 0
      vertex 4.47692 124.704 0
    endloop
  endfacet
  facet normal 0.651736 -0.758446 0
    outer loop
      vertex 4.30278 124.558 0
      vertex 4.39006 124.633 0.599999
      vertex 4.30278 124.558 0.599999
    endloop
  endfacet
  facet normal 0.651736 -0.758446 0
    outer loop
      vertex 4.39006 124.633 0.599999
      vertex 4.30278 124.558 0
      vertex 4.39006 124.633 0
    endloop
  endfacet
  facet normal 0.659778 -0.751461 0
    outer loop
      vertex 4.21508 124.481 0
      vertex 4.30278 124.558 0.599999
      vertex 4.21508 124.481 0.599999
    endloop
  endfacet
  facet normal 0.659778 -0.751461 0
    outer loop
      vertex 4.30278 124.558 0.599999
      vertex 4.21508 124.481 0
      vertex 4.30278 124.558 0
    endloop
  endfacet
  facet normal 0.682048 -0.731307 0
    outer loop
      vertex 4.12823 124.4 0
      vertex 4.21508 124.481 0.599999
      vertex 4.12823 124.4 0.599999
    endloop
  endfacet
  facet normal 0.682048 -0.731307 0
    outer loop
      vertex 4.21508 124.481 0.599999
      vertex 4.12823 124.4 0
      vertex 4.21508 124.481 0
    endloop
  endfacet
  facet normal 0.707856 -0.706357 0
    outer loop
      vertex 4.04341 124.315 0.599999
      vertex 4.12823 124.4 0
      vertex 4.12823 124.4 0.599999
    endloop
  endfacet
  facet normal 0.707856 -0.706357 0
    outer loop
      vertex 4.12823 124.4 0
      vertex 4.04341 124.315 0.599999
      vertex 4.04341 124.315 0
    endloop
  endfacet
  facet normal 0.739605 -0.673041 0
    outer loop
      vertex 3.9606 124.224 0.599999
      vertex 4.04341 124.315 0
      vertex 4.04341 124.315 0.599999
    endloop
  endfacet
  facet normal 0.739605 -0.673041 0
    outer loop
      vertex 4.04341 124.315 0
      vertex 3.9606 124.224 0.599999
      vertex 3.9606 124.224 0
    endloop
  endfacet
  facet normal 0.758464 -0.651715 0
    outer loop
      vertex 3.87983 124.13 0.599999
      vertex 3.9606 124.224 0
      vertex 3.9606 124.224 0.599999
    endloop
  endfacet
  facet normal 0.758464 -0.651715 0
    outer loop
      vertex 3.9606 124.224 0
      vertex 3.87983 124.13 0.599999
      vertex 3.87983 124.13 0
    endloop
  endfacet
  facet normal 0.796428 -0.604733 0
    outer loop
      vertex 3.80314 124.029 0.599999
      vertex 3.87983 124.13 0
      vertex 3.87983 124.13 0.599999
    endloop
  endfacet
  facet normal 0.796428 -0.604733 0
    outer loop
      vertex 3.87983 124.13 0
      vertex 3.80314 124.029 0.599999
      vertex 3.80314 124.029 0
    endloop
  endfacet
  facet normal 0.837024 -0.547166 0
    outer loop
      vertex 3.73254 123.921 0.599999
      vertex 3.80314 124.029 0
      vertex 3.80314 124.029 0.599999
    endloop
  endfacet
  facet normal 0.837024 -0.547166 0
    outer loop
      vertex 3.80314 124.029 0
      vertex 3.73254 123.921 0.599999
      vertex 3.73254 123.921 0
    endloop
  endfacet
  facet normal 0.874044 -0.485848 0
    outer loop
      vertex 3.66806 123.805 0.599999
      vertex 3.73254 123.921 0
      vertex 3.73254 123.921 0.599999
    endloop
  endfacet
  facet normal 0.874044 -0.485848 0
    outer loop
      vertex 3.73254 123.921 0
      vertex 3.66806 123.805 0.599999
      vertex 3.66806 123.805 0
    endloop
  endfacet
  facet normal 0.903406 -0.428787 0
    outer loop
      vertex 3.60968 123.682 0.599999
      vertex 3.66806 123.805 0
      vertex 3.66806 123.805 0.599999
    endloop
  endfacet
  facet normal 0.903406 -0.428787 0
    outer loop
      vertex 3.66806 123.805 0
      vertex 3.60968 123.682 0.599999
      vertex 3.60968 123.682 0
    endloop
  endfacet
  facet normal 1 -0 0
    outer loop
      vertex 3.60968 123.406 0.599999
      vertex 3.60968 123.682 0
      vertex 3.60968 123.682 0.599999
    endloop
  endfacet
  facet normal 1 0 0
    outer loop
      vertex 3.60968 123.682 0
      vertex 3.60968 123.406 0.599999
      vertex 3.60968 123.406 0
    endloop
  endfacet
  facet normal 0 1 -0
    outer loop
      vertex 5.63429 123.406 0
      vertex 3.60968 123.406 0.599999
      vertex 5.63429 123.406 0.599999
    endloop
  endfacet
  facet normal 0 1 0
    outer loop
      vertex 3.60968 123.406 0.599999
      vertex 5.63429 123.406 0
      vertex 3.60968 123.406 0
    endloop
  endfacet
  facet normal -1 0 0
    outer loop
      vertex 5.63429 123.406 0
      vertex 5.63429 123.738 0.599999
      vertex 5.63429 123.738 0
    endloop
  endfacet
  facet normal -1 -0 0
    outer loop
      vertex 5.63429 123.738 0.599999
      vertex 5.63429 123.406 0
      vertex 5.63429 123.406 0.599999
    endloop
  endfacet
  facet normal -0.208484 0.978026 0
    outer loop
      vertex 7.48065 123.421 0
      vertex 7.27424 123.377 0.599999
      vertex 7.48065 123.421 0.599999
    endloop
  endfacet
  facet normal -0.208484 0.978026 0
    outer loop
      vertex 7.27424 123.377 0.599999
      vertex 7.48065 123.421 0
      vertex 7.27424 123.377 0
    endloop
  endfacet
  facet normal -0.375578 0.926791 0
    outer loop
      vertex 7.65832 123.493 0
      vertex 7.48065 123.421 0.599999
      vertex 7.65832 123.493 0.599999
    endloop
  endfacet
  facet normal -0.375578 0.926791 0
    outer loop
      vertex 7.48065 123.421 0.599999
      vertex 7.65832 123.493 0
      vertex 7.48065 123.421 0
    endloop
  endfacet
  facet normal -0.565141 0.824995 0
    outer loop
      vertex 7.80722 123.595 0
      vertex 7.65832 123.493 0.599999
      vertex 7.80722 123.595 0.599999
    endloop
  endfacet
  facet normal -0.565141 0.824995 0
    outer loop
      vertex 7.65832 123.493 0.599999
      vertex 7.80722 123.595 0
      vertex 7.65832 123.493 0
    endloop
  endfacet
  facet normal -0.736017 0.676963 0
    outer loop
      vertex 7.80722 123.595 0
      vertex 7.92495 123.723 0.599999
      vertex 7.92495 123.723 0
    endloop
  endfacet
  facet normal -0.736017 0.676963 0
    outer loop
      vertex 7.92495 123.723 0.599999
      vertex 7.80722 123.595 0
      vertex 7.80722 123.595 0.599999
    endloop
  endfacet
  facet normal -0.875022 0.484083 0
    outer loop
      vertex 7.92495 123.723 0
      vertex 8.00904 123.875 0.599999
      vertex 8.00904 123.875 0
    endloop
  endfacet
  facet normal -0.875022 0.484083 0
    outer loop
      vertex 8.00904 123.875 0.599999
      vertex 7.92495 123.723 0
      vertex 7.92495 123.723 0.599999
    endloop
  endfacet
  facet normal -0.960869 0.277005 0
    outer loop
      vertex 8.00904 123.875 0
      vertex 8.05949 124.05 0.599999
      vertex 8.05949 124.05 0
    endloop
  endfacet
  facet normal -0.960869 0.277005 0
    outer loop
      vertex 8.05949 124.05 0.599999
      vertex 8.00904 123.875 0
      vertex 8.00904 123.875 0.599999
    endloop
  endfacet
  facet normal -0.996482 0.0838042 0
    outer loop
      vertex 8.05949 124.05 0
      vertex 8.07631 124.25 0.599999
      vertex 8.07631 124.25 0
    endloop
  endfacet
  facet normal -0.996482 0.0838042 0
    outer loop
      vertex 8.07631 124.25 0.599999
      vertex 8.05949 124.05 0
      vertex 8.05949 124.05 0.599999
    endloop
  endfacet
  facet normal -0.996383 -0.0849772 0
    outer loop
      vertex 8.07631 124.25 0
      vertex 8.06437 124.39 0.599999
      vertex 8.06437 124.39 0
    endloop
  endfacet
  facet normal -0.996383 -0.0849772 0
    outer loop
      vertex 8.06437 124.39 0.599999
      vertex 8.07631 124.25 0
      vertex 8.07631 124.25 0.599999
    endloop
  endfacet
  facet normal -0.963023 -0.269421 0
    outer loop
      vertex 8.06437 124.39 0
      vertex 8.02856 124.518 0.599999
      vertex 8.02856 124.518 0
    endloop
  endfacet
  facet normal -0.963023 -0.269421 0
    outer loop
      vertex 8.02856 124.518 0.599999
      vertex 8.06437 124.39 0
      vertex 8.06437 124.39 0.599999
    endloop
  endfacet
  facet normal -0.887596 -0.460624 0
    outer loop
      vertex 8.02856 124.518 0
      vertex 7.96888 124.633 0.599999
      vertex 7.96888 124.633 0
    endloop
  endfacet
  facet normal -0.887596 -0.460624 0
    outer loop
      vertex 7.96888 124.633 0.599999
      vertex 8.02856 124.518 0
      vertex 8.02856 124.518 0.599999
    endloop
  endfacet
  facet normal -0.776658 -0.629922 0
    outer loop
      vertex 7.96888 124.633 0
      vertex 7.88534 124.736 0.599999
      vertex 7.88534 124.736 0
    endloop
  endfacet
  facet normal -0.776658 -0.629922 0
    outer loop
      vertex 7.88534 124.736 0.599999
      vertex 7.96888 124.633 0
      vertex 7.96888 124.633 0.599999
    endloop
  endfacet
  facet normal -0.638162 -0.769902 0
    outer loop
      vertex 7.78038 124.823 0
      vertex 7.88534 124.736 0.599999
      vertex 7.78038 124.823 0.599999
    endloop
  endfacet
  facet normal -0.638162 -0.769902 -0
    outer loop
      vertex 7.88534 124.736 0.599999
      vertex 7.78038 124.823 0
      vertex 7.88534 124.736 0
    endloop
  endfacet
  facet normal -0.475458 -0.879739 0
    outer loop
      vertex 7.65641 124.89 0
      vertex 7.78038 124.823 0.599999
      vertex 7.65641 124.89 0.599999
    endloop
  endfacet
  facet normal -0.475458 -0.879739 -0
    outer loop
      vertex 7.78038 124.823 0.599999
      vertex 7.65641 124.89 0
      vertex 7.78038 124.823 0
    endloop
  endfacet
  facet normal -0.318336 -0.947978 0
    outer loop
      vertex 7.51347 124.938 0
      vertex 7.65641 124.89 0.599999
      vertex 7.51347 124.938 0.599999
    endloop
  endfacet
  facet normal -0.318336 -0.947978 -0
    outer loop
      vertex 7.65641 124.89 0.599999
      vertex 7.51347 124.938 0
      vertex 7.65641 124.89 0
    endloop
  endfacet
  facet normal -0.170386 -0.985377 0
    outer loop
      vertex 7.35154 124.966 0
      vertex 7.51347 124.938 0.599999
      vertex 7.35154 124.966 0.599999
    endloop
  endfacet
  facet normal -0.170386 -0.985377 -0
    outer loop
      vertex 7.51347 124.938 0.599999
      vertex 7.35154 124.966 0
      vertex 7.51347 124.938 0
    endloop
  endfacet
  facet normal -1 0 0
    outer loop
      vertex 7.35154 124.966 0
      vertex 7.35154 124.975 0.599999
      vertex 7.35154 124.975 0
    endloop
  endfacet
  facet normal -1 -0 0
    outer loop
      vertex 7.35154 124.975 0.599999
      vertex 7.35154 124.966 0
      vertex 7.35154 124.966 0.599999
    endloop
  endfacet
  facet normal -0.262628 0.964897 0
    outer loop
      vertex 7.4985 125.015 0
      vertex 7.35154 124.975 0.599999
      vertex 7.4985 125.015 0.599999
    endloop
  endfacet
  facet normal -0.262628 0.964897 0
    outer loop
      vertex 7.35154 124.975 0.599999
      vertex 7.4985 125.015 0
      vertex 7.35154 124.975 0
    endloop
  endfacet
  facet normal -0.39385 0.919175 0
    outer loop
      vertex 7.62686 125.07 0
      vertex 7.4985 125.015 0.599999
      vertex 7.62686 125.07 0.599999
    endloop
  endfacet
  facet normal -0.39385 0.919175 0
    outer loop
      vertex 7.4985 125.015 0.599999
      vertex 7.62686 125.07 0
      vertex 7.4985 125.015 0
    endloop
  endfacet
  facet normal -0.532077 0.846696 0
    outer loop
      vertex 7.73666 125.139 0
      vertex 7.62686 125.07 0.599999
      vertex 7.73666 125.139 0.599999
    endloop
  endfacet
  facet normal -0.532077 0.846696 0
    outer loop
      vertex 7.62686 125.07 0.599999
      vertex 7.73666 125.139 0
      vertex 7.62686 125.07 0
    endloop
  endfacet
  facet normal -0.677476 0.735545 0
    outer loop
      vertex 7.82786 125.223 0
      vertex 7.73666 125.139 0.599999
      vertex 7.82786 125.223 0.599999
    endloop
  endfacet
  facet normal -0.677476 0.735545 0
    outer loop
      vertex 7.73666 125.139 0.599999
      vertex 7.82786 125.223 0
      vertex 7.73666 125.139 0
    endloop
  endfacet
  facet normal -0.809941 0.586512 0
    outer loop
      vertex 7.82786 125.223 0
      vertex 7.89955 125.322 0.599999
      vertex 7.89955 125.322 0
    endloop
  endfacet
  facet normal -0.809941 0.586512 0
    outer loop
      vertex 7.89955 125.322 0.599999
      vertex 7.82786 125.223 0
      vertex 7.82786 125.223 0.599999
    endloop
  endfacet
  facet normal -0.909505 0.415693 0
    outer loop
      vertex 7.89955 125.322 0
      vertex 7.95074 125.434 0.599999
      vertex 7.95074 125.434 0
    endloop
  endfacet
  facet normal -0.909505 0.415693 0
    outer loop
      vertex 7.95074 125.434 0.599999
      vertex 7.89955 125.322 0
      vertex 7.89955 125.322 0.599999
    endloop
  endfacet
  facet normal -0.971541 0.236871 0
    outer loop
      vertex 7.95074 125.434 0
      vertex 7.98146 125.56 0.599999
      vertex 7.98146 125.56 0
    endloop
  endfacet
  facet normal -0.971541 0.236871 0
    outer loop
      vertex 7.98146 125.56 0.599999
      vertex 7.95074 125.434 0
      vertex 7.95074 125.434 0.599999
    endloop
  endfacet
  facet normal -0.997331 0.0730188 0
    outer loop
      vertex 7.98146 125.56 0
      vertex 7.99171 125.7 0.599999
      vertex 7.99171 125.7 0
    endloop
  endfacet
  facet normal -0.997331 0.0730188 0
    outer loop
      vertex 7.99171 125.7 0.599999
      vertex 7.98146 125.56 0
      vertex 7.98146 125.56 0.599999
    endloop
  endfacet
  facet normal -0.996102 -0.0882104 0
    outer loop
      vertex 7.99171 125.7 0
      vertex 7.97577 125.88 0.599999
      vertex 7.97577 125.88 0
    endloop
  endfacet
  facet normal -0.996102 -0.0882104 0
    outer loop
      vertex 7.97577 125.88 0.599999
      vertex 7.99171 125.7 0
      vertex 7.99171 125.7 0.599999
    endloop
  endfacet
  facet normal -0.958139 -0.286304 0
    outer loop
      vertex 7.97577 125.88 0
      vertex 7.92796 126.04 0.599999
      vertex 7.92796 126.04 0
    endloop
  endfacet
  facet normal -0.958139 -0.286304 0
    outer loop
      vertex 7.92796 126.04 0.599999
      vertex 7.97577 125.88 0
      vertex 7.97577 125.88 0.599999
    endloop
  endfacet
  facet normal -0.86601 -0.500027 0
    outer loop
      vertex 7.92796 126.04 0
      vertex 7.84828 126.178 0.599999
      vertex 7.84828 126.178 0
    endloop
  endfacet
  facet normal -0.86601 -0.500027 0
    outer loop
      vertex 7.84828 126.178 0.599999
      vertex 7.92796 126.04 0
      vertex 7.92796 126.04 0.599999
    endloop
  endfacet
  facet normal -0.723732 -0.690081 0
    outer loop
      vertex 7.84828 126.178 0
      vertex 7.73672 126.295 0.599999
      vertex 7.73672 126.295 0
    endloop
  endfacet
  facet normal -0.723732 -0.690081 0
    outer loop
      vertex 7.73672 126.295 0.599999
      vertex 7.84828 126.178 0
      vertex 7.84828 126.178 0.599999
    endloop
  endfacet
  facet normal -0.556612 -0.830773 0
    outer loop
      vertex 7.59642 126.389 0
      vertex 7.73672 126.295 0.599999
      vertex 7.59642 126.389 0.599999
    endloop
  endfacet
  facet normal -0.556612 -0.830773 -0
    outer loop
      vertex 7.73672 126.295 0.599999
      vertex 7.59642 126.389 0
      vertex 7.73672 126.295 0
    endloop
  endfacet
  facet normal -0.374395 -0.927269 0
    outer loop
      vertex 7.43048 126.456 0
      vertex 7.59642 126.389 0.599999
      vertex 7.43048 126.456 0.599999
    endloop
  endfacet
  facet normal -0.374395 -0.927269 -0
    outer loop
      vertex 7.59642 126.389 0.599999
      vertex 7.43048 126.456 0
      vertex 7.59642 126.389 0
    endloop
  endfacet
  facet normal -0.204383 -0.978891 0
    outer loop
      vertex 7.2389 126.496 0
      vertex 7.43048 126.456 0.599999
      vertex 7.2389 126.496 0.599999
    endloop
  endfacet
  facet normal -0.204383 -0.978891 -0
    outer loop
      vertex 7.43048 126.456 0.599999
      vertex 7.2389 126.496 0
      vertex 7.43048 126.456 0
    endloop
  endfacet
  facet normal -0.059743 -0.998214 0
    outer loop
      vertex 7.02169 126.509 0
      vertex 7.2389 126.496 0.599999
      vertex 7.02169 126.509 0.599999
    endloop
  endfacet
  facet normal -0.059743 -0.998214 -0
    outer loop
      vertex 7.2389 126.496 0.599999
      vertex 7.02169 126.509 0
      vertex 7.2389 126.496 0
    endloop
  endfacet
  facet normal 0.0645674 -0.997913 0
    outer loop
      vertex 6.82077 126.496 0
      vertex 7.02169 126.509 0.599999
      vertex 6.82077 126.496 0.599999
    endloop
  endfacet
  facet normal 0.0645674 -0.997913 0
    outer loop
      vertex 7.02169 126.509 0.599999
      vertex 6.82077 126.496 0
      vertex 7.02169 126.509 0
    endloop
  endfacet
  facet normal 0.214882 -0.97664 0
    outer loop
      vertex 6.63897 126.456 0
      vertex 6.82077 126.496 0.599999
      vertex 6.63897 126.456 0.599999
    endloop
  endfacet
  facet normal 0.214882 -0.97664 0
    outer loop
      vertex 6.82077 126.496 0.599999
      vertex 6.63897 126.456 0
      vertex 6.82077 126.496 0
    endloop
  endfacet
  facet normal 0.371017 -0.928626 0
    outer loop
      vertex 6.47628 126.391 0
      vertex 6.63897 126.456 0.599999
      vertex 6.47628 126.391 0.599999
    endloop
  endfacet
  facet normal 0.371017 -0.928626 0
    outer loop
      vertex 6.63897 126.456 0.599999
      vertex 6.47628 126.391 0
      vertex 6.63897 126.456 0
    endloop
  endfacet
  facet normal 0.539586 -0.84193 0
    outer loop
      vertex 6.33273 126.299 0
      vertex 6.47628 126.391 0.599999
      vertex 6.33273 126.299 0.599999
    endloop
  endfacet
  facet normal 0.539586 -0.84193 0
    outer loop
      vertex 6.47628 126.391 0.599999
      vertex 6.33273 126.299 0
      vertex 6.47628 126.391 0
    endloop
  endfacet
  facet normal 0.695112 -0.718902 0
    outer loop
      vertex 6.21276 126.183 0
      vertex 6.33273 126.299 0.599999
      vertex 6.21276 126.183 0.599999
    endloop
  endfacet
  facet normal 0.695112 -0.718902 0
    outer loop
      vertex 6.33273 126.299 0.599999
      vertex 6.21276 126.183 0
      vertex 6.33273 126.299 0
    endloop
  endfacet
  facet normal 0.828623 -0.559808 0
    outer loop
      vertex 6.12088 126.047 0.599999
      vertex 6.21276 126.183 0
      vertex 6.21276 126.183 0.599999
    endloop
  endfacet
  facet normal 0.828623 -0.559808 0
    outer loop
      vertex 6.21276 126.183 0
      vertex 6.12088 126.047 0.599999
      vertex 6.12088 126.047 0
    endloop
  endfacet
  facet normal 0.926387 -0.376573 0
    outer loop
      vertex 6.05706 125.89 0.599999
      vertex 6.12088 126.047 0
      vertex 6.12088 126.047 0.599999
    endloop
  endfacet
  facet normal 0.926387 -0.376573 0
    outer loop
      vertex 6.12088 126.047 0
      vertex 6.05706 125.89 0.599999
      vertex 6.05706 125.89 0
    endloop
  endfacet
  facet normal 0.980238 -0.19782 0
    outer loop
      vertex 6.02134 125.713 0.599999
      vertex 6.05706 125.89 0
      vertex 6.05706 125.89 0.599999
    endloop
  endfacet
  facet normal 0.980238 -0.19782 0
    outer loop
      vertex 6.05706 125.89 0
      vertex 6.02134 125.713 0.599999
      vertex 6.02134 125.713 0
    endloop
  endfacet
  facet normal 0.0786839 0.9969 -0
    outer loop
      vertex 6.4141 125.682 0
      vertex 6.02134 125.713 0.599999
      vertex 6.4141 125.682 0.599999
    endloop
  endfacet
  facet normal 0.0786839 0.9969 0
    outer loop
      vertex 6.02134 125.713 0.599999
      vertex 6.4141 125.682 0
      vertex 6.02134 125.713 0
    endloop
  endfacet
  facet normal -0.98288 0.184247 0
    outer loop
      vertex 6.4141 125.682 0
      vertex 6.43547 125.796 0.599999
      vertex 6.43547 125.796 0
    endloop
  endfacet
  facet normal -0.98288 0.184247 0
    outer loop
      vertex 6.43547 125.796 0.599999
      vertex 6.4141 125.682 0
      vertex 6.4141 125.682 0.599999
    endloop
  endfacet
  facet normal -0.934659 0.355544 0
    outer loop
      vertex 6.43547 125.796 0
      vertex 6.47351 125.896 0.599999
      vertex 6.47351 125.896 0
    endloop
  endfacet
  facet normal -0.934659 0.355544 0
    outer loop
      vertex 6.47351 125.896 0.599999
      vertex 6.43547 125.796 0
      vertex 6.43547 125.796 0.599999
    endloop
  endfacet
  facet normal -0.846442 0.53248 0
    outer loop
      vertex 6.47351 125.896 0
      vertex 6.52824 125.983 0.599999
      vertex 6.52824 125.983 0
    endloop
  endfacet
  facet normal -0.846442 0.53248 0
    outer loop
      vertex 6.52824 125.983 0.599999
      vertex 6.47351 125.896 0
      vertex 6.47351 125.896 0.599999
    endloop
  endfacet
  facet normal -0.714898 0.699229 0
    outer loop
      vertex 6.52824 125.983 0
      vertex 6.59964 126.056 0.599999
      vertex 6.59964 126.056 0
    endloop
  endfacet
  facet normal -0.714898 0.699229 0
    outer loop
      vertex 6.59964 126.056 0.599999
      vertex 6.52824 125.983 0
      vertex 6.52824 125.983 0.599999
    endloop
  endfacet
  facet normal -0.552819 0.833302 0
    outer loop
      vertex 6.68556 126.113 0
      vertex 6.59964 126.056 0.599999
      vertex 6.68556 126.113 0.599999
    endloop
  endfacet
  facet normal -0.552819 0.833302 0
    outer loop
      vertex 6.59964 126.056 0.599999
      vertex 6.68556 126.113 0
      vertex 6.59964 126.056 0
    endloop
  endfacet
  facet normal -0.393072 0.919508 0
    outer loop
      vertex 6.78381 126.155 0
      vertex 6.68556 126.113 0.599999
      vertex 6.78381 126.155 0.599999
    endloop
  endfacet
  facet normal -0.393072 0.919508 0
    outer loop
      vertex 6.68556 126.113 0.599999
      vertex 6.78381 126.155 0
      vertex 6.68556 126.113 0
    endloop
  endfacet
  facet normal -0.220458 0.975396 0
    outer loop
      vertex 6.89442 126.18 0
      vertex 6.78381 126.155 0.599999
      vertex 6.89442 126.18 0.599999
    endloop
  endfacet
  facet normal -0.220458 0.975396 0
    outer loop
      vertex 6.78381 126.155 0.599999
      vertex 6.89442 126.18 0
      vertex 6.78381 126.155 0
    endloop
  endfacet
  facet normal -0.0649351 0.997889 0
    outer loop
      vertex 7.01736 126.188 0
      vertex 6.89442 126.18 0.599999
      vertex 7.01736 126.188 0.599999
    endloop
  endfacet
  facet normal -0.0649351 0.997889 0
    outer loop
      vertex 6.89442 126.18 0.599999
      vertex 7.01736 126.188 0
      vertex 6.89442 126.18 0
    endloop
  endfacet
  facet normal 0.0673183 0.997732 -0
    outer loop
      vertex 7.15075 126.179 0
      vertex 7.01736 126.188 0.599999
      vertex 7.15075 126.179 0.599999
    endloop
  endfacet
  facet normal 0.0673183 0.997732 0
    outer loop
      vertex 7.01736 126.188 0.599999
      vertex 7.15075 126.179 0
      vertex 7.01736 126.188 0
    endloop
  endfacet
  facet normal 0.226921 0.973913 -0
    outer loop
      vertex 7.26663 126.152 0
      vertex 7.15075 126.179 0.599999
      vertex 7.26663 126.152 0.599999
    endloop
  endfacet
  facet normal 0.226921 0.973913 0
    outer loop
      vertex 7.15075 126.179 0.599999
      vertex 7.26663 126.152 0
      vertex 7.15075 126.179 0
    endloop
  endfacet
  facet normal 0.408238 0.912876 -0
    outer loop
      vertex 7.36502 126.108 0
      vertex 7.26663 126.152 0.599999
      vertex 7.36502 126.108 0.599999
    endloop
  endfacet
  facet normal 0.408238 0.912876 0
    outer loop
      vertex 7.26663 126.152 0.599999
      vertex 7.36502 126.108 0
      vertex 7.26663 126.152 0
    endloop
  endfacet
  facet normal 0.608287 0.793717 -0
    outer loop
      vertex 7.44592 126.046 0
      vertex 7.36502 126.108 0.599999
      vertex 7.44592 126.046 0.599999
    endloop
  endfacet
  facet normal 0.608287 0.793717 0
    outer loop
      vertex 7.36502 126.108 0.599999
      vertex 7.44592 126.046 0
      vertex 7.36502 126.108 0
    endloop
  endfacet
  facet normal 0.777356 0.629061 0
    outer loop
      vertex 7.50904 125.968 0.599999
      vertex 7.44592 126.046 0
      vertex 7.44592 126.046 0.599999
    endloop
  endfacet
  facet normal 0.777356 0.629061 0
    outer loop
      vertex 7.44592 126.046 0
      vertex 7.50904 125.968 0.599999
      vertex 7.50904 125.968 0
    endloop
  endfacet
  facet normal 0.89399 0.448088 0
    outer loop
      vertex 7.55415 125.878 0.599999
      vertex 7.50904 125.968 0
      vertex 7.50904 125.968 0.599999
    endloop
  endfacet
  facet normal 0.89399 0.448088 0
    outer loop
      vertex 7.50904 125.968 0
      vertex 7.55415 125.878 0.599999
      vertex 7.55415 125.878 0
    endloop
  endfacet
  facet normal 0.967156 0.254184 0
    outer loop
      vertex 7.58122 125.775 0.599999
      vertex 7.55415 125.878 0
      vertex 7.55415 125.878 0.599999
    endloop
  endfacet
  facet normal 0.967156 0.254184 0
    outer loop
      vertex 7.55415 125.878 0
      vertex 7.58122 125.775 0.599999
      vertex 7.58122 125.775 0
    endloop
  endfacet
  facet normal 0.997041 0.0768659 0
    outer loop
      vertex 7.59024 125.658 0.599999
      vertex 7.58122 125.775 0
      vertex 7.58122 125.775 0.599999
    endloop
  endfacet
  facet normal 0.997041 0.0768659 0
    outer loop
      vertex 7.58122 125.775 0
      vertex 7.59024 125.658 0.599999
      vertex 7.59024 125.658 0
    endloop
  endfacet
  facet normal 0.995554 -0.0941947 0
    outer loop
      vertex 7.57917 125.541 0.599999
      vertex 7.59024 125.658 0
      vertex 7.59024 125.658 0.599999
    endloop
  endfacet
  facet normal 0.995554 -0.0941947 0
    outer loop
      vertex 7.59024 125.658 0
      vertex 7.57917 125.541 0.599999
      vertex 7.57917 125.541 0
    endloop
  endfacet
  facet normal 0.951913 -0.306368 0
    outer loop
      vertex 7.54602 125.438 0.599999
      vertex 7.57917 125.541 0
      vertex 7.57917 125.541 0.599999
    endloop
  endfacet
  facet normal 0.951913 -0.306368 0
    outer loop
      vertex 7.57917 125.541 0
      vertex 7.54602 125.438 0.599999
      vertex 7.54602 125.438 0
    endloop
  endfacet
  facet normal 0.852142 -0.52331 0
    outer loop
      vertex 7.49075 125.348 0.599999
      vertex 7.54602 125.438 0
      vertex 7.54602 125.438 0.599999
    endloop
  endfacet
  facet normal 0.852142 -0.52331 0
    outer loop
      vertex 7.54602 125.438 0
      vertex 7.49075 125.348 0.599999
      vertex 7.49075 125.348 0
    endloop
  endfacet
  facet normal 0.705364 -0.708845 0
    outer loop
      vertex 7.41337 125.271 0
      vertex 7.49075 125.348 0.599999
      vertex 7.41337 125.271 0.599999
    endloop
  endfacet
  facet normal 0.705364 -0.708845 0
    outer loop
      vertex 7.49075 125.348 0.599999
      vertex 7.41337 125.271 0
      vertex 7.49075 125.348 0
    endloop
  endfacet
  facet normal 0.530624 -0.847607 0
    outer loop
      vertex 7.31593 125.21 0
      vertex 7.41337 125.271 0.599999
      vertex 7.31593 125.21 0.599999
    endloop
  endfacet
  facet normal 0.530624 -0.847607 0
    outer loop
      vertex 7.41337 125.271 0.599999
      vertex 7.31593 125.21 0
      vertex 7.41337 125.271 0
    endloop
  endfacet
  facet normal 0.356049 -0.934467 0
    outer loop
      vertex 7.20045 125.166 0
      vertex 7.31593 125.21 0.599999
      vertex 7.20045 125.166 0.599999
    endloop
  endfacet
  facet normal 0.356049 -0.934467 0
    outer loop
      vertex 7.31593 125.21 0.599999
      vertex 7.20045 125.166 0
      vertex 7.31593 125.21 0
    endloop
  endfacet
  facet normal 0.191151 -0.981561 0
    outer loop
      vertex 7.06694 125.14 0
      vertex 7.20045 125.166 0.599999
      vertex 7.06694 125.14 0.599999
    endloop
  endfacet
  facet normal 0.191151 -0.981561 0
    outer loop
      vertex 7.20045 125.166 0.599999
      vertex 7.06694 125.14 0
      vertex 7.20045 125.166 0
    endloop
  endfacet
  facet normal 0.0592819 -0.998241 0
    outer loop
      vertex 6.91539 125.131 0
      vertex 7.06694 125.14 0.599999
      vertex 6.91539 125.131 0.599999
    endloop
  endfacet
  facet normal 0.0592819 -0.998241 0
    outer loop
      vertex 7.06694 125.14 0.599999
      vertex 6.91539 125.131 0
      vertex 7.06694 125.14 0
    endloop
  endfacet
  facet normal 0 -1 0
    outer loop
      vertex 6.70271 125.131 0
      vertex 6.91539 125.131 0.599999
      vertex 6.70271 125.131 0.599999
    endloop
  endfacet
  facet normal 0 -1 -0
    outer loop
      vertex 6.91539 125.131 0.599999
      vertex 6.70271 125.131 0
      vertex 6.91539 125.131 0
    endloop
  endfacet
  facet normal 1 -0 0
    outer loop
      vertex 6.70271 124.793 0.599999
      vertex 6.70271 125.131 0
      vertex 6.70271 125.131 0.599999
    endloop
  endfacet
  facet normal 1 0 0
    outer loop
      vertex 6.70271 125.131 0
      vertex 6.70271 124.793 0.599999
      vertex 6.70271 124.793 0
    endloop
  endfacet
  facet normal 0 1 -0
    outer loop
      vertex 6.92405 124.793 0
      vertex 6.70271 124.793 0.599999
      vertex 6.92405 124.793 0.599999
    endloop
  endfacet
  facet normal 0 1 0
    outer loop
      vertex 6.70271 124.793 0.599999
      vertex 6.92405 124.793 0
      vertex 6.70271 124.793 0
    endloop
  endfacet
  facet normal 0.0526971 0.998611 -0
    outer loop
      vertex 7.0946 124.784 0
      vertex 6.92405 124.793 0.599999
      vertex 7.0946 124.784 0.599999
    endloop
  endfacet
  facet normal 0.0526971 0.998611 0
    outer loop
      vertex 6.92405 124.793 0.599999
      vertex 7.0946 124.784 0
      vertex 6.92405 124.793 0
    endloop
  endfacet
  facet normal 0.171609 0.985165 -0
    outer loop
      vertex 7.24386 124.758 0
      vertex 7.0946 124.784 0.599999
      vertex 7.24386 124.758 0.599999
    endloop
  endfacet
  facet normal 0.171609 0.985165 0
    outer loop
      vertex 7.0946 124.784 0.599999
      vertex 7.24386 124.758 0
      vertex 7.0946 124.784 0
    endloop
  endfacet
  facet normal 0.325171 0.945655 -0
    outer loop
      vertex 7.37182 124.714 0
      vertex 7.24386 124.758 0.599999
      vertex 7.37182 124.714 0.599999
    endloop
  endfacet
  facet normal 0.325171 0.945655 0
    outer loop
      vertex 7.24386 124.758 0.599999
      vertex 7.37182 124.714 0
      vertex 7.24386 124.758 0
    endloop
  endfacet
  facet normal 0.496454 0.868063 -0
    outer loop
      vertex 7.47848 124.653 0
      vertex 7.37182 124.714 0.599999
      vertex 7.47848 124.653 0.599999
    endloop
  endfacet
  facet normal 0.496454 0.868063 0
    outer loop
      vertex 7.37182 124.714 0.599999
      vertex 7.47848 124.653 0
      vertex 7.37182 124.714 0
    endloop
  endfacet
  facet normal 0.675637 0.737234 -0
    outer loop
      vertex 7.5625 124.576 0
      vertex 7.47848 124.653 0.599999
      vertex 7.5625 124.576 0.599999
    endloop
  endfacet
  facet normal 0.675637 0.737234 0
    outer loop
      vertex 7.47848 124.653 0.599999
      vertex 7.5625 124.576 0
      vertex 7.47848 124.653 0
    endloop
  endfacet
  facet normal 0.83482 0.550523 0
    outer loop
      vertex 7.62251 124.485 0.599999
      vertex 7.5625 124.576 0
      vertex 7.5625 124.576 0.599999
    endloop
  endfacet
  facet normal 0.83482 0.550523 0
    outer loop
      vertex 7.5625 124.576 0
      vertex 7.62251 124.485 0.599999
      vertex 7.62251 124.485 0
    endloop
  endfacet
  facet normal 0.944958 0.327192 0
    outer loop
      vertex 7.65852 124.381 0.599999
      vertex 7.62251 124.485 0
      vertex 7.62251 124.485 0.599999
    endloop
  endfacet
  facet normal 0.944958 0.327192 0
    outer loop
      vertex 7.62251 124.485 0
      vertex 7.65852 124.381 0.599999
      vertex 7.65852 124.381 0
    endloop
  endfacet
  facet normal 0.994877 0.10109 0
    outer loop
      vertex 7.67051 124.263 0.599999
      vertex 7.65852 124.381 0
      vertex 7.65852 124.381 0.599999
    endloop
  endfacet
  facet normal 0.994877 0.10109 0
    outer loop
      vertex 7.65852 124.381 0
      vertex 7.67051 124.263 0.599999
      vertex 7.67051 124.263 0
    endloop
  endfacet
  facet normal 0.99695 -0.0780448 0
    outer loop
      vertex 7.66002 124.129 0.599999
      vertex 7.67051 124.263 0
      vertex 7.67051 124.263 0.599999
    endloop
  endfacet
  facet normal 0.99695 -0.0780448 0
    outer loop
      vertex 7.67051 124.263 0
      vertex 7.66002 124.129 0.599999
      vertex 7.66002 124.129 0
    endloop
  endfacet
  facet normal 0.965533 -0.260281 0
    outer loop
      vertex 7.62848 124.012 0.599999
      vertex 7.66002 124.129 0
      vertex 7.66002 124.129 0.599999
    endloop
  endfacet
  facet normal 0.965533 -0.260281 0
    outer loop
      vertex 7.66002 124.129 0
      vertex 7.62848 124.012 0.599999
      vertex 7.62848 124.012 0
    endloop
  endfacet
  facet normal 0.883203 -0.46899 0
    outer loop
      vertex 7.57591 123.913 0.599999
      vertex 7.62848 124.012 0
      vertex 7.62848 124.012 0.599999
    endloop
  endfacet
  facet normal 0.883203 -0.46899 0
    outer loop
      vertex 7.62848 124.012 0
      vertex 7.57591 123.913 0.599999
      vertex 7.57591 123.913 0
    endloop
  endfacet
  facet normal 0.744286 -0.667861 0
    outer loop
      vertex 7.50233 123.831 0.599999
      vertex 7.57591 123.913 0
      vertex 7.57591 123.913 0.599999
    endloop
  endfacet
  facet normal 0.744286 -0.667861 0
    outer loop
      vertex 7.57591 123.913 0
      vertex 7.50233 123.831 0.599999
      vertex 7.50233 123.831 0
    endloop
  endfacet
  facet normal 0.564964 -0.825116 0
    outer loop
      vertex 7.41032 123.768 0
      vertex 7.50233 123.831 0.599999
      vertex 7.41032 123.768 0.599999
    endloop
  endfacet
  facet normal 0.564964 -0.825116 0
    outer loop
      vertex 7.50233 123.831 0.599999
      vertex 7.41032 123.768 0
      vertex 7.50233 123.831 0
    endloop
  endfacet
  facet normal 0.3922 -0.91988 0
    outer loop
      vertex 7.30243 123.722 0
      vertex 7.41032 123.768 0.599999
      vertex 7.30243 123.722 0.599999
    endloop
  endfacet
  facet normal 0.3922 -0.91988 0
    outer loop
      vertex 7.41032 123.768 0.599999
      vertex 7.30243 123.722 0
      vertex 7.41032 123.768 0
    endloop
  endfacet
  facet normal 0.213167 -0.977016 0
    outer loop
      vertex 7.17868 123.695 0
      vertex 7.30243 123.722 0.599999
      vertex 7.17868 123.695 0.599999
    endloop
  endfacet
  facet normal 0.213167 -0.977016 0
    outer loop
      vertex 7.30243 123.722 0.599999
      vertex 7.17868 123.695 0
      vertex 7.30243 123.722 0
    endloop
  endfacet
  facet normal 0.0643272 -0.997929 0
    outer loop
      vertex 7.03906 123.686 0
      vertex 7.17868 123.695 0.599999
      vertex 7.03906 123.686 0.599999
    endloop
  endfacet
  facet normal 0.0643272 -0.997929 0
    outer loop
      vertex 7.17868 123.695 0.599999
      vertex 7.03906 123.686 0
      vertex 7.17868 123.695 0
    endloop
  endfacet
  facet normal -0.128615 -0.991695 0
    outer loop
      vertex 6.7769 123.72 0
      vertex 7.03906 123.686 0.599999
      vertex 6.7769 123.72 0.599999
    endloop
  endfacet
  facet normal -0.128615 -0.991695 -0
    outer loop
      vertex 7.03906 123.686 0.599999
      vertex 6.7769 123.72 0
      vertex 7.03906 123.686 0
    endloop
  endfacet
  facet normal -0.457208 -0.88936 0
    outer loop
      vertex 6.57849 123.822 0
      vertex 6.7769 123.72 0.599999
      vertex 6.57849 123.822 0.599999
    endloop
  endfacet
  facet normal -0.457208 -0.88936 -0
    outer loop
      vertex 6.7769 123.72 0.599999
      vertex 6.57849 123.822 0
      vertex 6.7769 123.72 0
    endloop
  endfacet
  facet normal -0.782041 -0.623227 0
    outer loop
      vertex 6.57849 123.822 0
      vertex 6.44381 123.991 0.599999
      vertex 6.44381 123.991 0
    endloop
  endfacet
  facet normal -0.782041 -0.623227 0
    outer loop
      vertex 6.44381 123.991 0.599999
      vertex 6.57849 123.822 0
      vertex 6.57849 123.822 0.599999
    endloop
  endfacet
  facet normal -0.958026 -0.28668 0
    outer loop
      vertex 6.44381 123.991 0
      vertex 6.37289 124.228 0.599999
      vertex 6.37289 124.228 0
    endloop
  endfacet
  facet normal -0.958026 -0.28668 0
    outer loop
      vertex 6.37289 124.228 0.599999
      vertex 6.44381 123.991 0
      vertex 6.44381 123.991 0.599999
    endloop
  endfacet
  facet normal 0.0888314 -0.996047 0
    outer loop
      vertex 5.96923 124.192 0
      vertex 6.37289 124.228 0.599999
      vertex 5.96923 124.192 0.599999
    endloop
  endfacet
  facet normal 0.0888314 -0.996047 0
    outer loop
      vertex 6.37289 124.228 0.599999
      vertex 5.96923 124.192 0
      vertex 6.37289 124.228 0
    endloop
  endfacet
  facet normal 0.9791 0.203379 0
    outer loop
      vertex 6.00932 123.999 0.599999
      vertex 5.96923 124.192 0
      vertex 5.96923 124.192 0.599999
    endloop
  endfacet
  facet normal 0.9791 0.203379 0
    outer loop
      vertex 5.96923 124.192 0
      vertex 6.00932 123.999 0.599999
      vertex 6.00932 123.999 0
    endloop
  endfacet
  facet normal 0.925854 0.377881 0
    outer loop
      vertex 6.07748 123.832 0.599999
      vertex 6.00932 123.999 0
      vertex 6.00932 123.999 0.599999
    endloop
  endfacet
  facet normal 0.925854 0.377881 0
    outer loop
      vertex 6.00932 123.999 0
      vertex 6.07748 123.832 0.599999
      vertex 6.07748 123.832 0
    endloop
  endfacet
  facet normal 0.829668 0.558257 0
    outer loop
      vertex 6.1737 123.689 0.599999
      vertex 6.07748 123.832 0
      vertex 6.07748 123.832 0.599999
    endloop
  endfacet
  facet normal 0.829668 0.558257 0
    outer loop
      vertex 6.07748 123.832 0
      vertex 6.1737 123.689 0.599999
      vertex 6.1737 123.689 0
    endloop
  endfacet
  facet normal 0.685401 0.728166 -0
    outer loop
      vertex 6.298 123.572 0
      vertex 6.1737 123.689 0.599999
      vertex 6.298 123.572 0.599999
    endloop
  endfacet
  facet normal 0.685401 0.728166 0
    outer loop
      vertex 6.1737 123.689 0.599999
      vertex 6.298 123.572 0
      vertex 6.1737 123.689 0
    endloop
  endfacet
  facet normal 0.522651 0.852547 -0
    outer loop
      vertex 6.44807 123.48 0
      vertex 6.298 123.572 0.599999
      vertex 6.44807 123.48 0.599999
    endloop
  endfacet
  facet normal 0.522651 0.852547 0
    outer loop
      vertex 6.298 123.572 0.599999
      vertex 6.44807 123.48 0
      vertex 6.298 123.572 0
    endloop
  endfacet
  facet normal 0.350757 0.936467 -0
    outer loop
      vertex 6.62161 123.415 0
      vertex 6.44807 123.48 0.599999
      vertex 6.62161 123.415 0.599999
    endloop
  endfacet
  facet normal 0.350757 0.936467 0
    outer loop
      vertex 6.44807 123.48 0.599999
      vertex 6.62161 123.415 0
      vertex 6.44807 123.48 0
    endloop
  endfacet
  facet normal 0.19421 0.98096 -0
    outer loop
      vertex 6.8186 123.376 0
      vertex 6.62161 123.415 0.599999
      vertex 6.8186 123.376 0.599999
    endloop
  endfacet
  facet normal 0.19421 0.98096 0
    outer loop
      vertex 6.62161 123.415 0.599999
      vertex 6.8186 123.376 0
      vertex 6.62161 123.415 0
    endloop
  endfacet
  facet normal 0.0588654 0.998266 -0
    outer loop
      vertex 7.03906 123.363 0
      vertex 6.8186 123.376 0.599999
      vertex 7.03906 123.363 0.599999
    endloop
  endfacet
  facet normal 0.0588654 0.998266 0
    outer loop
      vertex 6.8186 123.376 0.599999
      vertex 7.03906 123.363 0
      vertex 6.8186 123.376 0
    endloop
  endfacet
  facet normal -0.0594237 0.998233 0
    outer loop
      vertex 7.27424 123.377 0
      vertex 7.03906 123.363 0.599999
      vertex 7.27424 123.377 0.599999
    endloop
  endfacet
  facet normal -0.0594237 0.998233 0
    outer loop
      vertex 7.03906 123.363 0.599999
      vertex 7.27424 123.377 0
      vertex 7.03906 123.363 0
    endloop
  endfacet
  facet normal 1 -0 0
    outer loop
      vertex 11.6 141 9.2
      vertex 11.6 167.7 0
      vertex 11.6 167.7 9.2
    endloop
  endfacet
  facet normal 1 0 0
    outer loop
      vertex 11.6 167.7 0
      vertex 11.6 141 9.2
      vertex 11.6 141 0
    endloop
  endfacet
  facet normal 0 1 -0
    outer loop
      vertex 11.6 167.7 0
      vertex -1.6 167.7 9.2
      vertex 11.6 167.7 9.2
    endloop
  endfacet
  facet normal 0 1 0
    outer loop
      vertex -1.6 167.7 9.2
      vertex 11.6 167.7 0
      vertex -1.6 167.7 0
    endloop
  endfacet
  facet normal 0 -1 0
    outer loop
      vertex 0 141 0
      vertex 11.6 141 9.2
      vertex 0 141 9.2
    endloop
  endfacet
  facet normal 0 -1 -0
    outer loop
      vertex 11.6 141 9.2
      vertex 0 141 0
      vertex 11.6 141 0
    endloop
  endfacet
  facet normal -1 0 0
    outer loop
      vertex 10.01 142.6 1.2
      vertex 10.01 166.1 9.2
      vertex 10.01 166.1 1.2
    endloop
  endfacet
  facet normal -1 -0 0
    outer loop
      vertex 10.01 166.1 9.2
      vertex 10.01 142.6 1.2
      vertex 10.01 142.6 9.2
    endloop
  endfacet
  facet normal -0 0 1
    outer loop
      vertex 0 166.1 1.2
      vertex 10.01 142.6 1.2
      vertex 10.01 166.1 1.2
    endloop
  endfacet
  facet normal 0 0 1
    outer loop
      vertex 10.01 142.6 1.2
      vertex 0 166.1 1.2
      vertex 0 142.6 1.2
    endloop
  endfacet
  facet normal 0 -1 0
    outer loop
      vertex 0 166.1 1.2
      vertex 10.01 166.1 9.2
      vertex 0 166.1 9.2
    endloop
  endfacet
  facet normal 0 -1 -0
    outer loop
      vertex 10.01 166.1 9.2
      vertex 0 166.1 1.2
      vertex 10.01 166.1 1.2
    endloop
  endfacet
  facet normal 0 1 -0
    outer loop
      vertex 10.01 142.6 1.2
      vertex 0 142.6 9.2
      vertex 10.01 142.6 9.2
    endloop
  endfacet
  facet normal 0 1 0
    outer loop
      vertex 0 142.6 9.2
      vertex 10.01 142.6 1.2
      vertex 0 142.6 1.2
    endloop
  endfacet
  facet normal 0 0 -1
    outer loop
      vertex 5.85015 153.579 0.599999
      vertex 6.26645 153.7 0.599999
      vertex 6.24963 153.501 0.599999
    endloop
  endfacet
  facet normal 0 0 -1
    outer loop
      vertex 6.26645 153.7 0.599999
      vertex 5.86065 153.713 0.599999
      vertex 6.25451 153.84 0.599999
    endloop
  endfacet
  facet normal 0 0 -1
    outer loop
      vertex 5.85015 153.579 0.599999
      vertex 6.24963 153.501 0.599999
      vertex 6.19918 153.325 0.599999
    endloop
  endfacet
  facet normal 0 0 -1
    outer loop
      vertex 5.84866 153.831 0.599999
      vertex 6.25451 153.84 0.599999
      vertex 5.86065 153.713 0.599999
    endloop
  endfacet
  facet normal 0 0 -1
    outer loop
      vertex 5.81861 153.462 0.599999
      vertex 6.19918 153.325 0.599999
      vertex 6.11509 153.173 0.599999
    endloop
  endfacet
  facet normal -0 0 -1
    outer loop
      vertex 6.25451 153.84 0.599999
      vertex 5.84866 153.831 0.599999
      vertex 6.21872 153.968 0.599999
    endloop
  endfacet
  facet normal 0 0 -1
    outer loop
      vertex 5.76606 153.363 0.599999
      vertex 6.11509 153.173 0.599999
      vertex 5.99737 153.045 0.599999
    endloop
  endfacet
  facet normal -0 0 -1
    outer loop
      vertex 6.26645 153.7 0.599999
      vertex 5.85015 153.579 0.599999
      vertex 5.86065 153.713 0.599999
    endloop
  endfacet
  facet normal 0 0 -1
    outer loop
      vertex 5.81265 153.935 0.599999
      vertex 6.15902 154.083 0.599999
      vertex 5.84866 153.831 0.599999
    endloop
  endfacet
  facet normal -0 0 -1
    outer loop
      vertex 6.21872 153.968 0.599999
      vertex 5.84866 153.831 0.599999
      vertex 6.15902 154.083 0.599999
    endloop
  endfacet
  facet normal 0 0 -1
    outer loop
      vertex 5.69249 153.281 0.599999
      vertex 5.99737 153.045 0.599999
      vertex 5.84846 152.943 0.599999
    endloop
  endfacet
  facet normal 0 0 -1
    outer loop
      vertex 6.19918 153.325 0.599999
      vertex 5.81861 153.462 0.599999
      vertex 5.85015 153.579 0.599999
    endloop
  endfacet
  facet normal 0 0 -1
    outer loop
      vertex 6.11509 153.173 0.599999
      vertex 5.76606 153.363 0.599999
      vertex 5.81861 153.462 0.599999
    endloop
  endfacet
  facet normal 0 0 -1
    outer loop
      vertex 5.99737 153.045 0.599999
      vertex 5.69249 153.281 0.599999
      vertex 5.76606 153.363 0.599999
    endloop
  endfacet
  facet normal 0 0 -1
    outer loop
      vertex 5.60048 153.218 0.599999
      vertex 5.84846 152.943 0.599999
      vertex 5.67082 152.871 0.599999
    endloop
  endfacet
  facet normal 0 0 -1
    outer loop
      vertex 5.84846 152.943 0.599999
      vertex 5.60048 153.218 0.599999
      vertex 5.69249 153.281 0.599999
    endloop
  endfacet
  facet normal 0 0 -1
    outer loop
      vertex 5.67082 152.871 0.599999
      vertex 5.49258 153.172 0.599999
      vertex 5.60048 153.218 0.599999
    endloop
  endfacet
  facet normal 0 0 -1
    outer loop
      vertex 5.4644 152.827 0.599999
      vertex 5.49258 153.172 0.599999
      vertex 5.67082 152.871 0.599999
    endloop
  endfacet
  facet normal 0 0 -1
    outer loop
      vertex 5.4644 152.827 0.599999
      vertex 5.36883 153.145 0.599999
      vertex 5.49258 153.172 0.599999
    endloop
  endfacet
  facet normal 0 0 -1
    outer loop
      vertex 5.22921 152.813 0.599999
      vertex 5.36883 153.145 0.599999
      vertex 5.4644 152.827 0.599999
    endloop
  endfacet
  facet normal 0 0 -1
    outer loop
      vertex 5.22921 152.813 0.599999
      vertex 5.22921 153.136 0.599999
      vertex 5.36883 153.145 0.599999
    endloop
  endfacet
  facet normal 0 0 -1
    outer loop
      vertex 5.00875 152.826 0.599999
      vertex 5.22921 153.136 0.599999
      vertex 5.22921 152.813 0.599999
    endloop
  endfacet
  facet normal 0 0 -1
    outer loop
      vertex 5.00875 152.826 0.599999
      vertex 4.96705 153.17 0.599999
      vertex 5.22921 153.136 0.599999
    endloop
  endfacet
  facet normal 0 0 -1
    outer loop
      vertex 4.81176 152.865 0.599999
      vertex 4.96705 153.17 0.599999
      vertex 5.00875 152.826 0.599999
    endloop
  endfacet
  facet normal 0 0 -1
    outer loop
      vertex 4.81176 152.865 0.599999
      vertex 4.76864 153.272 0.599999
      vertex 4.96705 153.17 0.599999
    endloop
  endfacet
  facet normal 0 0 -1
    outer loop
      vertex 4.63823 152.93 0.599999
      vertex 4.76864 153.272 0.599999
      vertex 4.81176 152.865 0.599999
    endloop
  endfacet
  facet normal 0 0 -1
    outer loop
      vertex 4.48817 153.022 0.599999
      vertex 4.76864 153.272 0.599999
      vertex 4.63823 152.93 0.599999
    endloop
  endfacet
  facet normal 0 0 -1
    outer loop
      vertex 4.36386 153.139 0.599999
      vertex 4.76864 153.272 0.599999
      vertex 4.48817 153.022 0.599999
    endloop
  endfacet
  facet normal -0 0 -1
    outer loop
      vertex 4.76864 153.272 0.599999
      vertex 4.36386 153.139 0.599999
      vertex 4.63397 153.441 0.599999
    endloop
  endfacet
  facet normal 0 0 -1
    outer loop
      vertex 4.26764 153.282 0.599999
      vertex 4.63397 153.441 0.599999
      vertex 4.36386 153.139 0.599999
    endloop
  endfacet
  facet normal 0 0 -1
    outer loop
      vertex 4.19947 153.449 0.599999
      vertex 4.63397 153.441 0.599999
      vertex 4.26764 153.282 0.599999
    endloop
  endfacet
  facet normal 0 0 -1
    outer loop
      vertex 4.63397 153.441 0.599999
      vertex 4.19947 153.449 0.599999
      vertex 4.56305 153.678 0.599999
    endloop
  endfacet
  facet normal 0 0 -1
    outer loop
      vertex 4.56305 153.678 0.599999
      vertex 4.19947 153.449 0.599999
      vertex 4.15939 153.642 0.599999
    endloop
  endfacet
  facet normal -0 0 -1
    outer loop
      vertex 6.15902 154.083 0.599999
      vertex 5.81265 153.935 0.599999
      vertex 6.07548 154.186 0.599999
    endloop
  endfacet
  facet normal 0 0 -1
    outer loop
      vertex 5.75265 154.026 0.599999
      vertex 6.07548 154.186 0.599999
      vertex 5.81265 153.935 0.599999
    endloop
  endfacet
  facet normal -0 0 -1
    outer loop
      vertex 6.07548 154.186 0.599999
      vertex 5.75265 154.026 0.599999
      vertex 5.97052 154.273 0.599999
    endloop
  endfacet
  facet normal -0 0 -1
    outer loop
      vertex 5.97052 154.273 0.599999
      vertex 5.75265 154.026 0.599999
      vertex 5.84655 154.34 0.599999
    endloop
  endfacet
  facet normal 0 0 -1
    outer loop
      vertex 5.66864 154.103 0.599999
      vertex 5.84655 154.34 0.599999
      vertex 5.75265 154.026 0.599999
    endloop
  endfacet
  facet normal -0 0 -1
    outer loop
      vertex 5.84655 154.34 0.599999
      vertex 5.66864 154.103 0.599999
      vertex 5.70362 154.388 0.599999
    endloop
  endfacet
  facet normal 0 0 -1
    outer loop
      vertex 5.56198 154.164 0.599999
      vertex 5.70362 154.388 0.599999
      vertex 5.66864 154.103 0.599999
    endloop
  endfacet
  facet normal 0 0 -1
    outer loop
      vertex 5.56198 154.164 0.599999
      vertex 5.5417 154.416 0.599999
      vertex 5.70362 154.388 0.599999
    endloop
  endfacet
  facet normal 0 0 -1
    outer loop
      vertex 5.25709 154.59 0.599999
      vertex 5.5417 154.425 0.599999
      vertex 5.5417 154.416 0.599999
    endloop
  endfacet
  facet normal 0 0 -1
    outer loop
      vertex 5.43402 154.208 0.599999
      vertex 5.5417 154.416 0.599999
      vertex 5.56198 154.164 0.599999
    endloop
  endfacet
  facet normal 0 0 -1
    outer loop
      vertex 5.28477 154.234 0.599999
      vertex 5.5417 154.416 0.599999
      vertex 5.43402 154.208 0.599999
    endloop
  endfacet
  facet normal 0 0 -1
    outer loop
      vertex 5.5417 154.425 0.599999
      vertex 5.39061 154.616 0.599999
      vertex 5.50608 154.66 0.599999
    endloop
  endfacet
  facet normal 0 0 -1
    outer loop
      vertex 5.25709 154.59 0.599999
      vertex 5.5417 154.416 0.599999
      vertex 5.28477 154.234 0.599999
    endloop
  endfacet
  facet normal 0 0 -1
    outer loop
      vertex 5.5417 154.425 0.599999
      vertex 5.25709 154.59 0.599999
      vertex 5.39061 154.616 0.599999
    endloop
  endfacet
  facet normal 0 0 -1
    outer loop
      vertex 5.11421 154.243 0.599999
      vertex 5.25709 154.59 0.599999
      vertex 5.28477 154.234 0.599999
    endloop
  endfacet
  facet normal 0 0 -1
    outer loop
      vertex 5.11421 154.243 0.599999
      vertex 5.10554 154.581 0.599999
      vertex 5.25709 154.59 0.599999
    endloop
  endfacet
  facet normal 0 0 -1
    outer loop
      vertex 4.89286 154.243 0.599999
      vertex 5.10554 154.581 0.599999
      vertex 5.11421 154.243 0.599999
    endloop
  endfacet
  facet normal -0 0 -1
    outer loop
      vertex 5.10554 154.581 0.599999
      vertex 4.89286 154.243 0.599999
      vertex 4.89286 154.581 0.599999
    endloop
  endfacet
  facet normal 0 0 -1
    outer loop
      vertex 5.78039 155.108 0.599999
      vertex 6.18185 155.15 0.599999
      vertex 6.17161 155.01 0.599999
    endloop
  endfacet
  facet normal 0 0 -1
    outer loop
      vertex 5.76933 154.991 0.599999
      vertex 6.17161 155.01 0.599999
      vertex 6.14088 154.884 0.599999
    endloop
  endfacet
  facet normal 0 0 -1
    outer loop
      vertex 5.77137 155.225 0.599999
      vertex 6.18185 155.15 0.599999
      vertex 5.78039 155.108 0.599999
    endloop
  endfacet
  facet normal 0 0 -1
    outer loop
      vertex 5.76933 154.991 0.599999
      vertex 6.14088 154.884 0.599999
      vertex 6.08969 154.772 0.599999
    endloop
  endfacet
  facet normal 0 0 -1
    outer loop
      vertex 6.18185 155.15 0.599999
      vertex 5.77137 155.225 0.599999
      vertex 6.1659 155.33 0.599999
    endloop
  endfacet
  facet normal 0 0 -1
    outer loop
      vertex 5.73617 154.888 0.599999
      vertex 6.08969 154.772 0.599999
      vertex 6.018 154.673 0.599999
    endloop
  endfacet
  facet normal 0 0 -1
    outer loop
      vertex 5.7443 155.328 0.599999
      vertex 6.1659 155.33 0.599999
      vertex 5.77137 155.225 0.599999
    endloop
  endfacet
  facet normal 0 0 -1
    outer loop
      vertex 5.73617 154.888 0.599999
      vertex 6.018 154.673 0.599999
      vertex 5.9268 154.589 0.599999
    endloop
  endfacet
  facet normal 0 0 -1
    outer loop
      vertex 5.6809 154.798 0.599999
      vertex 5.9268 154.589 0.599999
      vertex 5.817 154.52 0.599999
    endloop
  endfacet
  facet normal -0 0 -1
    outer loop
      vertex 6.1659 155.33 0.599999
      vertex 5.7443 155.328 0.599999
      vertex 6.1181 155.49 0.599999
    endloop
  endfacet
  facet normal -0 0 -1
    outer loop
      vertex 6.1181 155.49 0.599999
      vertex 5.7443 155.328 0.599999
      vertex 6.03842 155.628 0.599999
    endloop
  endfacet
  facet normal -0 0 -1
    outer loop
      vertex 6.17161 155.01 0.599999
      vertex 5.76933 154.991 0.599999
      vertex 5.78039 155.108 0.599999
    endloop
  endfacet
  facet normal 0 0 -1
    outer loop
      vertex 6.08969 154.772 0.599999
      vertex 5.73617 154.888 0.599999
      vertex 5.76933 154.991 0.599999
    endloop
  endfacet
  facet normal 0 0 -1
    outer loop
      vertex 5.60353 154.721 0.599999
      vertex 5.817 154.52 0.599999
      vertex 5.68866 154.465 0.599999
    endloop
  endfacet
  facet normal 0 0 -1
    outer loop
      vertex 5.9268 154.589 0.599999
      vertex 5.6809 154.798 0.599999
      vertex 5.73617 154.888 0.599999
    endloop
  endfacet
  facet normal 0 0 -1
    outer loop
      vertex 5.817 154.52 0.599999
      vertex 5.60353 154.721 0.599999
      vertex 5.6809 154.798 0.599999
    endloop
  endfacet
  facet normal 0 0 -1
    outer loop
      vertex 5.50608 154.66 0.599999
      vertex 5.68866 154.465 0.599999
      vertex 5.5417 154.425 0.599999
    endloop
  endfacet
  facet normal 0 0 -1
    outer loop
      vertex 5.68866 154.465 0.599999
      vertex 5.50608 154.66 0.599999
      vertex 5.60353 154.721 0.599999
    endloop
  endfacet
  facet normal 0 0 -1
    outer loop
      vertex 5.69921 155.418 0.599999
      vertex 6.03842 155.628 0.599999
      vertex 5.7443 155.328 0.599999
    endloop
  endfacet
  facet normal -0 0 -1
    outer loop
      vertex 6.03842 155.628 0.599999
      vertex 5.69921 155.418 0.599999
      vertex 5.92686 155.745 0.599999
    endloop
  endfacet
  facet normal 0 0 -1
    outer loop
      vertex 5.63607 155.496 0.599999
      vertex 5.92686 155.745 0.599999
      vertex 5.69921 155.418 0.599999
    endloop
  endfacet
  facet normal -0 0 -1
    outer loop
      vertex 5.92686 155.745 0.599999
      vertex 5.63607 155.496 0.599999
      vertex 5.78657 155.839 0.599999
    endloop
  endfacet
  facet normal 0 0 -1
    outer loop
      vertex 5.55517 155.558 0.599999
      vertex 5.78657 155.839 0.599999
      vertex 5.63607 155.496 0.599999
    endloop
  endfacet
  facet normal -0 0 -1
    outer loop
      vertex 5.78657 155.839 0.599999
      vertex 5.55517 155.558 0.599999
      vertex 5.62063 155.906 0.599999
    endloop
  endfacet
  facet normal 0 0 -1
    outer loop
      vertex 5.45678 155.602 0.599999
      vertex 5.62063 155.906 0.599999
      vertex 5.55517 155.558 0.599999
    endloop
  endfacet
  facet normal 0 0 -1
    outer loop
      vertex 5.45678 155.602 0.599999
      vertex 5.42906 155.946 0.599999
      vertex 5.62063 155.906 0.599999
    endloop
  endfacet
  facet normal 0 0 -1
    outer loop
      vertex 5.34091 155.629 0.599999
      vertex 5.42906 155.946 0.599999
      vertex 5.45678 155.602 0.599999
    endloop
  endfacet
  facet normal 0 0 -1
    outer loop
      vertex 5.34091 155.629 0.599999
      vertex 5.21185 155.959 0.599999
      vertex 5.42906 155.946 0.599999
    endloop
  endfacet
  facet normal 0 0 -1
    outer loop
      vertex 5.20753 155.638 0.599999
      vertex 5.21185 155.959 0.599999
      vertex 5.34091 155.629 0.599999
    endloop
  endfacet
  facet normal 0 0 -1
    outer loop
      vertex 5.08458 155.63 0.599999
      vertex 5.21185 155.959 0.599999
      vertex 5.20753 155.638 0.599999
    endloop
  endfacet
  facet normal 0 0 -1
    outer loop
      vertex 5.08458 155.63 0.599999
      vertex 5.01092 155.946 0.599999
      vertex 5.21185 155.959 0.599999
    endloop
  endfacet
  facet normal 0 0 -1
    outer loop
      vertex 4.97396 155.605 0.599999
      vertex 5.01092 155.946 0.599999
      vertex 5.08458 155.63 0.599999
    endloop
  endfacet
  facet normal 0 0 -1
    outer loop
      vertex 4.82913 155.906 0.599999
      vertex 4.97396 155.605 0.599999
      vertex 4.87571 155.563 0.599999
    endloop
  endfacet
  facet normal 0 0 -1
    outer loop
      vertex 4.97396 155.605 0.599999
      vertex 4.82913 155.906 0.599999
      vertex 5.01092 155.946 0.599999
    endloop
  endfacet
  facet normal 0 0 -1
    outer loop
      vertex 4.66644 155.841 0.599999
      vertex 4.87571 155.563 0.599999
      vertex 4.78979 155.506 0.599999
    endloop
  endfacet
  facet normal 0 0 -1
    outer loop
      vertex 4.52288 155.749 0.599999
      vertex 4.78979 155.506 0.599999
      vertex 4.7184 155.433 0.599999
    endloop
  endfacet
  facet normal 0 0 -1
    outer loop
      vertex 4.87571 155.563 0.599999
      vertex 4.66644 155.841 0.599999
      vertex 4.82913 155.906 0.599999
    endloop
  endfacet
  facet normal 0 0 -1
    outer loop
      vertex 4.40292 155.633 0.599999
      vertex 4.7184 155.433 0.599999
      vertex 4.66366 155.346 0.599999
    endloop
  endfacet
  facet normal 0 0 -1
    outer loop
      vertex 4.31103 155.497 0.599999
      vertex 4.66366 155.346 0.599999
      vertex 4.62562 155.246 0.599999
    endloop
  endfacet
  facet normal 0 0 -1
    outer loop
      vertex 4.24722 155.34 0.599999
      vertex 4.62562 155.246 0.599999
      vertex 4.60426 155.132 0.599999
    endloop
  endfacet
  facet normal 0 0 -1
    outer loop
      vertex 4.78979 155.506 0.599999
      vertex 4.52288 155.749 0.599999
      vertex 4.66644 155.841 0.599999
    endloop
  endfacet
  facet normal 0 0 -1
    outer loop
      vertex 4.7184 155.433 0.599999
      vertex 4.40292 155.633 0.599999
      vertex 4.52288 155.749 0.599999
    endloop
  endfacet
  facet normal 0 0 -1
    outer loop
      vertex 4.66366 155.346 0.599999
      vertex 4.31103 155.497 0.599999
      vertex 4.40292 155.633 0.599999
    endloop
  endfacet
  facet normal 0 0 -1
    outer loop
      vertex 4.62562 155.246 0.599999
      vertex 4.24722 155.34 0.599999
      vertex 4.31103 155.497 0.599999
    endloop
  endfacet
  facet normal 0 -0 -1
    outer loop
      vertex 4.24722 155.34 0.599999
      vertex 4.60426 155.132 0.599999
      vertex 4.2115 155.163 0.599999
    endloop
  endfacet
  facet normal 0 0 -1
    outer loop
      vertex 3.82443 152.856 0.599999
      vertex 2.22949 153.188 0.599999
      vertex 3.82443 153.188 0.599999
    endloop
  endfacet
  facet normal 0 0 -1
    outer loop
      vertex 2.3735 153.423 0.599999
      vertex 2.06997 153.58 0.599999
      vertex 2.15074 153.674 0.599999
    endloop
  endfacet
  facet normal 0 0 -1
    outer loop
      vertex 2.26719 153.265 0.599999
      vertex 1.99328 153.479 0.599999
      vertex 2.06997 153.58 0.599999
    endloop
  endfacet
  facet normal 0 0 -1
    outer loop
      vertex 2.26719 153.265 0.599999
      vertex 1.9227 153.371 0.599999
      vertex 1.99328 153.479 0.599999
    endloop
  endfacet
  facet normal 0 0 -1
    outer loop
      vertex 2.22949 153.188 0.599999
      vertex 1.8582 153.255 0.599999
      vertex 1.9227 153.371 0.599999
    endloop
  endfacet
  facet normal 0 0 -1
    outer loop
      vertex 1.79982 152.856 0.599999
      vertex 2.22949 153.188 0.599999
      vertex 3.82443 152.856 0.599999
    endloop
  endfacet
  facet normal 0 0 -1
    outer loop
      vertex 1.79982 153.132 0.599999
      vertex 2.22949 153.188 0.599999
      vertex 1.79982 152.856 0.599999
    endloop
  endfacet
  facet normal -0 0 -1
    outer loop
      vertex 2.22949 153.188 0.599999
      vertex 1.79982 153.132 0.599999
      vertex 1.8582 153.255 0.599999
    endloop
  endfacet
  facet normal 0 0 -1
    outer loop
      vertex 3.37524 155.108 0.599999
      vertex 3.77668 155.121 0.599999
      vertex 3.7716 155.033 0.599999
    endloop
  endfacet
  facet normal 0 0 -1
    outer loop
      vertex 3.36988 155.018 0.599999
      vertex 3.7716 155.033 0.599999
      vertex 3.75634 154.944 0.599999
    endloop
  endfacet
  facet normal 0 0 -1
    outer loop
      vertex 3.36988 155.018 0.599999
      vertex 3.75634 154.944 0.599999
      vertex 3.73091 154.856 0.599999
    endloop
  endfacet
  facet normal 0 0 -1
    outer loop
      vertex 3.36602 155.227 0.599999
      vertex 3.77668 155.121 0.599999
      vertex 3.37524 155.108 0.599999
    endloop
  endfacet
  facet normal 0 0 -1
    outer loop
      vertex 3.35382 154.932 0.599999
      vertex 3.73091 154.856 0.599999
      vertex 3.69531 154.768 0.599999
    endloop
  endfacet
  facet normal 0 0 -1
    outer loop
      vertex 3.32702 154.85 0.599999
      vertex 3.69531 154.768 0.599999
      vertex 3.64967 154.68 0.599999
    endloop
  endfacet
  facet normal 0 0 -1
    outer loop
      vertex 3.77668 155.121 0.599999
      vertex 3.36602 155.227 0.599999
      vertex 3.76115 155.311 0.599999
    endloop
  endfacet
  facet normal 0 0 -1
    outer loop
      vertex 3.32702 154.85 0.599999
      vertex 3.64967 154.68 0.599999
      vertex 3.59414 154.592 0.599999
    endloop
  endfacet
  facet normal 0 0 -1
    outer loop
      vertex 3.28952 154.774 0.599999
      vertex 3.59414 154.592 0.599999
      vertex 3.5287 154.504 0.599999
    endloop
  endfacet
  facet normal -0 0 -1
    outer loop
      vertex 3.7716 155.033 0.599999
      vertex 3.36988 155.018 0.599999
      vertex 3.37524 155.108 0.599999
    endloop
  endfacet
  facet normal 0 0 -1
    outer loop
      vertex 3.24333 154.701 0.599999
      vertex 3.5287 154.504 0.599999
      vertex 3.45337 154.416 0.599999
    endloop
  endfacet
  facet normal 0 0 -1
    outer loop
      vertex 3.76115 155.311 0.599999
      vertex 3.33834 155.332 0.599999
      vertex 3.71457 155.477 0.599999
    endloop
  endfacet
  facet normal -0 0 -1
    outer loop
      vertex 3.71457 155.477 0.599999
      vertex 3.33834 155.332 0.599999
      vertex 3.63691 155.621 0.599999
    endloop
  endfacet
  facet normal 0 0 -1
    outer loop
      vertex 3.33834 155.332 0.599999
      vertex 3.76115 155.311 0.599999
      vertex 3.36602 155.227 0.599999
    endloop
  endfacet
  facet normal 0 0 -1
    outer loop
      vertex 3.13102 154.56 0.599999
      vertex 3.45337 154.416 0.599999
      vertex 3.35476 154.316 0.599999
    endloop
  endfacet
  facet normal 0 0 -1
    outer loop
      vertex 3.73091 154.856 0.599999
      vertex 3.35382 154.932 0.599999
      vertex 3.36988 155.018 0.599999
    endloop
  endfacet
  facet normal 0 0 -1
    outer loop
      vertex 3.69531 154.768 0.599999
      vertex 3.32702 154.85 0.599999
      vertex 3.35382 154.932 0.599999
    endloop
  endfacet
  facet normal 0 0 -1
    outer loop
      vertex 3.59414 154.592 0.599999
      vertex 3.28952 154.774 0.599999
      vertex 3.32702 154.85 0.599999
    endloop
  endfacet
  facet normal 0 0 -1
    outer loop
      vertex 3.5287 154.504 0.599999
      vertex 3.24333 154.701 0.599999
      vertex 3.28952 154.774 0.599999
    endloop
  endfacet
  facet normal 0 0 -1
    outer loop
      vertex 3.06491 154.492 0.599999
      vertex 3.35476 154.316 0.599999
      vertex 3.21954 154.192 0.599999
    endloop
  endfacet
  facet normal 0 0 -1
    outer loop
      vertex 3.45337 154.416 0.599999
      vertex 3.1905 154.63 0.599999
      vertex 3.24333 154.701 0.599999
    endloop
  endfacet
  facet normal 0 0 -1
    outer loop
      vertex 3.45337 154.416 0.599999
      vertex 3.13102 154.56 0.599999
      vertex 3.1905 154.63 0.599999
    endloop
  endfacet
  facet normal 0 0 -1
    outer loop
      vertex 3.35476 154.316 0.599999
      vertex 3.06491 154.492 0.599999
      vertex 3.13102 154.56 0.599999
    endloop
  endfacet
  facet normal 0 0 -1
    outer loop
      vertex 2.91763 154.358 0.599999
      vertex 3.21954 154.192 0.599999
      vertex 3.04771 154.044 0.599999
    endloop
  endfacet
  facet normal 0 0 -1
    outer loop
      vertex 3.21954 154.192 0.599999
      vertex 2.99337 154.425 0.599999
      vertex 3.06491 154.492 0.599999
    endloop
  endfacet
  facet normal 0 0 -1
    outer loop
      vertex 3.21954 154.192 0.599999
      vertex 2.91763 154.358 0.599999
      vertex 2.99337 154.425 0.599999
    endloop
  endfacet
  facet normal 0 0 -1
    outer loop
      vertex 2.75352 154.223 0.599999
      vertex 3.04771 154.044 0.599999
      vertex 2.83924 153.872 0.599999
    endloop
  endfacet
  facet normal 0 0 -1
    outer loop
      vertex 3.04771 154.044 0.599999
      vertex 2.83767 154.29 0.599999
      vertex 2.91763 154.358 0.599999
    endloop
  endfacet
  facet normal 0 0 -1
    outer loop
      vertex 3.04771 154.044 0.599999
      vertex 2.75352 154.223 0.599999
      vertex 2.83767 154.29 0.599999
    endloop
  endfacet
  facet normal 0 0 -1
    outer loop
      vertex 2.5802 154.083 0.599999
      vertex 2.83924 153.872 0.599999
      vertex 2.72084 153.772 0.599999
    endloop
  endfacet
  facet normal 0 0 -1
    outer loop
      vertex 2.83924 153.872 0.599999
      vertex 2.66706 154.154 0.599999
      vertex 2.75352 154.223 0.599999
    endloop
  endfacet
  facet normal 0 0 -1
    outer loop
      vertex 2.49292 154.008 0.599999
      vertex 2.72084 153.772 0.599999
      vertex 2.61518 153.678 0.599999
    endloop
  endfacet
  facet normal 0 0 -1
    outer loop
      vertex 2.83924 153.872 0.599999
      vertex 2.5802 154.083 0.599999
      vertex 2.66706 154.154 0.599999
    endloop
  endfacet
  facet normal 0 0 -1
    outer loop
      vertex 2.31837 153.85 0.599999
      vertex 2.61518 153.678 0.599999
      vertex 2.52227 153.588 0.599999
    endloop
  endfacet
  facet normal 0 0 -1
    outer loop
      vertex 2.72084 153.772 0.599999
      vertex 2.49292 154.008 0.599999
      vertex 2.5802 154.083 0.599999
    endloop
  endfacet
  facet normal 0 0 -1
    outer loop
      vertex 2.23355 153.765 0.599999
      vertex 2.52227 153.588 0.599999
      vertex 2.44213 153.504 0.599999
    endloop
  endfacet
  facet normal 0 0 -1
    outer loop
      vertex 2.61518 153.678 0.599999
      vertex 2.40524 153.931 0.599999
      vertex 2.49292 154.008 0.599999
    endloop
  endfacet
  facet normal 0 0 -1
    outer loop
      vertex 2.15074 153.674 0.599999
      vertex 2.44213 153.504 0.599999
      vertex 2.3735 153.423 0.599999
    endloop
  endfacet
  facet normal 0 0 -1
    outer loop
      vertex 2.61518 153.678 0.599999
      vertex 2.31837 153.85 0.599999
      vertex 2.40524 153.931 0.599999
    endloop
  endfacet
  facet normal 0 0 -1
    outer loop
      vertex 2.06997 153.58 0.599999
      vertex 2.3735 153.423 0.599999
      vertex 2.3152 153.343 0.599999
    endloop
  endfacet
  facet normal 0 0 -1
    outer loop
      vertex 2.06997 153.58 0.599999
      vertex 2.3152 153.343 0.599999
      vertex 2.26719 153.265 0.599999
    endloop
  endfacet
  facet normal 0 0 -1
    outer loop
      vertex 2.52227 153.588 0.599999
      vertex 2.23355 153.765 0.599999
      vertex 2.31837 153.85 0.599999
    endloop
  endfacet
  facet normal 0 0 -1
    outer loop
      vertex 1.9227 153.371 0.599999
      vertex 2.26719 153.265 0.599999
      vertex 2.22949 153.188 0.599999
    endloop
  endfacet
  facet normal 0 0 -1
    outer loop
      vertex 2.44213 153.504 0.599999
      vertex 2.15074 153.674 0.599999
      vertex 2.23355 153.765 0.599999
    endloop
  endfacet
  facet normal 0 0 -1
    outer loop
      vertex 3.29223 155.423 0.599999
      vertex 3.63691 155.621 0.599999
      vertex 3.33834 155.332 0.599999
    endloop
  endfacet
  facet normal -0 0 -1
    outer loop
      vertex 3.63691 155.621 0.599999
      vertex 3.29223 155.423 0.599999
      vertex 3.52821 155.741 0.599999
    endloop
  endfacet
  facet normal 0 0 -1
    outer loop
      vertex 3.22766 155.499 0.599999
      vertex 3.52821 155.741 0.599999
      vertex 3.29223 155.423 0.599999
    endloop
  endfacet
  facet normal -0 0 -1
    outer loop
      vertex 3.52821 155.741 0.599999
      vertex 3.22766 155.499 0.599999
      vertex 3.39062 155.836 0.599999
    endloop
  endfacet
  facet normal 0 0 -1
    outer loop
      vertex 3.14669 155.56 0.599999
      vertex 3.39062 155.836 0.599999
      vertex 3.22766 155.499 0.599999
    endloop
  endfacet
  facet normal -0 0 -1
    outer loop
      vertex 3.39062 155.836 0.599999
      vertex 3.14669 155.56 0.599999
      vertex 3.22631 155.905 0.599999
    endloop
  endfacet
  facet normal 0 0 -1
    outer loop
      vertex 3.05136 155.603 0.599999
      vertex 3.22631 155.905 0.599999
      vertex 3.14669 155.56 0.599999
    endloop
  endfacet
  facet normal 0 0 -1
    outer loop
      vertex 3.05136 155.603 0.599999
      vertex 3.03529 155.945 0.599999
      vertex 3.22631 155.905 0.599999
    endloop
  endfacet
  facet normal 0 0 -1
    outer loop
      vertex 2.94165 155.629 0.599999
      vertex 3.03529 155.945 0.599999
      vertex 3.05136 155.603 0.599999
    endloop
  endfacet
  facet normal 0 0 -1
    outer loop
      vertex 2.81755 155.959 0.599999
      vertex 2.94165 155.629 0.599999
      vertex 2.81755 155.638 0.599999
    endloop
  endfacet
  facet normal 0 0 -1
    outer loop
      vertex 2.94165 155.629 0.599999
      vertex 2.81755 155.959 0.599999
      vertex 3.03529 155.945 0.599999
    endloop
  endfacet
  facet normal 0 0 -1
    outer loop
      vertex 2.69827 155.629 0.599999
      vertex 2.81755 155.959 0.599999
      vertex 2.81755 155.638 0.599999
    endloop
  endfacet
  facet normal 0 0 -1
    outer loop
      vertex 2.69827 155.629 0.599999
      vertex 2.61662 155.946 0.599999
      vertex 2.81755 155.959 0.599999
    endloop
  endfacet
  facet normal 0 0 -1
    outer loop
      vertex 2.58996 155.604 0.599999
      vertex 2.61662 155.946 0.599999
      vertex 2.69827 155.629 0.599999
    endloop
  endfacet
  facet normal 0 0 -1
    outer loop
      vertex 2.43481 155.905 0.599999
      vertex 2.58996 155.604 0.599999
      vertex 2.49264 155.562 0.599999
    endloop
  endfacet
  facet normal 0 0 -1
    outer loop
      vertex 2.58996 155.604 0.599999
      vertex 2.43481 155.905 0.599999
      vertex 2.61662 155.946 0.599999
    endloop
  endfacet
  facet normal 0 0 -1
    outer loop
      vertex 2.27212 155.837 0.599999
      vertex 2.49264 155.562 0.599999
      vertex 2.40632 155.502 0.599999
    endloop
  endfacet
  facet normal 0 0 -1
    outer loop
      vertex 2.12857 155.742 0.599999
      vertex 2.40632 155.502 0.599999
      vertex 2.33383 155.428 0.599999
    endloop
  endfacet
  facet normal 0 0 -1
    outer loop
      vertex 2.0086 155.624 0.599999
      vertex 2.33383 155.428 0.599999
      vertex 2.27803 155.339 0.599999
    endloop
  endfacet
  facet normal 0 0 -1
    outer loop
      vertex 2.49264 155.562 0.599999
      vertex 2.27212 155.837 0.599999
      vertex 2.43481 155.905 0.599999
    endloop
  endfacet
  facet normal 0 0 -1
    outer loop
      vertex 1.91671 155.488 0.599999
      vertex 2.27803 155.339 0.599999
      vertex 2.2389 155.237 0.599999
    endloop
  endfacet
  facet normal 0 0 -1
    outer loop
      vertex 1.8529 155.332 0.599999
      vertex 2.2389 155.237 0.599999
      vertex 2.21646 155.121 0.599999
    endloop
  endfacet
  facet normal 0 0 -1
    outer loop
      vertex 2.40632 155.502 0.599999
      vertex 2.12857 155.742 0.599999
      vertex 2.27212 155.837 0.599999
    endloop
  endfacet
  facet normal 0 0 -1
    outer loop
      vertex 2.33383 155.428 0.599999
      vertex 2.0086 155.624 0.599999
      vertex 2.12857 155.742 0.599999
    endloop
  endfacet
  facet normal 0 0 -1
    outer loop
      vertex 2.27803 155.339 0.599999
      vertex 1.91671 155.488 0.599999
      vertex 2.0086 155.624 0.599999
    endloop
  endfacet
  facet normal 0 0 -1
    outer loop
      vertex 2.2389 155.237 0.599999
      vertex 1.8529 155.332 0.599999
      vertex 1.91671 155.488 0.599999
    endloop
  endfacet
  facet normal 0 -0 -1
    outer loop
      vertex 1.8529 155.332 0.599999
      vertex 2.21646 155.121 0.599999
      vertex 1.81717 155.158 0.599999
    endloop
  endfacet
  facet normal 0 0 -1
    outer loop
      vertex 9.8769 153.623 0.599999
      vertex 9.47796 153.686 0.599999
      vertex 9.48909 153.843 0.599999
    endloop
  endfacet
  facet normal 0 0 -1
    outer loop
      vertex 9.31114 153.321 0.599999
      vertex 9.60733 153.09 0.599999
      vertex 9.44966 152.969 0.599999
    endloop
  endfacet
  facet normal 0 0 -1
    outer loop
      vertex 9.73312 153.242 0.599999
      vertex 9.44459 153.547 0.599999
      vertex 9.47796 153.686 0.599999
    endloop
  endfacet
  facet normal 0 0 -1
    outer loop
      vertex 9.73312 153.242 0.599999
      vertex 9.38899 153.425 0.599999
      vertex 9.44459 153.547 0.599999
    endloop
  endfacet
  facet normal 0 0 -1
    outer loop
      vertex 9.60733 153.09 0.599999
      vertex 9.31114 153.321 0.599999
      vertex 9.38899 153.425 0.599999
    endloop
  endfacet
  facet normal 0 0 -1
    outer loop
      vertex 9.21362 153.238 0.599999
      vertex 9.44966 152.969 0.599999
      vertex 9.2642 152.882 0.599999
    endloop
  endfacet
  facet normal 0 0 -1
    outer loop
      vertex 9.44966 152.969 0.599999
      vertex 9.21362 153.238 0.599999
      vertex 9.31114 153.321 0.599999
    endloop
  endfacet
  facet normal 0 0 -1
    outer loop
      vertex 9.2642 152.882 0.599999
      vertex 9.09901 153.179 0.599999
      vertex 9.21362 153.238 0.599999
    endloop
  endfacet
  facet normal 0 0 -1
    outer loop
      vertex 9.05093 152.83 0.599999
      vertex 9.09901 153.179 0.599999
      vertex 9.2642 152.882 0.599999
    endloop
  endfacet
  facet normal 0 0 -1
    outer loop
      vertex 9.05093 152.83 0.599999
      vertex 8.96733 153.143 0.599999
      vertex 9.09901 153.179 0.599999
    endloop
  endfacet
  facet normal 0 0 -1
    outer loop
      vertex 8.80986 152.813 0.599999
      vertex 8.96733 153.143 0.599999
      vertex 9.05093 152.83 0.599999
    endloop
  endfacet
  facet normal 0 0 -1
    outer loop
      vertex 8.96733 153.143 0.599999
      vertex 8.80986 152.813 0.599999
      vertex 8.81855 153.132 0.599999
    endloop
  endfacet
  facet normal 0 0 -1
    outer loop
      vertex 8.60641 152.824 0.599999
      vertex 8.81855 153.132 0.599999
      vertex 8.80986 152.813 0.599999
    endloop
  endfacet
  facet normal 0 0 -1
    outer loop
      vertex 8.60641 152.824 0.599999
      vertex 8.58677 153.16 0.599999
      vertex 8.81855 153.132 0.599999
    endloop
  endfacet
  facet normal 0 0 -1
    outer loop
      vertex 8.4236 152.859 0.599999
      vertex 8.58677 153.16 0.599999
      vertex 8.60641 152.824 0.599999
    endloop
  endfacet
  facet normal 0 0 -1
    outer loop
      vertex 8.4236 152.859 0.599999
      vertex 8.40355 153.245 0.599999
      vertex 8.58677 153.16 0.599999
    endloop
  endfacet
  facet normal 0 0 -1
    outer loop
      vertex 8.26139 152.918 0.599999
      vertex 8.40355 153.245 0.599999
      vertex 8.4236 152.859 0.599999
    endloop
  endfacet
  facet normal 0 0 -1
    outer loop
      vertex 8.11981 152.999 0.599999
      vertex 8.40355 153.245 0.599999
      vertex 8.26139 152.918 0.599999
    endloop
  endfacet
  facet normal -0 0 -1
    outer loop
      vertex 8.40355 153.245 0.599999
      vertex 8.11981 152.999 0.599999
      vertex 8.26887 153.387 0.599999
    endloop
  endfacet
  facet normal 0 0 -1
    outer loop
      vertex 8.00059 153.103 0.599999
      vertex 8.26887 153.387 0.599999
      vertex 8.11981 152.999 0.599999
    endloop
  endfacet
  facet normal 0 0 -1
    outer loop
      vertex 7.90553 153.228 0.599999
      vertex 8.26887 153.387 0.599999
      vertex 8.00059 153.103 0.599999
    endloop
  endfacet
  facet normal 0 0 -1
    outer loop
      vertex 7.83459 153.373 0.599999
      vertex 8.26887 153.387 0.599999
      vertex 7.90553 153.228 0.599999
    endloop
  endfacet
  facet normal -0 0 -1
    outer loop
      vertex 8.26887 153.387 0.599999
      vertex 7.83459 153.373 0.599999
      vertex 8.18275 153.585 0.599999
    endloop
  endfacet
  facet normal 0 0 -1
    outer loop
      vertex 8.18275 153.585 0.599999
      vertex 7.83459 153.373 0.599999
      vertex 7.78781 153.54 0.599999
    endloop
  endfacet
  facet normal 0 0 -1
    outer loop
      vertex 9.48909 153.843 0.599999
      vertex 9.89488 153.852 0.599999
      vertex 9.8769 153.623 0.599999
    endloop
  endfacet
  facet normal 0 0 -1
    outer loop
      vertex 9.47789 153.981 0.599999
      vertex 9.89488 153.852 0.599999
      vertex 9.48909 153.843 0.599999
    endloop
  endfacet
  facet normal 0 0 -1
    outer loop
      vertex 9.47796 153.686 0.599999
      vertex 9.8769 153.623 0.599999
      vertex 9.82299 153.42 0.599999
    endloop
  endfacet
  facet normal 0 0 -1
    outer loop
      vertex 9.89488 153.852 0.599999
      vertex 9.47789 153.981 0.599999
      vertex 9.87812 154.055 0.599999
    endloop
  endfacet
  facet normal 0 0 -1
    outer loop
      vertex 9.47796 153.686 0.599999
      vertex 9.82299 153.42 0.599999
      vertex 9.73312 153.242 0.599999
    endloop
  endfacet
  facet normal -0 0 -1
    outer loop
      vertex 9.87812 154.055 0.599999
      vertex 9.47789 153.981 0.599999
      vertex 9.82788 154.237 0.599999
    endloop
  endfacet
  facet normal 0 0 -1
    outer loop
      vertex 9.38899 153.425 0.599999
      vertex 9.73312 153.242 0.599999
      vertex 9.60733 153.09 0.599999
    endloop
  endfacet
  facet normal 0 0 -1
    outer loop
      vertex 9.44432 154.104 0.599999
      vertex 9.82788 154.237 0.599999
      vertex 9.47789 153.981 0.599999
    endloop
  endfacet
  facet normal -0 0 -1
    outer loop
      vertex 9.82788 154.237 0.599999
      vertex 9.44432 154.104 0.599999
      vertex 9.74412 154.4 0.599999
    endloop
  endfacet
  facet normal 0 0 -1
    outer loop
      vertex 9.38838 154.214 0.599999
      vertex 9.74412 154.4 0.599999
      vertex 9.44432 154.104 0.599999
    endloop
  endfacet
  facet normal -0 0 -1
    outer loop
      vertex 9.74412 154.4 0.599999
      vertex 9.38838 154.214 0.599999
      vertex 9.62687 154.542 0.599999
    endloop
  endfacet
  facet normal 0 0 -1
    outer loop
      vertex 9.31004 154.31 0.599999
      vertex 9.62687 154.542 0.599999
      vertex 9.38838 154.214 0.599999
    endloop
  endfacet
  facet normal -0 0 -1
    outer loop
      vertex 9.62687 154.542 0.599999
      vertex 9.31004 154.31 0.599999
      vertex 9.48141 154.658 0.599999
    endloop
  endfacet
  facet normal 0 0 -1
    outer loop
      vertex 9.21273 154.388 0.599999
      vertex 9.48141 154.658 0.599999
      vertex 9.31004 154.31 0.599999
    endloop
  endfacet
  facet normal -0 0 -1
    outer loop
      vertex 9.48141 154.658 0.599999
      vertex 9.21273 154.388 0.599999
      vertex 9.31303 154.741 0.599999
    endloop
  endfacet
  facet normal 0 0 -1
    outer loop
      vertex 9.09983 154.443 0.599999
      vertex 9.31303 154.741 0.599999
      vertex 9.21273 154.388 0.599999
    endloop
  endfacet
  facet normal -0 0 -1
    outer loop
      vertex 9.31303 154.741 0.599999
      vertex 9.09983 154.443 0.599999
      vertex 9.12173 154.79 0.599999
    endloop
  endfacet
  facet normal 0 0 -1
    outer loop
      vertex 8.97132 154.477 0.599999
      vertex 9.12173 154.79 0.599999
      vertex 9.09983 154.443 0.599999
    endloop
  endfacet
  facet normal 0 0 -1
    outer loop
      vertex 8.97132 154.477 0.599999
      vertex 8.90751 154.807 0.599999
      vertex 9.12173 154.79 0.599999
    endloop
  endfacet
  facet normal 0 0 -1
    outer loop
      vertex 8.82722 154.488 0.599999
      vertex 8.90751 154.807 0.599999
      vertex 8.97132 154.477 0.599999
    endloop
  endfacet
  facet normal 0 0 -1
    outer loop
      vertex 8.72645 154.795 0.599999
      vertex 8.82722 154.488 0.599999
      vertex 8.74939 154.485 0.599999
    endloop
  endfacet
  facet normal 0 0 -1
    outer loop
      vertex 8.82722 154.488 0.599999
      vertex 8.72645 154.795 0.599999
      vertex 8.90751 154.807 0.599999
    endloop
  endfacet
  facet normal 0 0 -1
    outer loop
      vertex 8.67424 154.475 0.599999
      vertex 8.72645 154.795 0.599999
      vertex 8.74939 154.485 0.599999
    endloop
  endfacet
  facet normal 0 0 -1
    outer loop
      vertex 8.56086 154.758 0.599999
      vertex 8.67424 154.475 0.599999
      vertex 8.60182 154.46 0.599999
    endloop
  endfacet
  facet normal 0 0 -1
    outer loop
      vertex 8.67424 154.475 0.599999
      vertex 8.56086 154.758 0.599999
      vertex 8.72645 154.795 0.599999
    endloop
  endfacet
  facet normal 0 0 -1
    outer loop
      vertex 8.41072 154.697 0.599999
      vertex 8.60182 154.46 0.599999
      vertex 8.53209 154.438 0.599999
    endloop
  endfacet
  facet normal 0 0 -1
    outer loop
      vertex 8.41072 154.697 0.599999
      vertex 8.53209 154.438 0.599999
      vertex 8.46374 154.409 0.599999
    endloop
  endfacet
  facet normal 0 0 -1
    outer loop
      vertex 8.60182 154.46 0.599999
      vertex 8.41072 154.697 0.599999
      vertex 8.56086 154.758 0.599999
    endloop
  endfacet
  facet normal 0 0 -1
    outer loop
      vertex 8.27603 154.612 0.599999
      vertex 8.46374 154.409 0.599999
      vertex 8.39538 154.371 0.599999
    endloop
  endfacet
  facet normal 0 0 -1
    outer loop
      vertex 8.27603 154.612 0.599999
      vertex 8.39538 154.371 0.599999
      vertex 8.32704 154.324 0.599999
    endloop
  endfacet
  facet normal 0 0 -1
    outer loop
      vertex 8.46374 154.409 0.599999
      vertex 8.27603 154.612 0.599999
      vertex 8.41072 154.697 0.599999
    endloop
  endfacet
  facet normal 0 -0 -1
    outer loop
      vertex 8.27603 154.612 0.599999
      vertex 8.32704 154.324 0.599999
      vertex 8.25868 154.269 0.599999
    endloop
  endfacet
  facet normal 0 0 -1
    outer loop
      vertex 8.33462 155.582 0.599999
      vertex 9.71693 155.914 0.599999
      vertex 9.71693 155.582 0.599999
    endloop
  endfacet
  facet normal 0 0 -1
    outer loop
      vertex 8.33462 155.582 0.599999
      vertex 7.97874 155.914 0.599999
      vertex 9.71693 155.914 0.599999
    endloop
  endfacet
  facet normal 0 0 -1
    outer loop
      vertex 8.27603 154.612 0.599999
      vertex 7.97874 155.914 0.599999
      vertex 8.33462 155.582 0.599999
    endloop
  endfacet
  facet normal 0 0 -1
    outer loop
      vertex 7.87677 154.269 0.599999
      vertex 8.27603 154.612 0.599999
      vertex 8.25868 154.269 0.599999
    endloop
  endfacet
  facet normal -0 0 -1
    outer loop
      vertex 8.27603 154.612 0.599999
      vertex 7.87677 154.269 0.599999
      vertex 7.97874 155.914 0.599999
    endloop
  endfacet
  facet normal 0 0 -1
    outer loop
      vertex 6.80976 152.856 0.599999
      vertex 7.23291 153.331 0.599999
      vertex 7.23291 152.856 0.599999
    endloop
  endfacet
  facet normal -0 0 -1
    outer loop
      vertex 7.23291 153.331 0.599999
      vertex 6.80976 152.856 0.599999
      vertex 6.80976 153.331 0.599999
    endloop
  endfacet
  facet normal 0 -1 0
    outer loop
      vertex 2.22949 153.188 0
      vertex 3.82443 153.188 0.599999
      vertex 2.22949 153.188 0.599999
    endloop
  endfacet
  facet normal 0 -1 -0
    outer loop
      vertex 3.82443 153.188 0.599999
      vertex 2.22949 153.188 0
      vertex 3.82443 153.188 0
    endloop
  endfacet
  facet normal -0.898129 0.439733 0
    outer loop
      vertex 2.22949 153.188 0
      vertex 2.26719 153.265 0.599999
      vertex 2.26719 153.265 0
    endloop
  endfacet
  facet normal -0.898129 0.439733 0
    outer loop
      vertex 2.26719 153.265 0.599999
      vertex 2.22949 153.188 0
      vertex 2.22949 153.188 0.599999
    endloop
  endfacet
  facet normal -0.85161 0.524177 0
    outer loop
      vertex 2.26719 153.265 0
      vertex 2.3152 153.343 0.599999
      vertex 2.3152 153.343 0
    endloop
  endfacet
  facet normal -0.85161 0.524177 0
    outer loop
      vertex 2.3152 153.343 0.599999
      vertex 2.26719 153.265 0
      vertex 2.26719 153.265 0.599999
    endloop
  endfacet
  facet normal -0.808168 0.588952 0
    outer loop
      vertex 2.3152 153.343 0
      vertex 2.3735 153.423 0.599999
      vertex 2.3735 153.423 0
    endloop
  endfacet
  facet normal -0.808168 0.588952 0
    outer loop
      vertex 2.3735 153.423 0.599999
      vertex 2.3152 153.343 0
      vertex 2.3152 153.343 0.599999
    endloop
  endfacet
  facet normal -0.762961 0.646445 0
    outer loop
      vertex 2.3735 153.423 0
      vertex 2.44213 153.504 0.599999
      vertex 2.44213 153.504 0
    endloop
  endfacet
  facet normal -0.762961 0.646445 0
    outer loop
      vertex 2.44213 153.504 0.599999
      vertex 2.3735 153.423 0
      vertex 2.3735 153.423 0.599999
    endloop
  endfacet
  facet normal -0.723535 0.690287 0
    outer loop
      vertex 2.44213 153.504 0
      vertex 2.52227 153.588 0.599999
      vertex 2.52227 153.588 0
    endloop
  endfacet
  facet normal -0.723535 0.690287 0
    outer loop
      vertex 2.52227 153.588 0.599999
      vertex 2.44213 153.504 0
      vertex 2.44213 153.504 0.599999
    endloop
  endfacet
  facet normal -0.695769 0.718266 0
    outer loop
      vertex 2.61518 153.678 0
      vertex 2.52227 153.588 0.599999
      vertex 2.61518 153.678 0.599999
    endloop
  endfacet
  facet normal -0.695769 0.718266 0
    outer loop
      vertex 2.52227 153.588 0.599999
      vertex 2.61518 153.678 0
      vertex 2.52227 153.588 0
    endloop
  endfacet
  facet normal -0.66468 0.747128 0
    outer loop
      vertex 2.72084 153.772 0
      vertex 2.61518 153.678 0.599999
      vertex 2.72084 153.772 0.599999
    endloop
  endfacet
  facet normal -0.66468 0.747128 0
    outer loop
      vertex 2.61518 153.678 0.599999
      vertex 2.72084 153.772 0
      vertex 2.61518 153.678 0
    endloop
  endfacet
  facet normal -0.645248 0.763973 0
    outer loop
      vertex 2.83924 153.872 0
      vertex 2.72084 153.772 0.599999
      vertex 2.83924 153.872 0.599999
    endloop
  endfacet
  facet normal -0.645248 0.763973 0
    outer loop
      vertex 2.72084 153.772 0.599999
      vertex 2.83924 153.872 0
      vertex 2.72084 153.772 0
    endloop
  endfacet
  facet normal -0.63641 0.771351 0
    outer loop
      vertex 3.04771 154.044 0
      vertex 2.83924 153.872 0.599999
      vertex 3.04771 154.044 0.599999
    endloop
  endfacet
  facet normal -0.63641 0.771351 0
    outer loop
      vertex 2.83924 153.872 0.599999
      vertex 3.04771 154.044 0
      vertex 2.83924 153.872 0
    endloop
  endfacet
  facet normal -0.652612 0.757692 0
    outer loop
      vertex 3.21954 154.192 0
      vertex 3.04771 154.044 0.599999
      vertex 3.21954 154.192 0.599999
    endloop
  endfacet
  facet normal -0.652612 0.757692 0
    outer loop
      vertex 3.04771 154.044 0.599999
      vertex 3.21954 154.192 0
      vertex 3.04771 154.044 0
    endloop
  endfacet
  facet normal -0.675868 0.737023 0
    outer loop
      vertex 3.35476 154.316 0
      vertex 3.21954 154.192 0.599999
      vertex 3.35476 154.316 0.599999
    endloop
  endfacet
  facet normal -0.675868 0.737023 0
    outer loop
      vertex 3.21954 154.192 0.599999
      vertex 3.35476 154.316 0
      vertex 3.21954 154.192 0
    endloop
  endfacet
  facet normal -0.712038 0.702141 0
    outer loop
      vertex 3.35476 154.316 0
      vertex 3.45337 154.416 0.599999
      vertex 3.45337 154.416 0
    endloop
  endfacet
  facet normal -0.712038 0.702141 0
    outer loop
      vertex 3.45337 154.416 0.599999
      vertex 3.35476 154.316 0
      vertex 3.35476 154.316 0.599999
    endloop
  endfacet
  facet normal -0.759677 0.650301 0
    outer loop
      vertex 3.45337 154.416 0
      vertex 3.5287 154.504 0.599999
      vertex 3.5287 154.504 0
    endloop
  endfacet
  facet normal -0.759677 0.650301 0
    outer loop
      vertex 3.5287 154.504 0.599999
      vertex 3.45337 154.416 0
      vertex 3.45337 154.416 0.599999
    endloop
  endfacet
  facet normal -0.802444 0.596727 0
    outer loop
      vertex 3.5287 154.504 0
      vertex 3.59414 154.592 0.599999
      vertex 3.59414 154.592 0
    endloop
  endfacet
  facet normal -0.802444 0.596727 0
    outer loop
      vertex 3.59414 154.592 0.599999
      vertex 3.5287 154.504 0
      vertex 3.5287 154.504 0.599999
    endloop
  endfacet
  facet normal -0.845701 0.533657 0
    outer loop
      vertex 3.59414 154.592 0
      vertex 3.64967 154.68 0.599999
      vertex 3.64967 154.68 0
    endloop
  endfacet
  facet normal -0.845701 0.533657 0
    outer loop
      vertex 3.64967 154.68 0.599999
      vertex 3.59414 154.592 0
      vertex 3.59414 154.592 0.599999
    endloop
  endfacet
  facet normal -0.887712 0.4604 0
    outer loop
      vertex 3.64967 154.68 0
      vertex 3.69531 154.768 0.599999
      vertex 3.69531 154.768 0
    endloop
  endfacet
  facet normal -0.887712 0.4604 0
    outer loop
      vertex 3.69531 154.768 0.599999
      vertex 3.64967 154.68 0
      vertex 3.64967 154.68 0.599999
    endloop
  endfacet
  facet normal -0.927017 0.37502 0
    outer loop
      vertex 3.69531 154.768 0
      vertex 3.73091 154.856 0.599999
      vertex 3.73091 154.856 0
    endloop
  endfacet
  facet normal -0.927017 0.37502 0
    outer loop
      vertex 3.73091 154.856 0.599999
      vertex 3.69531 154.768 0
      vertex 3.69531 154.768 0.599999
    endloop
  endfacet
  facet normal -0.960692 0.277618 0
    outer loop
      vertex 3.73091 154.856 0
      vertex 3.75634 154.944 0.599999
      vertex 3.75634 154.944 0
    endloop
  endfacet
  facet normal -0.960692 0.277618 0
    outer loop
      vertex 3.75634 154.944 0.599999
      vertex 3.73091 154.856 0
      vertex 3.73091 154.856 0.599999
    endloop
  endfacet
  facet normal -0.985617 0.168995 0
    outer loop
      vertex 3.75634 154.944 0
      vertex 3.7716 155.033 0.599999
      vertex 3.7716 155.033 0
    endloop
  endfacet
  facet normal -0.985617 0.168995 0
    outer loop
      vertex 3.7716 155.033 0.599999
      vertex 3.75634 154.944 0
      vertex 3.75634 154.944 0.599999
    endloop
  endfacet
  facet normal -0.998338 0.0576313 0
    outer loop
      vertex 3.7716 155.033 0
      vertex 3.77668 155.121 0.599999
      vertex 3.77668 155.121 0
    endloop
  endfacet
  facet normal -0.998338 0.0576313 0
    outer loop
      vertex 3.77668 155.121 0.599999
      vertex 3.7716 155.033 0
      vertex 3.7716 155.033 0.599999
    endloop
  endfacet
  facet normal -0.996676 -0.0814652 0
    outer loop
      vertex 3.77668 155.121 0
      vertex 3.76115 155.311 0.599999
      vertex 3.76115 155.311 0
    endloop
  endfacet
  facet normal -0.996676 -0.0814652 0
    outer loop
      vertex 3.76115 155.311 0.599999
      vertex 3.77668 155.121 0
      vertex 3.77668 155.121 0.599999
    endloop
  endfacet
  facet normal -0.962813 -0.270168 0
    outer loop
      vertex 3.76115 155.311 0
      vertex 3.71457 155.477 0.599999
      vertex 3.71457 155.477 0
    endloop
  endfacet
  facet normal -0.962813 -0.270168 0
    outer loop
      vertex 3.71457 155.477 0.599999
      vertex 3.76115 155.311 0
      vertex 3.76115 155.311 0.599999
    endloop
  endfacet
  facet normal -0.880161 -0.474676 0
    outer loop
      vertex 3.71457 155.477 0
      vertex 3.63691 155.621 0.599999
      vertex 3.63691 155.621 0
    endloop
  endfacet
  facet normal -0.880161 -0.474676 0
    outer loop
      vertex 3.63691 155.621 0.599999
      vertex 3.71457 155.477 0
      vertex 3.71457 155.477 0.599999
    endloop
  endfacet
  facet normal -0.741141 -0.67135 0
    outer loop
      vertex 3.63691 155.621 0
      vertex 3.52821 155.741 0.599999
      vertex 3.52821 155.741 0
    endloop
  endfacet
  facet normal -0.741141 -0.67135 0
    outer loop
      vertex 3.52821 155.741 0.599999
      vertex 3.63691 155.621 0
      vertex 3.63691 155.621 0.599999
    endloop
  endfacet
  facet normal -0.56818 -0.822904 0
    outer loop
      vertex 3.39062 155.836 0
      vertex 3.52821 155.741 0.599999
      vertex 3.39062 155.836 0.599999
    endloop
  endfacet
  facet normal -0.56818 -0.822904 -0
    outer loop
      vertex 3.52821 155.741 0.599999
      vertex 3.39062 155.836 0
      vertex 3.52821 155.741 0
    endloop
  endfacet
  facet normal -0.387184 -0.922003 0
    outer loop
      vertex 3.22631 155.905 0
      vertex 3.39062 155.836 0.599999
      vertex 3.22631 155.905 0.599999
    endloop
  endfacet
  facet normal -0.387184 -0.922003 -0
    outer loop
      vertex 3.39062 155.836 0.599999
      vertex 3.22631 155.905 0
      vertex 3.39062 155.836 0
    endloop
  endfacet
  facet normal -0.204957 -0.978771 0
    outer loop
      vertex 3.03529 155.945 0
      vertex 3.22631 155.905 0.599999
      vertex 3.03529 155.945 0.599999
    endloop
  endfacet
  facet normal -0.204957 -0.978771 -0
    outer loop
      vertex 3.22631 155.905 0.599999
      vertex 3.03529 155.945 0
      vertex 3.22631 155.905 0
    endloop
  endfacet
  facet normal -0.0641644 -0.997939 0
    outer loop
      vertex 2.81755 155.959 0
      vertex 3.03529 155.945 0.599999
      vertex 2.81755 155.959 0.599999
    endloop
  endfacet
  facet normal -0.0641644 -0.997939 -0
    outer loop
      vertex 3.03529 155.945 0.599999
      vertex 2.81755 155.959 0
      vertex 3.03529 155.945 0
    endloop
  endfacet
  facet normal 0.0645642 -0.997914 0
    outer loop
      vertex 2.61662 155.946 0
      vertex 2.81755 155.959 0.599999
      vertex 2.61662 155.946 0.599999
    endloop
  endfacet
  facet normal 0.0645642 -0.997914 0
    outer loop
      vertex 2.81755 155.959 0.599999
      vertex 2.61662 155.946 0
      vertex 2.81755 155.959 0
    endloop
  endfacet
  facet normal 0.219986 -0.975503 0
    outer loop
      vertex 2.43481 155.905 0
      vertex 2.61662 155.946 0.599999
      vertex 2.43481 155.905 0.599999
    endloop
  endfacet
  facet normal 0.219986 -0.975503 0
    outer loop
      vertex 2.61662 155.946 0.599999
      vertex 2.43481 155.905 0
      vertex 2.61662 155.946 0
    endloop
  endfacet
  facet normal 0.385642 -0.922648 0
    outer loop
      vertex 2.27212 155.837 0
      vertex 2.43481 155.905 0.599999
      vertex 2.27212 155.837 0.599999
    endloop
  endfacet
  facet normal 0.385642 -0.922648 0
    outer loop
      vertex 2.43481 155.905 0.599999
      vertex 2.27212 155.837 0
      vertex 2.43481 155.905 0
    endloop
  endfacet
  facet normal 0.551882 -0.833922 0
    outer loop
      vertex 2.12857 155.742 0
      vertex 2.27212 155.837 0.599999
      vertex 2.12857 155.742 0.599999
    endloop
  endfacet
  facet normal 0.551882 -0.833922 0
    outer loop
      vertex 2.27212 155.837 0.599999
      vertex 2.12857 155.742 0
      vertex 2.27212 155.837 0
    endloop
  endfacet
  facet normal 0.701229 -0.712936 0
    outer loop
      vertex 2.0086 155.624 0
      vertex 2.12857 155.742 0.599999
      vertex 2.0086 155.624 0.599999
    endloop
  endfacet
  facet normal 0.701229 -0.712936 0
    outer loop
      vertex 2.12857 155.742 0.599999
      vertex 2.0086 155.624 0
      vertex 2.12857 155.742 0
    endloop
  endfacet
  facet normal 0.828594 -0.559849 0
    outer loop
      vertex 1.91671 155.488 0.599999
      vertex 2.0086 155.624 0
      vertex 2.0086 155.624 0.599999
    endloop
  endfacet
  facet normal 0.828594 -0.559849 0
    outer loop
      vertex 2.0086 155.624 0
      vertex 1.91671 155.488 0.599999
      vertex 1.91671 155.488 0
    endloop
  endfacet
  facet normal 0.925564 -0.378591 0
    outer loop
      vertex 1.8529 155.332 0.599999
      vertex 1.91671 155.488 0
      vertex 1.91671 155.488 0.599999
    endloop
  endfacet
  facet normal 0.925564 -0.378591 0
    outer loop
      vertex 1.91671 155.488 0
      vertex 1.8529 155.332 0.599999
      vertex 1.8529 155.332 0
    endloop
  endfacet
  facet normal 0.979561 -0.201148 0
    outer loop
      vertex 1.81717 155.158 0.599999
      vertex 1.8529 155.332 0
      vertex 1.8529 155.332 0.599999
    endloop
  endfacet
  facet normal 0.979561 -0.201148 0
    outer loop
      vertex 1.8529 155.332 0
      vertex 1.81717 155.158 0.599999
      vertex 1.81717 155.158 0
    endloop
  endfacet
  facet normal 0.0922692 0.995734 -0
    outer loop
      vertex 2.21646 155.121 0
      vertex 1.81717 155.158 0.599999
      vertex 2.21646 155.121 0.599999
    endloop
  endfacet
  facet normal 0.0922692 0.995734 0
    outer loop
      vertex 1.81717 155.158 0.599999
      vertex 2.21646 155.121 0
      vertex 1.81717 155.158 0
    endloop
  endfacet
  facet normal -0.981798 0.189927 0
    outer loop
      vertex 2.21646 155.121 0
      vertex 2.2389 155.237 0.599999
      vertex 2.2389 155.237 0
    endloop
  endfacet
  facet normal -0.981798 0.189927 0
    outer loop
      vertex 2.2389 155.237 0.599999
      vertex 2.21646 155.121 0
      vertex 2.21646 155.121 0.599999
    endloop
  endfacet
  facet normal -0.933654 0.358175 0
    outer loop
      vertex 2.2389 155.237 0
      vertex 2.27803 155.339 0.599999
      vertex 2.27803 155.339 0
    endloop
  endfacet
  facet normal -0.933654 0.358175 0
    outer loop
      vertex 2.27803 155.339 0.599999
      vertex 2.2389 155.237 0
      vertex 2.2389 155.237 0.599999
    endloop
  endfacet
  facet normal -0.847249 0.531196 0
    outer loop
      vertex 2.27803 155.339 0
      vertex 2.33383 155.428 0.599999
      vertex 2.33383 155.428 0
    endloop
  endfacet
  facet normal -0.847249 0.531196 0
    outer loop
      vertex 2.33383 155.428 0.599999
      vertex 2.27803 155.339 0
      vertex 2.27803 155.339 0.599999
    endloop
  endfacet
  facet normal -0.714358 0.699781 0
    outer loop
      vertex 2.33383 155.428 0
      vertex 2.40632 155.502 0.599999
      vertex 2.40632 155.502 0
    endloop
  endfacet
  facet normal -0.714358 0.699781 0
    outer loop
      vertex 2.40632 155.502 0.599999
      vertex 2.33383 155.428 0
      vertex 2.33383 155.428 0.599999
    endloop
  endfacet
  facet normal -0.570752 0.821122 0
    outer loop
      vertex 2.49264 155.562 0
      vertex 2.40632 155.502 0.599999
      vertex 2.49264 155.562 0.599999
    endloop
  endfacet
  facet normal -0.570752 0.821122 0
    outer loop
      vertex 2.40632 155.502 0.599999
      vertex 2.49264 155.562 0
      vertex 2.40632 155.502 0
    endloop
  endfacet
  facet normal -0.396241 0.918147 0
    outer loop
      vertex 2.58996 155.604 0
      vertex 2.49264 155.562 0.599999
      vertex 2.58996 155.604 0.599999
    endloop
  endfacet
  facet normal -0.396241 0.918147 0
    outer loop
      vertex 2.49264 155.562 0.599999
      vertex 2.58996 155.604 0
      vertex 2.49264 155.562 0
    endloop
  endfacet
  facet normal -0.224905 0.974381 0
    outer loop
      vertex 2.69827 155.629 0
      vertex 2.58996 155.604 0.599999
      vertex 2.69827 155.629 0.599999
    endloop
  endfacet
  facet normal -0.224905 0.974381 0
    outer loop
      vertex 2.58996 155.604 0.599999
      vertex 2.69827 155.629 0
      vertex 2.58996 155.604 0
    endloop
  endfacet
  facet normal -0.0752388 0.997166 0
    outer loop
      vertex 2.81755 155.638 0
      vertex 2.69827 155.629 0.599999
      vertex 2.81755 155.638 0.599999
    endloop
  endfacet
  facet normal -0.0752388 0.997166 0
    outer loop
      vertex 2.69827 155.629 0.599999
      vertex 2.81755 155.638 0
      vertex 2.69827 155.629 0
    endloop
  endfacet
  facet normal 0.0723322 0.997381 -0
    outer loop
      vertex 2.94165 155.629 0
      vertex 2.81755 155.638 0.599999
      vertex 2.94165 155.629 0.599999
    endloop
  endfacet
  facet normal 0.0723322 0.997381 0
    outer loop
      vertex 2.81755 155.638 0.599999
      vertex 2.94165 155.629 0
      vertex 2.81755 155.638 0
    endloop
  endfacet
  facet normal 0.230601 0.973048 -0
    outer loop
      vertex 3.05136 155.603 0
      vertex 2.94165 155.629 0.599999
      vertex 3.05136 155.603 0.599999
    endloop
  endfacet
  facet normal 0.230601 0.973048 0
    outer loop
      vertex 2.94165 155.629 0.599999
      vertex 3.05136 155.603 0
      vertex 2.94165 155.629 0
    endloop
  endfacet
  facet normal 0.411172 0.911558 -0
    outer loop
      vertex 3.14669 155.56 0
      vertex 3.05136 155.603 0.599999
      vertex 3.14669 155.56 0.599999
    endloop
  endfacet
  facet normal 0.411172 0.911558 0
    outer loop
      vertex 3.05136 155.603 0.599999
      vertex 3.14669 155.56 0
      vertex 3.05136 155.603 0
    endloop
  endfacet
  facet normal 0.601719 0.798708 -0
    outer loop
      vertex 3.22766 155.499 0
      vertex 3.14669 155.56 0.599999
      vertex 3.22766 155.499 0.599999
    endloop
  endfacet
  facet normal 0.601719 0.798708 0
    outer loop
      vertex 3.14669 155.56 0.599999
      vertex 3.22766 155.499 0
      vertex 3.14669 155.56 0
    endloop
  endfacet
  facet normal 0.762088 0.647474 0
    outer loop
      vertex 3.29223 155.423 0.599999
      vertex 3.22766 155.499 0
      vertex 3.22766 155.499 0.599999
    endloop
  endfacet
  facet normal 0.762088 0.647474 0
    outer loop
      vertex 3.22766 155.499 0
      vertex 3.29223 155.423 0.599999
      vertex 3.29223 155.423 0
    endloop
  endfacet
  facet normal 0.892023 0.451991 0
    outer loop
      vertex 3.33834 155.332 0.599999
      vertex 3.29223 155.423 0
      vertex 3.29223 155.423 0.599999
    endloop
  endfacet
  facet normal 0.892023 0.451991 0
    outer loop
      vertex 3.29223 155.423 0
      vertex 3.33834 155.332 0.599999
      vertex 3.33834 155.332 0
    endloop
  endfacet
  facet normal 0.966965 0.25491 0
    outer loop
      vertex 3.36602 155.227 0.599999
      vertex 3.33834 155.332 0
      vertex 3.33834 155.332 0.599999
    endloop
  endfacet
  facet normal 0.966965 0.25491 0
    outer loop
      vertex 3.33834 155.332 0
      vertex 3.36602 155.227 0.599999
      vertex 3.36602 155.227 0
    endloop
  endfacet
  facet normal 0.997012 0.0772475 0
    outer loop
      vertex 3.37524 155.108 0.599999
      vertex 3.36602 155.227 0
      vertex 3.36602 155.227 0.599999
    endloop
  endfacet
  facet normal 0.997012 0.0772475 0
    outer loop
      vertex 3.36602 155.227 0
      vertex 3.37524 155.108 0.599999
      vertex 3.37524 155.108 0
    endloop
  endfacet
  facet normal 0.998231 -0.0594502 0
    outer loop
      vertex 3.36988 155.018 0.599999
      vertex 3.37524 155.108 0
      vertex 3.37524 155.108 0.599999
    endloop
  endfacet
  facet normal 0.998231 -0.0594502 0
    outer loop
      vertex 3.37524 155.108 0
      vertex 3.36988 155.018 0.599999
      vertex 3.36988 155.018 0
    endloop
  endfacet
  facet normal 0.983007 -0.183571 0
    outer loop
      vertex 3.35382 154.932 0.599999
      vertex 3.36988 155.018 0
      vertex 3.36988 155.018 0.599999
    endloop
  endfacet
  facet normal 0.983007 -0.183571 0
    outer loop
      vertex 3.36988 155.018 0
      vertex 3.35382 154.932 0.599999
      vertex 3.35382 154.932 0
    endloop
  endfacet
  facet normal 0.950522 -0.310658 0
    outer loop
      vertex 3.32702 154.85 0.599999
      vertex 3.35382 154.932 0
      vertex 3.35382 154.932 0.599999
    endloop
  endfacet
  facet normal 0.950522 -0.310658 0
    outer loop
      vertex 3.35382 154.932 0
      vertex 3.32702 154.85 0.599999
      vertex 3.32702 154.85 0
    endloop
  endfacet
  facet normal 0.896775 -0.442488 0
    outer loop
      vertex 3.28952 154.774 0.599999
      vertex 3.32702 154.85 0
      vertex 3.32702 154.85 0.599999
    endloop
  endfacet
  facet normal 0.896775 -0.442488 0
    outer loop
      vertex 3.32702 154.85 0
      vertex 3.28952 154.774 0.599999
      vertex 3.28952 154.774 0
    endloop
  endfacet
  facet normal 0.845046 -0.534694 0
    outer loop
      vertex 3.24333 154.701 0.599999
      vertex 3.28952 154.774 0
      vertex 3.28952 154.774 0.599999
    endloop
  endfacet
  facet normal 0.845046 -0.534694 0
    outer loop
      vertex 3.28952 154.774 0
      vertex 3.24333 154.701 0.599999
      vertex 3.24333 154.701 0
    endloop
  endfacet
  facet normal 0.802272 -0.596958 0
    outer loop
      vertex 3.1905 154.63 0.599999
      vertex 3.24333 154.701 0
      vertex 3.24333 154.701 0.599999
    endloop
  endfacet
  facet normal 0.802272 -0.596958 0
    outer loop
      vertex 3.24333 154.701 0
      vertex 3.1905 154.63 0.599999
      vertex 3.1905 154.63 0
    endloop
  endfacet
  facet normal 0.762047 -0.647522 0
    outer loop
      vertex 3.13102 154.56 0.599999
      vertex 3.1905 154.63 0
      vertex 3.1905 154.63 0.599999
    endloop
  endfacet
  facet normal 0.762047 -0.647522 0
    outer loop
      vertex 3.1905 154.63 0
      vertex 3.13102 154.56 0.599999
      vertex 3.13102 154.56 0
    endloop
  endfacet
  facet normal 0.717001 -0.697072 0
    outer loop
      vertex 3.06491 154.492 0.599999
      vertex 3.13102 154.56 0
      vertex 3.13102 154.56 0.599999
    endloop
  endfacet
  facet normal 0.717001 -0.697072 0
    outer loop
      vertex 3.13102 154.56 0
      vertex 3.06491 154.492 0.599999
      vertex 3.06491 154.492 0
    endloop
  endfacet
  facet normal 0.683568 -0.729887 0
    outer loop
      vertex 2.99337 154.425 0
      vertex 3.06491 154.492 0.599999
      vertex 2.99337 154.425 0.599999
    endloop
  endfacet
  facet normal 0.683568 -0.729887 0
    outer loop
      vertex 3.06491 154.492 0.599999
      vertex 2.99337 154.425 0
      vertex 3.06491 154.492 0
    endloop
  endfacet
  facet normal 0.66257 -0.749 0
    outer loop
      vertex 2.91763 154.358 0
      vertex 2.99337 154.425 0.599999
      vertex 2.91763 154.358 0.599999
    endloop
  endfacet
  facet normal 0.66257 -0.749 0
    outer loop
      vertex 2.99337 154.425 0.599999
      vertex 2.91763 154.358 0
      vertex 2.99337 154.425 0
    endloop
  endfacet
  facet normal 0.647836 -0.761779 0
    outer loop
      vertex 2.83767 154.29 0
      vertex 2.91763 154.358 0.599999
      vertex 2.83767 154.29 0.599999
    endloop
  endfacet
  facet normal 0.647836 -0.761779 0
    outer loop
      vertex 2.91763 154.358 0.599999
      vertex 2.83767 154.29 0
      vertex 2.91763 154.358 0
    endloop
  endfacet
  facet normal 0.622879 -0.782318 0
    outer loop
      vertex 2.75352 154.223 0
      vertex 2.83767 154.29 0.599999
      vertex 2.75352 154.223 0.599999
    endloop
  endfacet
  facet normal 0.622879 -0.782318 0
    outer loop
      vertex 2.83767 154.29 0.599999
      vertex 2.75352 154.223 0
      vertex 2.83767 154.29 0
    endloop
  endfacet
  facet normal 0.623769 -0.781609 0
    outer loop
      vertex 2.66706 154.154 0
      vertex 2.75352 154.223 0.599999
      vertex 2.66706 154.154 0.599999
    endloop
  endfacet
  facet normal 0.623769 -0.781609 0
    outer loop
      vertex 2.75352 154.223 0.599999
      vertex 2.66706 154.154 0
      vertex 2.75352 154.223 0
    endloop
  endfacet
  facet normal 0.632879 -0.774251 0
    outer loop
      vertex 2.5802 154.083 0
      vertex 2.66706 154.154 0.599999
      vertex 2.5802 154.083 0.599999
    endloop
  endfacet
  facet normal 0.632879 -0.774251 0
    outer loop
      vertex 2.66706 154.154 0.599999
      vertex 2.5802 154.083 0
      vertex 2.66706 154.154 0
    endloop
  endfacet
  facet normal 0.651736 -0.758446 0
    outer loop
      vertex 2.49292 154.008 0
      vertex 2.5802 154.083 0.599999
      vertex 2.49292 154.008 0.599999
    endloop
  endfacet
  facet normal 0.651736 -0.758446 0
    outer loop
      vertex 2.5802 154.083 0.599999
      vertex 2.49292 154.008 0
      vertex 2.5802 154.083 0
    endloop
  endfacet
  facet normal 0.659863 -0.751386 0
    outer loop
      vertex 2.40524 153.931 0
      vertex 2.49292 154.008 0.599999
      vertex 2.40524 153.931 0.599999
    endloop
  endfacet
  facet normal 0.659863 -0.751386 0
    outer loop
      vertex 2.49292 154.008 0.599999
      vertex 2.40524 153.931 0
      vertex 2.49292 154.008 0
    endloop
  endfacet
  facet normal 0.681964 -0.731386 0
    outer loop
      vertex 2.31837 153.85 0
      vertex 2.40524 153.931 0.599999
      vertex 2.31837 153.85 0.599999
    endloop
  endfacet
  facet normal 0.681964 -0.731386 0
    outer loop
      vertex 2.40524 153.931 0.599999
      vertex 2.31837 153.85 0
      vertex 2.40524 153.931 0
    endloop
  endfacet
  facet normal 0.707856 -0.706357 0
    outer loop
      vertex 2.23355 153.765 0.599999
      vertex 2.31837 153.85 0
      vertex 2.31837 153.85 0.599999
    endloop
  endfacet
  facet normal 0.707856 -0.706357 0
    outer loop
      vertex 2.31837 153.85 0
      vertex 2.23355 153.765 0.599999
      vertex 2.23355 153.765 0
    endloop
  endfacet
  facet normal 0.739605 -0.673041 0
    outer loop
      vertex 2.15074 153.674 0.599999
      vertex 2.23355 153.765 0
      vertex 2.23355 153.765 0.599999
    endloop
  endfacet
  facet normal 0.739605 -0.673041 0
    outer loop
      vertex 2.23355 153.765 0
      vertex 2.15074 153.674 0.599999
      vertex 2.15074 153.674 0
    endloop
  endfacet
  facet normal 0.758464 -0.651715 0
    outer loop
      vertex 2.06997 153.58 0.599999
      vertex 2.15074 153.674 0
      vertex 2.15074 153.674 0.599999
    endloop
  endfacet
  facet normal 0.758464 -0.651715 0
    outer loop
      vertex 2.15074 153.674 0
      vertex 2.06997 153.58 0.599999
      vertex 2.06997 153.58 0
    endloop
  endfacet
  facet normal 0.796428 -0.604733 0
    outer loop
      vertex 1.99328 153.479 0.599999
      vertex 2.06997 153.58 0
      vertex 2.06997 153.58 0.599999
    endloop
  endfacet
  facet normal 0.796428 -0.604733 0
    outer loop
      vertex 2.06997 153.58 0
      vertex 1.99328 153.479 0.599999
      vertex 1.99328 153.479 0
    endloop
  endfacet
  facet normal 0.837095 -0.547057 0
    outer loop
      vertex 1.9227 153.371 0.599999
      vertex 1.99328 153.479 0
      vertex 1.99328 153.479 0.599999
    endloop
  endfacet
  facet normal 0.837095 -0.547057 0
    outer loop
      vertex 1.99328 153.479 0
      vertex 1.9227 153.371 0.599999
      vertex 1.9227 153.371 0
    endloop
  endfacet
  facet normal 0.87398 -0.485963 0
    outer loop
      vertex 1.8582 153.255 0.599999
      vertex 1.9227 153.371 0
      vertex 1.9227 153.371 0.599999
    endloop
  endfacet
  facet normal 0.87398 -0.485963 0
    outer loop
      vertex 1.9227 153.371 0
      vertex 1.8582 153.255 0.599999
      vertex 1.8582 153.255 0
    endloop
  endfacet
  facet normal 0.903406 -0.428787 0
    outer loop
      vertex 1.79982 153.132 0.599999
      vertex 1.8582 153.255 0
      vertex 1.8582 153.255 0.599999
    endloop
  endfacet
  facet normal 0.903406 -0.428787 0
    outer loop
      vertex 1.8582 153.255 0
      vertex 1.79982 153.132 0.599999
      vertex 1.79982 153.132 0
    endloop
  endfacet
  facet normal 1 -0 0
    outer loop
      vertex 1.79982 152.856 0.599999
      vertex 1.79982 153.132 0
      vertex 1.79982 153.132 0.599999
    endloop
  endfacet
  facet normal 1 0 0
    outer loop
      vertex 1.79982 153.132 0
      vertex 1.79982 152.856 0.599999
      vertex 1.79982 152.856 0
    endloop
  endfacet
  facet normal 0 1 -0
    outer loop
      vertex 3.82443 152.856 0
      vertex 1.79982 152.856 0.599999
      vertex 3.82443 152.856 0.599999
    endloop
  endfacet
  facet normal 0 1 0
    outer loop
      vertex 1.79982 152.856 0.599999
      vertex 3.82443 152.856 0
      vertex 1.79982 152.856 0
    endloop
  endfacet
  facet normal -1 0 0
    outer loop
      vertex 3.82443 152.856 0
      vertex 3.82443 153.188 0.599999
      vertex 3.82443 153.188 0
    endloop
  endfacet
  facet normal -1 -0 0
    outer loop
      vertex 3.82443 153.188 0.599999
      vertex 3.82443 152.856 0
      vertex 3.82443 152.856 0.599999
    endloop
  endfacet
  facet normal -0.208474 0.978028 0
    outer loop
      vertex 5.67082 152.871 0
      vertex 5.4644 152.827 0.599999
      vertex 5.67082 152.871 0.599999
    endloop
  endfacet
  facet normal -0.208474 0.978028 0
    outer loop
      vertex 5.4644 152.827 0.599999
      vertex 5.67082 152.871 0
      vertex 5.4644 152.827 0
    endloop
  endfacet
  facet normal -0.375632 0.926769 0
    outer loop
      vertex 5.84846 152.943 0
      vertex 5.67082 152.871 0.599999
      vertex 5.84846 152.943 0.599999
    endloop
  endfacet
  facet normal -0.375632 0.926769 0
    outer loop
      vertex 5.67082 152.871 0.599999
      vertex 5.84846 152.943 0
      vertex 5.67082 152.871 0
    endloop
  endfacet
  facet normal -0.565115 0.825012 0
    outer loop
      vertex 5.99737 153.045 0
      vertex 5.84846 152.943 0.599999
      vertex 5.99737 153.045 0.599999
    endloop
  endfacet
  facet normal -0.565115 0.825012 0
    outer loop
      vertex 5.84846 152.943 0.599999
      vertex 5.99737 153.045 0
      vertex 5.84846 152.943 0
    endloop
  endfacet
  facet normal -0.736046 0.676932 0
    outer loop
      vertex 5.99737 153.045 0
      vertex 6.11509 153.173 0.599999
      vertex 6.11509 153.173 0
    endloop
  endfacet
  facet normal -0.736046 0.676932 0
    outer loop
      vertex 6.11509 153.173 0.599999
      vertex 5.99737 153.045 0
      vertex 5.99737 153.045 0.599999
    endloop
  endfacet
  facet normal -0.875022 0.484083 0
    outer loop
      vertex 6.11509 153.173 0
      vertex 6.19918 153.325 0.599999
      vertex 6.19918 153.325 0
    endloop
  endfacet
  facet normal -0.875022 0.484083 0
    outer loop
      vertex 6.19918 153.325 0.599999
      vertex 6.11509 153.173 0
      vertex 6.11509 153.173 0.599999
    endloop
  endfacet
  facet normal -0.961287 0.275551 0
    outer loop
      vertex 6.19918 153.325 0
      vertex 6.24963 153.501 0.599999
      vertex 6.24963 153.501 0
    endloop
  endfacet
  facet normal -0.961287 0.275551 0
    outer loop
      vertex 6.24963 153.501 0.599999
      vertex 6.19918 153.325 0
      vertex 6.19918 153.325 0.599999
    endloop
  endfacet
  facet normal -0.996447 0.0842223 0
    outer loop
      vertex 6.24963 153.501 0
      vertex 6.26645 153.7 0.599999
      vertex 6.26645 153.7 0
    endloop
  endfacet
  facet normal -0.996447 0.0842223 0
    outer loop
      vertex 6.26645 153.7 0.599999
      vertex 6.24963 153.501 0
      vertex 6.24963 153.501 0.599999
    endloop
  endfacet
  facet normal -0.996383 -0.0849772 0
    outer loop
      vertex 6.26645 153.7 0
      vertex 6.25451 153.84 0.599999
      vertex 6.25451 153.84 0
    endloop
  endfacet
  facet normal -0.996383 -0.0849772 0
    outer loop
      vertex 6.25451 153.84 0.599999
      vertex 6.26645 153.7 0
      vertex 6.26645 153.7 0.599999
    endloop
  endfacet
  facet normal -0.963062 -0.269281 0
    outer loop
      vertex 6.25451 153.84 0
      vertex 6.21872 153.968 0.599999
      vertex 6.21872 153.968 0
    endloop
  endfacet
  facet normal -0.963062 -0.269281 0
    outer loop
      vertex 6.21872 153.968 0.599999
      vertex 6.25451 153.84 0
      vertex 6.25451 153.84 0.599999
    endloop
  endfacet
  facet normal -0.887532 -0.460745 0
    outer loop
      vertex 6.21872 153.968 0
      vertex 6.15902 154.083 0.599999
      vertex 6.15902 154.083 0
    endloop
  endfacet
  facet normal -0.887532 -0.460745 0
    outer loop
      vertex 6.15902 154.083 0.599999
      vertex 6.21872 153.968 0
      vertex 6.21872 153.968 0.599999
    endloop
  endfacet
  facet normal -0.776658 -0.629922 0
    outer loop
      vertex 6.15902 154.083 0
      vertex 6.07548 154.186 0.599999
      vertex 6.07548 154.186 0
    endloop
  endfacet
  facet normal -0.776658 -0.629922 0
    outer loop
      vertex 6.07548 154.186 0.599999
      vertex 6.15902 154.083 0
      vertex 6.15902 154.083 0.599999
    endloop
  endfacet
  facet normal -0.638162 -0.769902 0
    outer loop
      vertex 5.97052 154.273 0
      vertex 6.07548 154.186 0.599999
      vertex 5.97052 154.273 0.599999
    endloop
  endfacet
  facet normal -0.638162 -0.769902 -0
    outer loop
      vertex 6.07548 154.186 0.599999
      vertex 5.97052 154.273 0
      vertex 6.07548 154.186 0
    endloop
  endfacet
  facet normal -0.475458 -0.879739 0
    outer loop
      vertex 5.84655 154.34 0
      vertex 5.97052 154.273 0.599999
      vertex 5.84655 154.34 0.599999
    endloop
  endfacet
  facet normal -0.475458 -0.879739 -0
    outer loop
      vertex 5.97052 154.273 0.599999
      vertex 5.84655 154.34 0
      vertex 5.97052 154.273 0
    endloop
  endfacet
  facet normal -0.318356 -0.947971 0
    outer loop
      vertex 5.70362 154.388 0
      vertex 5.84655 154.34 0.599999
      vertex 5.70362 154.388 0.599999
    endloop
  endfacet
  facet normal -0.318356 -0.947971 -0
    outer loop
      vertex 5.84655 154.34 0.599999
      vertex 5.70362 154.388 0
      vertex 5.84655 154.34 0
    endloop
  endfacet
  facet normal -0.170396 -0.985376 0
    outer loop
      vertex 5.5417 154.416 0
      vertex 5.70362 154.388 0.599999
      vertex 5.5417 154.416 0.599999
    endloop
  endfacet
  facet normal -0.170396 -0.985376 -0
    outer loop
      vertex 5.70362 154.388 0.599999
      vertex 5.5417 154.416 0
      vertex 5.70362 154.388 0
    endloop
  endfacet
  facet normal -1 0 0
    outer loop
      vertex 5.5417 154.416 0
      vertex 5.5417 154.425 0.599999
      vertex 5.5417 154.425 0
    endloop
  endfacet
  facet normal -1 -0 0
    outer loop
      vertex 5.5417 154.425 0.599999
      vertex 5.5417 154.416 0
      vertex 5.5417 154.416 0.599999
    endloop
  endfacet
  facet normal -0.262628 0.964897 0
    outer loop
      vertex 5.68866 154.465 0
      vertex 5.5417 154.425 0.599999
      vertex 5.68866 154.465 0.599999
    endloop
  endfacet
  facet normal -0.262628 0.964897 0
    outer loop
      vertex 5.5417 154.425 0.599999
      vertex 5.68866 154.465 0
      vertex 5.5417 154.425 0
    endloop
  endfacet
  facet normal -0.393902 0.919152 0
    outer loop
      vertex 5.817 154.52 0
      vertex 5.68866 154.465 0.599999
      vertex 5.817 154.52 0.599999
    endloop
  endfacet
  facet normal -0.393902 0.919152 0
    outer loop
      vertex 5.68866 154.465 0.599999
      vertex 5.817 154.52 0
      vertex 5.68866 154.465 0
    endloop
  endfacet
  facet normal -0.532077 0.846696 0
    outer loop
      vertex 5.9268 154.589 0
      vertex 5.817 154.52 0.599999
      vertex 5.9268 154.589 0.599999
    endloop
  endfacet
  facet normal -0.532077 0.846696 0
    outer loop
      vertex 5.817 154.52 0.599999
      vertex 5.9268 154.589 0
      vertex 5.817 154.52 0
    endloop
  endfacet
  facet normal -0.677476 0.735545 0
    outer loop
      vertex 6.018 154.673 0
      vertex 5.9268 154.589 0.599999
      vertex 6.018 154.673 0.599999
    endloop
  endfacet
  facet normal -0.677476 0.735545 0
    outer loop
      vertex 5.9268 154.589 0.599999
      vertex 6.018 154.673 0
      vertex 5.9268 154.589 0
    endloop
  endfacet
  facet normal -0.809941 0.586512 0
    outer loop
      vertex 6.018 154.673 0
      vertex 6.08969 154.772 0.599999
      vertex 6.08969 154.772 0
    endloop
  endfacet
  facet normal -0.809941 0.586512 0
    outer loop
      vertex 6.08969 154.772 0.599999
      vertex 6.018 154.673 0
      vertex 6.018 154.673 0.599999
    endloop
  endfacet
  facet normal -0.909505 0.415693 0
    outer loop
      vertex 6.08969 154.772 0
      vertex 6.14088 154.884 0.599999
      vertex 6.14088 154.884 0
    endloop
  endfacet
  facet normal -0.909505 0.415693 0
    outer loop
      vertex 6.14088 154.884 0.599999
      vertex 6.08969 154.772 0
      vertex 6.08969 154.772 0.599999
    endloop
  endfacet
  facet normal -0.971523 0.236944 0
    outer loop
      vertex 6.14088 154.884 0
      vertex 6.17161 155.01 0.599999
      vertex 6.17161 155.01 0
    endloop
  endfacet
  facet normal -0.971523 0.236944 0
    outer loop
      vertex 6.17161 155.01 0.599999
      vertex 6.14088 154.884 0
      vertex 6.14088 154.884 0.599999
    endloop
  endfacet
  facet normal -0.997336 0.072948 0
    outer loop
      vertex 6.17161 155.01 0
      vertex 6.18185 155.15 0.599999
      vertex 6.18185 155.15 0
    endloop
  endfacet
  facet normal -0.997336 0.072948 0
    outer loop
      vertex 6.18185 155.15 0.599999
      vertex 6.17161 155.01 0
      vertex 6.17161 155.01 0.599999
    endloop
  endfacet
  facet normal -0.996097 -0.0882653 0
    outer loop
      vertex 6.18185 155.15 0
      vertex 6.1659 155.33 0.599999
      vertex 6.1659 155.33 0
    endloop
  endfacet
  facet normal -0.996097 -0.0882653 0
    outer loop
      vertex 6.1659 155.33 0.599999
      vertex 6.18185 155.15 0
      vertex 6.18185 155.15 0.599999
    endloop
  endfacet
  facet normal -0.958155 -0.286249 0
    outer loop
      vertex 6.1659 155.33 0
      vertex 6.1181 155.49 0.599999
      vertex 6.1181 155.49 0
    endloop
  endfacet
  facet normal -0.958155 -0.286249 0
    outer loop
      vertex 6.1181 155.49 0.599999
      vertex 6.1659 155.33 0
      vertex 6.1659 155.33 0.599999
    endloop
  endfacet
  facet normal -0.86601 -0.500027 0
    outer loop
      vertex 6.1181 155.49 0
      vertex 6.03842 155.628 0.599999
      vertex 6.03842 155.628 0
    endloop
  endfacet
  facet normal -0.86601 -0.500027 0
    outer loop
      vertex 6.03842 155.628 0.599999
      vertex 6.1181 155.49 0
      vertex 6.1181 155.49 0.599999
    endloop
  endfacet
  facet normal -0.723732 -0.690081 0
    outer loop
      vertex 6.03842 155.628 0
      vertex 5.92686 155.745 0.599999
      vertex 5.92686 155.745 0
    endloop
  endfacet
  facet normal -0.723732 -0.690081 0
    outer loop
      vertex 5.92686 155.745 0.599999
      vertex 6.03842 155.628 0
      vertex 6.03842 155.628 0.599999
    endloop
  endfacet
  facet normal -0.556639 -0.830754 0
    outer loop
      vertex 5.78657 155.839 0
      vertex 5.92686 155.745 0.599999
      vertex 5.78657 155.839 0.599999
    endloop
  endfacet
  facet normal -0.556639 -0.830754 -0
    outer loop
      vertex 5.92686 155.745 0.599999
      vertex 5.78657 155.839 0
      vertex 5.92686 155.745 0
    endloop
  endfacet
  facet normal -0.374395 -0.927269 0
    outer loop
      vertex 5.62063 155.906 0
      vertex 5.78657 155.839 0.599999
      vertex 5.62063 155.906 0.599999
    endloop
  endfacet
  facet normal -0.374395 -0.927269 -0
    outer loop
      vertex 5.78657 155.839 0.599999
      vertex 5.62063 155.906 0
      vertex 5.78657 155.839 0
    endloop
  endfacet
  facet normal -0.204393 -0.978889 0
    outer loop
      vertex 5.42906 155.946 0
      vertex 5.62063 155.906 0.599999
      vertex 5.42906 155.946 0.599999
    endloop
  endfacet
  facet normal -0.204393 -0.978889 -0
    outer loop
      vertex 5.62063 155.906 0.599999
      vertex 5.42906 155.946 0
      vertex 5.62063 155.906 0
    endloop
  endfacet
  facet normal -0.059743 -0.998214 0
    outer loop
      vertex 5.21185 155.959 0
      vertex 5.42906 155.946 0.599999
      vertex 5.21185 155.959 0.599999
    endloop
  endfacet
  facet normal -0.059743 -0.998214 -0
    outer loop
      vertex 5.42906 155.946 0.599999
      vertex 5.21185 155.959 0
      vertex 5.42906 155.946 0
    endloop
  endfacet
  facet normal 0.0645642 -0.997914 0
    outer loop
      vertex 5.01092 155.946 0
      vertex 5.21185 155.959 0.599999
      vertex 5.01092 155.946 0.599999
    endloop
  endfacet
  facet normal 0.0645642 -0.997914 0
    outer loop
      vertex 5.21185 155.959 0.599999
      vertex 5.01092 155.946 0
      vertex 5.21185 155.959 0
    endloop
  endfacet
  facet normal 0.214894 -0.976637 0
    outer loop
      vertex 4.82913 155.906 0
      vertex 5.01092 155.946 0.599999
      vertex 4.82913 155.906 0.599999
    endloop
  endfacet
  facet normal 0.214894 -0.976637 0
    outer loop
      vertex 5.01092 155.946 0.599999
      vertex 4.82913 155.906 0
      vertex 5.01092 155.946 0
    endloop
  endfacet
  facet normal 0.371017 -0.928626 0
    outer loop
      vertex 4.66644 155.841 0
      vertex 4.82913 155.906 0.599999
      vertex 4.66644 155.841 0.599999
    endloop
  endfacet
  facet normal 0.371017 -0.928626 0
    outer loop
      vertex 4.82913 155.906 0.599999
      vertex 4.66644 155.841 0
      vertex 4.82913 155.906 0
    endloop
  endfacet
  facet normal 0.53956 -0.841947 0
    outer loop
      vertex 4.52288 155.749 0
      vertex 4.66644 155.841 0.599999
      vertex 4.52288 155.749 0.599999
    endloop
  endfacet
  facet normal 0.53956 -0.841947 0
    outer loop
      vertex 4.66644 155.841 0.599999
      vertex 4.52288 155.749 0
      vertex 4.66644 155.841 0
    endloop
  endfacet
  facet normal 0.695142 -0.718873 0
    outer loop
      vertex 4.40292 155.633 0
      vertex 4.52288 155.749 0.599999
      vertex 4.40292 155.633 0.599999
    endloop
  endfacet
  facet normal 0.695142 -0.718873 0
    outer loop
      vertex 4.52288 155.749 0.599999
      vertex 4.40292 155.633 0
      vertex 4.52288 155.749 0
    endloop
  endfacet
  facet normal 0.828594 -0.559849 0
    outer loop
      vertex 4.31103 155.497 0.599999
      vertex 4.40292 155.633 0
      vertex 4.40292 155.633 0.599999
    endloop
  endfacet
  facet normal 0.828594 -0.559849 0
    outer loop
      vertex 4.40292 155.633 0
      vertex 4.31103 155.497 0.599999
      vertex 4.31103 155.497 0
    endloop
  endfacet
  facet normal 0.926407 -0.376523 0
    outer loop
      vertex 4.24722 155.34 0.599999
      vertex 4.31103 155.497 0
      vertex 4.31103 155.497 0.599999
    endloop
  endfacet
  facet normal 0.926407 -0.376523 0
    outer loop
      vertex 4.31103 155.497 0
      vertex 4.24722 155.34 0.599999
      vertex 4.24722 155.34 0
    endloop
  endfacet
  facet normal 0.980238 -0.19782 0
    outer loop
      vertex 4.2115 155.163 0.599999
      vertex 4.24722 155.34 0
      vertex 4.24722 155.34 0.599999
    endloop
  endfacet
  facet normal 0.980238 -0.19782 0
    outer loop
      vertex 4.24722 155.34 0
      vertex 4.2115 155.163 0.599999
      vertex 4.2115 155.163 0
    endloop
  endfacet
  facet normal 0.0786839 0.9969 -0
    outer loop
      vertex 4.60426 155.132 0
      vertex 4.2115 155.163 0.599999
      vertex 4.60426 155.132 0.599999
    endloop
  endfacet
  facet normal 0.0786839 0.9969 0
    outer loop
      vertex 4.2115 155.163 0.599999
      vertex 4.60426 155.132 0
      vertex 4.2115 155.163 0
    endloop
  endfacet
  facet normal -0.982896 0.184164 0
    outer loop
      vertex 4.60426 155.132 0
      vertex 4.62562 155.246 0.599999
      vertex 4.62562 155.246 0
    endloop
  endfacet
  facet normal -0.982896 0.184164 0
    outer loop
      vertex 4.62562 155.246 0.599999
      vertex 4.60426 155.132 0
      vertex 4.60426 155.132 0.599999
    endloop
  endfacet
  facet normal -0.934659 0.355544 0
    outer loop
      vertex 4.62562 155.246 0
      vertex 4.66366 155.346 0.599999
      vertex 4.66366 155.346 0
    endloop
  endfacet
  facet normal -0.934659 0.355544 0
    outer loop
      vertex 4.66366 155.346 0.599999
      vertex 4.62562 155.246 0
      vertex 4.62562 155.246 0.599999
    endloop
  endfacet
  facet normal -0.846399 0.53255 0
    outer loop
      vertex 4.66366 155.346 0
      vertex 4.7184 155.433 0.599999
      vertex 4.7184 155.433 0
    endloop
  endfacet
  facet normal -0.846399 0.53255 0
    outer loop
      vertex 4.7184 155.433 0.599999
      vertex 4.66366 155.346 0
      vertex 4.66366 155.346 0.599999
    endloop
  endfacet
  facet normal -0.714947 0.699179 0
    outer loop
      vertex 4.7184 155.433 0
      vertex 4.78979 155.506 0.599999
      vertex 4.78979 155.506 0
    endloop
  endfacet
  facet normal -0.714947 0.699179 0
    outer loop
      vertex 4.78979 155.506 0.599999
      vertex 4.7184 155.433 0
      vertex 4.7184 155.433 0.599999
    endloop
  endfacet
  facet normal -0.552819 0.833302 0
    outer loop
      vertex 4.87571 155.563 0
      vertex 4.78979 155.506 0.599999
      vertex 4.87571 155.563 0.599999
    endloop
  endfacet
  facet normal -0.552819 0.833302 0
    outer loop
      vertex 4.78979 155.506 0.599999
      vertex 4.87571 155.563 0
      vertex 4.78979 155.506 0
    endloop
  endfacet
  facet normal -0.393072 0.919508 0
    outer loop
      vertex 4.97396 155.605 0
      vertex 4.87571 155.563 0.599999
      vertex 4.97396 155.605 0.599999
    endloop
  endfacet
  facet normal -0.393072 0.919508 0
    outer loop
      vertex 4.87571 155.563 0.599999
      vertex 4.97396 155.605 0
      vertex 4.87571 155.563 0
    endloop
  endfacet
  facet normal -0.220439 0.975401 0
    outer loop
      vertex 5.08458 155.63 0
      vertex 4.97396 155.605 0.599999
      vertex 5.08458 155.63 0.599999
    endloop
  endfacet
  facet normal -0.220439 0.975401 0
    outer loop
      vertex 4.97396 155.605 0.599999
      vertex 5.08458 155.63 0
      vertex 4.97396 155.605 0
    endloop
  endfacet
  facet normal -0.0649298 0.99789 0
    outer loop
      vertex 5.20753 155.638 0
      vertex 5.08458 155.63 0.599999
      vertex 5.20753 155.638 0.599999
    endloop
  endfacet
  facet normal -0.0649298 0.99789 0
    outer loop
      vertex 5.08458 155.63 0.599999
      vertex 5.20753 155.638 0
      vertex 5.08458 155.63 0
    endloop
  endfacet
  facet normal 0.0673233 0.997731 -0
    outer loop
      vertex 5.34091 155.629 0
      vertex 5.20753 155.638 0.599999
      vertex 5.34091 155.629 0.599999
    endloop
  endfacet
  facet normal 0.0673233 0.997731 0
    outer loop
      vertex 5.20753 155.638 0.599999
      vertex 5.34091 155.629 0
      vertex 5.20753 155.638 0
    endloop
  endfacet
  facet normal 0.22694 0.973909 -0
    outer loop
      vertex 5.45678 155.602 0
      vertex 5.34091 155.629 0.599999
      vertex 5.45678 155.602 0.599999
    endloop
  endfacet
  facet normal 0.22694 0.973909 0
    outer loop
      vertex 5.34091 155.629 0.599999
      vertex 5.45678 155.602 0
      vertex 5.34091 155.629 0
    endloop
  endfacet
  facet normal 0.408238 0.912876 -0
    outer loop
      vertex 5.55517 155.558 0
      vertex 5.45678 155.602 0.599999
      vertex 5.55517 155.558 0.599999
    endloop
  endfacet
  facet normal 0.408238 0.912876 0
    outer loop
      vertex 5.45678 155.602 0.599999
      vertex 5.55517 155.558 0
      vertex 5.45678 155.602 0
    endloop
  endfacet
  facet normal 0.608287 0.793717 -0
    outer loop
      vertex 5.63607 155.496 0
      vertex 5.55517 155.558 0.599999
      vertex 5.63607 155.496 0.599999
    endloop
  endfacet
  facet normal 0.608287 0.793717 0
    outer loop
      vertex 5.55517 155.558 0.599999
      vertex 5.63607 155.496 0
      vertex 5.55517 155.558 0
    endloop
  endfacet
  facet normal 0.777259 0.629181 0
    outer loop
      vertex 5.69921 155.418 0.599999
      vertex 5.63607 155.496 0
      vertex 5.63607 155.496 0.599999
    endloop
  endfacet
  facet normal 0.777259 0.629181 0
    outer loop
      vertex 5.63607 155.496 0
      vertex 5.69921 155.418 0.599999
      vertex 5.69921 155.418 0
    endloop
  endfacet
  facet normal 0.894069 0.447929 0
    outer loop
      vertex 5.7443 155.328 0.599999
      vertex 5.69921 155.418 0
      vertex 5.69921 155.418 0.599999
    endloop
  endfacet
  facet normal 0.894069 0.447929 0
    outer loop
      vertex 5.69921 155.418 0
      vertex 5.7443 155.328 0.599999
      vertex 5.7443 155.328 0
    endloop
  endfacet
  facet normal 0.967156 0.254184 0
    outer loop
      vertex 5.77137 155.225 0.599999
      vertex 5.7443 155.328 0
      vertex 5.7443 155.328 0.599999
    endloop
  endfacet
  facet normal 0.967156 0.254184 0
    outer loop
      vertex 5.7443 155.328 0
      vertex 5.77137 155.225 0.599999
      vertex 5.77137 155.225 0
    endloop
  endfacet
  facet normal 0.997041 0.0768659 0
    outer loop
      vertex 5.78039 155.108 0.599999
      vertex 5.77137 155.225 0
      vertex 5.77137 155.225 0.599999
    endloop
  endfacet
  facet normal 0.997041 0.0768659 0
    outer loop
      vertex 5.77137 155.225 0
      vertex 5.78039 155.108 0.599999
      vertex 5.78039 155.108 0
    endloop
  endfacet
  facet normal 0.995562 -0.0941104 0
    outer loop
      vertex 5.76933 154.991 0.599999
      vertex 5.78039 155.108 0
      vertex 5.78039 155.108 0.599999
    endloop
  endfacet
  facet normal 0.995562 -0.0941104 0
    outer loop
      vertex 5.78039 155.108 0
      vertex 5.76933 154.991 0.599999
      vertex 5.76933 154.991 0
    endloop
  endfacet
  facet normal 0.951886 -0.306452 0
    outer loop
      vertex 5.73617 154.888 0.599999
      vertex 5.76933 154.991 0
      vertex 5.76933 154.991 0.599999
    endloop
  endfacet
  facet normal 0.951886 -0.306452 0
    outer loop
      vertex 5.76933 154.991 0
      vertex 5.73617 154.888 0.599999
      vertex 5.73617 154.888 0
    endloop
  endfacet
  facet normal 0.852142 -0.52331 0
    outer loop
      vertex 5.6809 154.798 0.599999
      vertex 5.73617 154.888 0
      vertex 5.73617 154.888 0.599999
    endloop
  endfacet
  facet normal 0.852142 -0.52331 0
    outer loop
      vertex 5.73617 154.888 0
      vertex 5.6809 154.798 0.599999
      vertex 5.6809 154.798 0
    endloop
  endfacet
  facet normal 0.70541 -0.7088 0
    outer loop
      vertex 5.60353 154.721 0
      vertex 5.6809 154.798 0.599999
      vertex 5.60353 154.721 0.599999
    endloop
  endfacet
  facet normal 0.70541 -0.7088 0
    outer loop
      vertex 5.6809 154.798 0.599999
      vertex 5.60353 154.721 0
      vertex 5.6809 154.798 0
    endloop
  endfacet
  facet normal 0.530585 -0.847632 0
    outer loop
      vertex 5.50608 154.66 0
      vertex 5.60353 154.721 0.599999
      vertex 5.50608 154.66 0.599999
    endloop
  endfacet
  facet normal 0.530585 -0.847632 0
    outer loop
      vertex 5.60353 154.721 0.599999
      vertex 5.50608 154.66 0
      vertex 5.60353 154.721 0
    endloop
  endfacet
  facet normal 0.356076 -0.934457 0
    outer loop
      vertex 5.39061 154.616 0
      vertex 5.50608 154.66 0.599999
      vertex 5.39061 154.616 0.599999
    endloop
  endfacet
  facet normal 0.356076 -0.934457 0
    outer loop
      vertex 5.50608 154.66 0.599999
      vertex 5.39061 154.616 0
      vertex 5.50608 154.66 0
    endloop
  endfacet
  facet normal 0.191137 -0.981563 0
    outer loop
      vertex 5.25709 154.59 0
      vertex 5.39061 154.616 0.599999
      vertex 5.25709 154.59 0.599999
    endloop
  endfacet
  facet normal 0.191137 -0.981563 0
    outer loop
      vertex 5.39061 154.616 0.599999
      vertex 5.25709 154.59 0
      vertex 5.39061 154.616 0
    endloop
  endfacet
  facet normal 0.0592819 -0.998241 0
    outer loop
      vertex 5.10554 154.581 0
      vertex 5.25709 154.59 0.599999
      vertex 5.10554 154.581 0.599999
    endloop
  endfacet
  facet normal 0.0592819 -0.998241 0
    outer loop
      vertex 5.25709 154.59 0.599999
      vertex 5.10554 154.581 0
      vertex 5.25709 154.59 0
    endloop
  endfacet
  facet normal 0 -1 0
    outer loop
      vertex 4.89286 154.581 0
      vertex 5.10554 154.581 0.599999
      vertex 4.89286 154.581 0.599999
    endloop
  endfacet
  facet normal 0 -1 -0
    outer loop
      vertex 5.10554 154.581 0.599999
      vertex 4.89286 154.581 0
      vertex 5.10554 154.581 0
    endloop
  endfacet
  facet normal 1 -0 0
    outer loop
      vertex 4.89286 154.243 0.599999
      vertex 4.89286 154.581 0
      vertex 4.89286 154.581 0.599999
    endloop
  endfacet
  facet normal 1 0 0
    outer loop
      vertex 4.89286 154.581 0
      vertex 4.89286 154.243 0.599999
      vertex 4.89286 154.243 0
    endloop
  endfacet
  facet normal 0 1 -0
    outer loop
      vertex 5.11421 154.243 0
      vertex 4.89286 154.243 0.599999
      vertex 5.11421 154.243 0.599999
    endloop
  endfacet
  facet normal 0 1 0
    outer loop
      vertex 4.89286 154.243 0.599999
      vertex 5.11421 154.243 0
      vertex 4.89286 154.243 0
    endloop
  endfacet
  facet normal 0.052694 0.998611 -0
    outer loop
      vertex 5.28477 154.234 0
      vertex 5.11421 154.243 0.599999
      vertex 5.28477 154.234 0.599999
    endloop
  endfacet
  facet normal 0.052694 0.998611 0
    outer loop
      vertex 5.11421 154.243 0.599999
      vertex 5.28477 154.234 0
      vertex 5.11421 154.243 0
    endloop
  endfacet
  facet normal 0.17162 0.985163 -0
    outer loop
      vertex 5.43402 154.208 0
      vertex 5.28477 154.234 0.599999
      vertex 5.43402 154.208 0.599999
    endloop
  endfacet
  facet normal 0.17162 0.985163 0
    outer loop
      vertex 5.28477 154.234 0.599999
      vertex 5.43402 154.208 0
      vertex 5.28477 154.234 0
    endloop
  endfacet
  facet normal 0.325171 0.945655 -0
    outer loop
      vertex 5.56198 154.164 0
      vertex 5.43402 154.208 0.599999
      vertex 5.56198 154.164 0.599999
    endloop
  endfacet
  facet normal 0.325171 0.945655 0
    outer loop
      vertex 5.43402 154.208 0.599999
      vertex 5.56198 154.164 0
      vertex 5.43402 154.208 0
    endloop
  endfacet
  facet normal 0.496454 0.868063 -0
    outer loop
      vertex 5.66864 154.103 0
      vertex 5.56198 154.164 0.599999
      vertex 5.66864 154.103 0.599999
    endloop
  endfacet
  facet normal 0.496454 0.868063 0
    outer loop
      vertex 5.56198 154.164 0.599999
      vertex 5.66864 154.103 0
      vertex 5.56198 154.164 0
    endloop
  endfacet
  facet normal 0.675681 0.737194 -0
    outer loop
      vertex 5.75265 154.026 0
      vertex 5.66864 154.103 0.599999
      vertex 5.75265 154.026 0.599999
    endloop
  endfacet
  facet normal 0.675681 0.737194 0
    outer loop
      vertex 5.66864 154.103 0.599999
      vertex 5.75265 154.026 0
      vertex 5.66864 154.103 0
    endloop
  endfacet
  facet normal 0.834862 0.550459 0
    outer loop
      vertex 5.81265 153.935 0.599999
      vertex 5.75265 154.026 0
      vertex 5.75265 154.026 0.599999
    endloop
  endfacet
  facet normal 0.834862 0.550459 0
    outer loop
      vertex 5.75265 154.026 0
      vertex 5.81265 153.935 0.599999
      vertex 5.81265 153.935 0
    endloop
  endfacet
  facet normal 0.944958 0.327192 0
    outer loop
      vertex 5.84866 153.831 0.599999
      vertex 5.81265 153.935 0
      vertex 5.81265 153.935 0.599999
    endloop
  endfacet
  facet normal 0.944958 0.327192 0
    outer loop
      vertex 5.81265 153.935 0
      vertex 5.84866 153.831 0.599999
      vertex 5.84866 153.831 0
    endloop
  endfacet
  facet normal 0.994877 0.10109 0
    outer loop
      vertex 5.86065 153.713 0.599999
      vertex 5.84866 153.831 0
      vertex 5.84866 153.831 0.599999
    endloop
  endfacet
  facet normal 0.994877 0.10109 0
    outer loop
      vertex 5.84866 153.831 0
      vertex 5.86065 153.713 0.599999
      vertex 5.86065 153.713 0
    endloop
  endfacet
  facet normal 0.996944 -0.0781188 0
    outer loop
      vertex 5.85015 153.579 0.599999
      vertex 5.86065 153.713 0
      vertex 5.86065 153.713 0.599999
    endloop
  endfacet
  facet normal 0.996944 -0.0781188 0
    outer loop
      vertex 5.86065 153.713 0
      vertex 5.85015 153.579 0.599999
      vertex 5.85015 153.579 0
    endloop
  endfacet
  facet normal 0.965533 -0.260281 0
    outer loop
      vertex 5.81861 153.462 0.599999
      vertex 5.85015 153.579 0
      vertex 5.85015 153.579 0.599999
    endloop
  endfacet
  facet normal 0.965533 -0.260281 0
    outer loop
      vertex 5.85015 153.579 0
      vertex 5.81861 153.462 0.599999
      vertex 5.81861 153.462 0
    endloop
  endfacet
  facet normal 0.883277 -0.468851 0
    outer loop
      vertex 5.76606 153.363 0.599999
      vertex 5.81861 153.462 0
      vertex 5.81861 153.462 0.599999
    endloop
  endfacet
  facet normal 0.883277 -0.468851 0
    outer loop
      vertex 5.81861 153.462 0
      vertex 5.76606 153.363 0.599999
      vertex 5.76606 153.363 0
    endloop
  endfacet
  facet normal 0.744331 -0.66781 0
    outer loop
      vertex 5.69249 153.281 0.599999
      vertex 5.76606 153.363 0
      vertex 5.76606 153.363 0.599999
    endloop
  endfacet
  facet normal 0.744331 -0.66781 0
    outer loop
      vertex 5.76606 153.363 0
      vertex 5.69249 153.281 0.599999
      vertex 5.69249 153.281 0
    endloop
  endfacet
  facet normal 0.564964 -0.825116 0
    outer loop
      vertex 5.60048 153.218 0
      vertex 5.69249 153.281 0.599999
      vertex 5.60048 153.218 0.599999
    endloop
  endfacet
  facet normal 0.564964 -0.825116 0
    outer loop
      vertex 5.69249 153.281 0.599999
      vertex 5.60048 153.218 0
      vertex 5.69249 153.281 0
    endloop
  endfacet
  facet normal 0.392169 -0.919893 0
    outer loop
      vertex 5.49258 153.172 0
      vertex 5.60048 153.218 0.599999
      vertex 5.49258 153.172 0.599999
    endloop
  endfacet
  facet normal 0.392169 -0.919893 0
    outer loop
      vertex 5.60048 153.218 0.599999
      vertex 5.49258 153.172 0
      vertex 5.60048 153.218 0
    endloop
  endfacet
  facet normal 0.213167 -0.977016 0
    outer loop
      vertex 5.36883 153.145 0
      vertex 5.49258 153.172 0.599999
      vertex 5.36883 153.145 0.599999
    endloop
  endfacet
  facet normal 0.213167 -0.977016 0
    outer loop
      vertex 5.49258 153.172 0.599999
      vertex 5.36883 153.145 0
      vertex 5.49258 153.172 0
    endloop
  endfacet
  facet normal 0.0643272 -0.997929 0
    outer loop
      vertex 5.22921 153.136 0
      vertex 5.36883 153.145 0.599999
      vertex 5.22921 153.136 0.599999
    endloop
  endfacet
  facet normal 0.0643272 -0.997929 0
    outer loop
      vertex 5.36883 153.145 0.599999
      vertex 5.22921 153.136 0
      vertex 5.36883 153.145 0
    endloop
  endfacet
  facet normal -0.128615 -0.991695 0
    outer loop
      vertex 4.96705 153.17 0
      vertex 5.22921 153.136 0.599999
      vertex 4.96705 153.17 0.599999
    endloop
  endfacet
  facet normal -0.128615 -0.991695 -0
    outer loop
      vertex 5.22921 153.136 0.599999
      vertex 4.96705 153.17 0
      vertex 5.22921 153.136 0
    endloop
  endfacet
  facet normal -0.457208 -0.88936 0
    outer loop
      vertex 4.76864 153.272 0
      vertex 4.96705 153.17 0.599999
      vertex 4.76864 153.272 0.599999
    endloop
  endfacet
  facet normal -0.457208 -0.88936 -0
    outer loop
      vertex 4.96705 153.17 0.599999
      vertex 4.76864 153.272 0
      vertex 4.96705 153.17 0
    endloop
  endfacet
  facet normal -0.782064 -0.623198 0
    outer loop
      vertex 4.76864 153.272 0
      vertex 4.63397 153.441 0.599999
      vertex 4.63397 153.441 0
    endloop
  endfacet
  facet normal -0.782064 -0.623198 0
    outer loop
      vertex 4.63397 153.441 0.599999
      vertex 4.76864 153.272 0
      vertex 4.76864 153.272 0.599999
    endloop
  endfacet
  facet normal -0.958026 -0.28668 0
    outer loop
      vertex 4.63397 153.441 0
      vertex 4.56305 153.678 0.599999
      vertex 4.56305 153.678 0
    endloop
  endfacet
  facet normal -0.958026 -0.28668 0
    outer loop
      vertex 4.56305 153.678 0.599999
      vertex 4.63397 153.441 0
      vertex 4.63397 153.441 0.599999
    endloop
  endfacet
  facet normal 0.0888314 -0.996047 0
    outer loop
      vertex 4.15939 153.642 0
      vertex 4.56305 153.678 0.599999
      vertex 4.15939 153.642 0.599999
    endloop
  endfacet
  facet normal 0.0888314 -0.996047 0
    outer loop
      vertex 4.56305 153.678 0.599999
      vertex 4.15939 153.642 0
      vertex 4.56305 153.678 0
    endloop
  endfacet
  facet normal 0.97911 0.20333 0
    outer loop
      vertex 4.19947 153.449 0.599999
      vertex 4.15939 153.642 0
      vertex 4.15939 153.642 0.599999
    endloop
  endfacet
  facet normal 0.97911 0.20333 0
    outer loop
      vertex 4.15939 153.642 0
      vertex 4.19947 153.449 0.599999
      vertex 4.19947 153.449 0
    endloop
  endfacet
  facet normal 0.925835 0.377929 0
    outer loop
      vertex 4.26764 153.282 0.599999
      vertex 4.19947 153.449 0
      vertex 4.19947 153.449 0.599999
    endloop
  endfacet
  facet normal 0.925835 0.377929 0
    outer loop
      vertex 4.19947 153.449 0
      vertex 4.26764 153.282 0.599999
      vertex 4.26764 153.282 0
    endloop
  endfacet
  facet normal 0.829668 0.558257 0
    outer loop
      vertex 4.36386 153.139 0.599999
      vertex 4.26764 153.282 0
      vertex 4.26764 153.282 0.599999
    endloop
  endfacet
  facet normal 0.829668 0.558257 0
    outer loop
      vertex 4.26764 153.282 0
      vertex 4.36386 153.139 0.599999
      vertex 4.36386 153.139 0
    endloop
  endfacet
  facet normal 0.685372 0.728193 -0
    outer loop
      vertex 4.48817 153.022 0
      vertex 4.36386 153.139 0.599999
      vertex 4.48817 153.022 0.599999
    endloop
  endfacet
  facet normal 0.685372 0.728193 0
    outer loop
      vertex 4.36386 153.139 0.599999
      vertex 4.48817 153.022 0
      vertex 4.36386 153.139 0
    endloop
  endfacet
  facet normal 0.522677 0.852531 -0
    outer loop
      vertex 4.63823 152.93 0
      vertex 4.48817 153.022 0.599999
      vertex 4.63823 152.93 0.599999
    endloop
  endfacet
  facet normal 0.522677 0.852531 0
    outer loop
      vertex 4.48817 153.022 0.599999
      vertex 4.63823 152.93 0
      vertex 4.48817 153.022 0
    endloop
  endfacet
  facet normal 0.350774 0.93646 -0
    outer loop
      vertex 4.81176 152.865 0
      vertex 4.63823 152.93 0.599999
      vertex 4.81176 152.865 0.599999
    endloop
  endfacet
  facet normal 0.350774 0.93646 0
    outer loop
      vertex 4.63823 152.93 0.599999
      vertex 4.81176 152.865 0
      vertex 4.63823 152.93 0
    endloop
  endfacet
  facet normal 0.19421 0.98096 -0
    outer loop
      vertex 5.00875 152.826 0
      vertex 4.81176 152.865 0.599999
      vertex 5.00875 152.826 0.599999
    endloop
  endfacet
  facet normal 0.19421 0.98096 0
    outer loop
      vertex 4.81176 152.865 0.599999
      vertex 5.00875 152.826 0
      vertex 4.81176 152.865 0
    endloop
  endfacet
  facet normal 0.0588654 0.998266 -0
    outer loop
      vertex 5.22921 152.813 0
      vertex 5.00875 152.826 0.599999
      vertex 5.22921 152.813 0.599999
    endloop
  endfacet
  facet normal 0.0588654 0.998266 0
    outer loop
      vertex 5.00875 152.826 0.599999
      vertex 5.22921 152.813 0
      vertex 5.00875 152.826 0
    endloop
  endfacet
  facet normal -0.0594212 0.998233 0
    outer loop
      vertex 5.4644 152.827 0
      vertex 5.22921 152.813 0.599999
      vertex 5.4644 152.827 0.599999
    endloop
  endfacet
  facet normal -0.0594212 0.998233 0
    outer loop
      vertex 5.22921 152.813 0.599999
      vertex 5.4644 152.827 0
      vertex 5.22921 152.813 0
    endloop
  endfacet
  facet normal -0.236883 0.971538 0
    outer loop
      vertex 9.2642 152.882 0
      vertex 9.05093 152.83 0.599999
      vertex 9.2642 152.882 0.599999
    endloop
  endfacet
  facet normal -0.236883 0.971538 0
    outer loop
      vertex 9.05093 152.83 0.599999
      vertex 9.2642 152.882 0
      vertex 9.05093 152.83 0
    endloop
  endfacet
  facet normal -0.424697 0.905336 0
    outer loop
      vertex 9.44966 152.969 0
      vertex 9.2642 152.882 0.599999
      vertex 9.44966 152.969 0.599999
    endloop
  endfacet
  facet normal -0.424697 0.905336 0
    outer loop
      vertex 9.2642 152.882 0.599999
      vertex 9.44966 152.969 0
      vertex 9.2642 152.882 0
    endloop
  endfacet
  facet normal -0.608811 0.793316 0
    outer loop
      vertex 9.60733 153.09 0
      vertex 9.44966 152.969 0.599999
      vertex 9.60733 153.09 0.599999
    endloop
  endfacet
  facet normal -0.608811 0.793316 0
    outer loop
      vertex 9.44966 152.969 0.599999
      vertex 9.60733 153.09 0
      vertex 9.44966 152.969 0
    endloop
  endfacet
  facet normal -0.770402 0.637558 0
    outer loop
      vertex 9.60733 153.09 0
      vertex 9.73312 153.242 0.599999
      vertex 9.73312 153.242 0
    endloop
  endfacet
  facet normal -0.770402 0.637558 0
    outer loop
      vertex 9.73312 153.242 0.599999
      vertex 9.60733 153.09 0
      vertex 9.60733 153.09 0.599999
    endloop
  endfacet
  facet normal -0.892675 0.450701 0
    outer loop
      vertex 9.73312 153.242 0
      vertex 9.82299 153.42 0.599999
      vertex 9.82299 153.42 0
    endloop
  endfacet
  facet normal -0.892675 0.450701 0
    outer loop
      vertex 9.82299 153.42 0.599999
      vertex 9.73312 153.242 0
      vertex 9.73312 153.242 0.599999
    endloop
  endfacet
  facet normal -0.966499 0.25667 0
    outer loop
      vertex 9.82299 153.42 0
      vertex 9.8769 153.623 0.599999
      vertex 9.8769 153.623 0
    endloop
  endfacet
  facet normal -0.966499 0.25667 0
    outer loop
      vertex 9.8769 153.623 0.599999
      vertex 9.82299 153.42 0
      vertex 9.82299 153.42 0.599999
    endloop
  endfacet
  facet normal -0.996932 0.0782744 0
    outer loop
      vertex 9.8769 153.623 0
      vertex 9.89488 153.852 0.599999
      vertex 9.89488 153.852 0
    endloop
  endfacet
  facet normal -0.996932 0.0782744 0
    outer loop
      vertex 9.89488 153.852 0.599999
      vertex 9.8769 153.623 0
      vertex 9.8769 153.623 0.599999
    endloop
  endfacet
  facet normal -0.996609 -0.0822816 0
    outer loop
      vertex 9.89488 153.852 0
      vertex 9.87812 154.055 0.599999
      vertex 9.87812 154.055 0
    endloop
  endfacet
  facet normal -0.996609 -0.0822816 0
    outer loop
      vertex 9.87812 154.055 0.599999
      vertex 9.89488 153.852 0
      vertex 9.89488 153.852 0.599999
    endloop
  endfacet
  facet normal -0.963948 -0.266092 0
    outer loop
      vertex 9.87812 154.055 0
      vertex 9.82788 154.237 0.599999
      vertex 9.82788 154.237 0
    endloop
  endfacet
  facet normal -0.963948 -0.266092 0
    outer loop
      vertex 9.82788 154.237 0.599999
      vertex 9.87812 154.055 0
      vertex 9.87812 154.055 0.599999
    endloop
  endfacet
  facet normal -0.88944 -0.457052 0
    outer loop
      vertex 9.82788 154.237 0
      vertex 9.74412 154.4 0.599999
      vertex 9.74412 154.4 0
    endloop
  endfacet
  facet normal -0.88944 -0.457052 0
    outer loop
      vertex 9.74412 154.4 0.599999
      vertex 9.82788 154.237 0
      vertex 9.82788 154.237 0.599999
    endloop
  endfacet
  facet normal -0.771107 -0.636706 0
    outer loop
      vertex 9.74412 154.4 0
      vertex 9.62687 154.542 0.599999
      vertex 9.62687 154.542 0
    endloop
  endfacet
  facet normal -0.771107 -0.636706 0
    outer loop
      vertex 9.62687 154.542 0.599999
      vertex 9.74412 154.4 0
      vertex 9.74412 154.4 0.599999
    endloop
  endfacet
  facet normal -0.623488 -0.781833 0
    outer loop
      vertex 9.48141 154.658 0
      vertex 9.62687 154.542 0.599999
      vertex 9.48141 154.658 0.599999
    endloop
  endfacet
  facet normal -0.623488 -0.781833 -0
    outer loop
      vertex 9.62687 154.542 0.599999
      vertex 9.48141 154.658 0
      vertex 9.62687 154.542 0
    endloop
  endfacet
  facet normal -0.442135 -0.896948 0
    outer loop
      vertex 9.31303 154.741 0
      vertex 9.48141 154.658 0.599999
      vertex 9.31303 154.741 0.599999
    endloop
  endfacet
  facet normal -0.442135 -0.896948 -0
    outer loop
      vertex 9.48141 154.658 0.599999
      vertex 9.31303 154.741 0
      vertex 9.48141 154.658 0
    endloop
  endfacet
  facet normal -0.248132 -0.968726 0
    outer loop
      vertex 9.12173 154.79 0
      vertex 9.31303 154.741 0.599999
      vertex 9.12173 154.79 0.599999
    endloop
  endfacet
  facet normal -0.248132 -0.968726 -0
    outer loop
      vertex 9.31303 154.741 0.599999
      vertex 9.12173 154.79 0
      vertex 9.31303 154.741 0
    endloop
  endfacet
  facet normal -0.079109 -0.996866 0
    outer loop
      vertex 8.90751 154.807 0
      vertex 9.12173 154.79 0.599999
      vertex 8.90751 154.807 0.599999
    endloop
  endfacet
  facet normal -0.079109 -0.996866 -0
    outer loop
      vertex 9.12173 154.79 0.599999
      vertex 8.90751 154.807 0
      vertex 9.12173 154.79 0
    endloop
  endfacet
  facet normal 0.0661313 -0.997811 0
    outer loop
      vertex 8.72645 154.795 0
      vertex 8.90751 154.807 0.599999
      vertex 8.72645 154.795 0.599999
    endloop
  endfacet
  facet normal 0.0661313 -0.997811 0
    outer loop
      vertex 8.90751 154.807 0.599999
      vertex 8.72645 154.795 0
      vertex 8.90751 154.807 0
    endloop
  endfacet
  facet normal 0.218066 -0.975934 0
    outer loop
      vertex 8.56086 154.758 0
      vertex 8.72645 154.795 0.599999
      vertex 8.56086 154.758 0.599999
    endloop
  endfacet
  facet normal 0.218066 -0.975934 0
    outer loop
      vertex 8.72645 154.795 0.599999
      vertex 8.56086 154.758 0
      vertex 8.72645 154.795 0
    endloop
  endfacet
  facet normal 0.376407 -0.926454 0
    outer loop
      vertex 8.41072 154.697 0
      vertex 8.56086 154.758 0.599999
      vertex 8.41072 154.697 0.599999
    endloop
  endfacet
  facet normal 0.376407 -0.926454 0
    outer loop
      vertex 8.56086 154.758 0.599999
      vertex 8.41072 154.697 0
      vertex 8.56086 154.758 0
    endloop
  endfacet
  facet normal 0.533691 -0.84568 0
    outer loop
      vertex 8.27603 154.612 0
      vertex 8.41072 154.697 0.599999
      vertex 8.27603 154.612 0.599999
    endloop
  endfacet
  facet normal 0.533691 -0.84568 0
    outer loop
      vertex 8.41072 154.697 0.599999
      vertex 8.27603 154.612 0
      vertex 8.41072 154.697 0
    endloop
  endfacet
  facet normal -0.998181 0.0602922 0
    outer loop
      vertex 8.27603 154.612 0
      vertex 8.33462 155.582 0.599999
      vertex 8.33462 155.582 0
    endloop
  endfacet
  facet normal -0.998181 0.0602922 0
    outer loop
      vertex 8.33462 155.582 0.599999
      vertex 8.27603 154.612 0
      vertex 8.27603 154.612 0.599999
    endloop
  endfacet
  facet normal 0 1 -0
    outer loop
      vertex 9.71693 155.582 0
      vertex 8.33462 155.582 0.599999
      vertex 9.71693 155.582 0.599999
    endloop
  endfacet
  facet normal 0 1 0
    outer loop
      vertex 8.33462 155.582 0.599999
      vertex 9.71693 155.582 0
      vertex 8.33462 155.582 0
    endloop
  endfacet
  facet normal -1 0 0
    outer loop
      vertex 9.71693 155.582 0
      vertex 9.71693 155.914 0.599999
      vertex 9.71693 155.914 0
    endloop
  endfacet
  facet normal -1 -0 0
    outer loop
      vertex 9.71693 155.914 0.599999
      vertex 9.71693 155.582 0
      vertex 9.71693 155.582 0.599999
    endloop
  endfacet
  facet normal 0 -1 0
    outer loop
      vertex 7.97874 155.914 0
      vertex 9.71693 155.914 0.599999
      vertex 7.97874 155.914 0.599999
    endloop
  endfacet
  facet normal 0 -1 -0
    outer loop
      vertex 9.71693 155.914 0.599999
      vertex 7.97874 155.914 0
      vertex 9.71693 155.914 0
    endloop
  endfacet
  facet normal 0.998084 -0.0618691 0
    outer loop
      vertex 7.87677 154.269 0.599999
      vertex 7.97874 155.914 0
      vertex 7.97874 155.914 0.599999
    endloop
  endfacet
  facet normal 0.998084 -0.0618691 0
    outer loop
      vertex 7.97874 155.914 0
      vertex 7.87677 154.269 0.599999
      vertex 7.87677 154.269 0
    endloop
  endfacet
  facet normal 0 1 -0
    outer loop
      vertex 8.25868 154.269 0
      vertex 7.87677 154.269 0.599999
      vertex 8.25868 154.269 0.599999
    endloop
  endfacet
  facet normal 0 1 0
    outer loop
      vertex 7.87677 154.269 0.599999
      vertex 8.25868 154.269 0
      vertex 7.87677 154.269 0
    endloop
  endfacet
  facet normal -0.626861 0.779131 0
    outer loop
      vertex 8.32704 154.324 0
      vertex 8.25868 154.269 0.599999
      vertex 8.32704 154.324 0.599999
    endloop
  endfacet
  facet normal -0.626861 0.779131 0
    outer loop
      vertex 8.25868 154.269 0.599999
      vertex 8.32704 154.324 0
      vertex 8.25868 154.269 0
    endloop
  endfacet
  facet normal -0.566662 0.82395 0
    outer loop
      vertex 8.39538 154.371 0
      vertex 8.32704 154.324 0.599999
      vertex 8.39538 154.371 0.599999
    endloop
  endfacet
  facet normal -0.566662 0.82395 0
    outer loop
      vertex 8.32704 154.324 0.599999
      vertex 8.39538 154.371 0
      vertex 8.32704 154.324 0
    endloop
  endfacet
  facet normal -0.48586 0.874037 0
    outer loop
      vertex 8.46374 154.409 0
      vertex 8.39538 154.371 0.599999
      vertex 8.46374 154.409 0.599999
    endloop
  endfacet
  facet normal -0.48586 0.874037 0
    outer loop
      vertex 8.39538 154.371 0.599999
      vertex 8.46374 154.409 0
      vertex 8.39538 154.371 0
    endloop
  endfacet
  facet normal -0.390584 0.920567 0
    outer loop
      vertex 8.53209 154.438 0
      vertex 8.46374 154.409 0.599999
      vertex 8.53209 154.438 0.599999
    endloop
  endfacet
  facet normal -0.390584 0.920567 0
    outer loop
      vertex 8.46374 154.409 0.599999
      vertex 8.53209 154.438 0
      vertex 8.46374 154.409 0
    endloop
  endfacet
  facet normal -0.300883 0.953661 0
    outer loop
      vertex 8.60182 154.46 0
      vertex 8.53209 154.438 0.599999
      vertex 8.60182 154.46 0.599999
    endloop
  endfacet
  facet normal -0.300883 0.953661 0
    outer loop
      vertex 8.53209 154.438 0.599999
      vertex 8.60182 154.46 0
      vertex 8.53209 154.438 0
    endloop
  endfacet
  facet normal -0.20282 0.979216 0
    outer loop
      vertex 8.67424 154.475 0
      vertex 8.60182 154.46 0.599999
      vertex 8.67424 154.475 0.599999
    endloop
  endfacet
  facet normal -0.20282 0.979216 0
    outer loop
      vertex 8.60182 154.46 0.599999
      vertex 8.67424 154.475 0
      vertex 8.60182 154.46 0
    endloop
  endfacet
  facet normal -0.131905 0.991262 0
    outer loop
      vertex 8.74939 154.485 0
      vertex 8.67424 154.475 0.599999
      vertex 8.74939 154.485 0.599999
    endloop
  endfacet
  facet normal -0.131905 0.991262 0
    outer loop
      vertex 8.67424 154.475 0.599999
      vertex 8.74939 154.485 0
      vertex 8.67424 154.475 0
    endloop
  endfacet
  facet normal -0.0385169 0.999258 0
    outer loop
      vertex 8.82722 154.488 0
      vertex 8.74939 154.485 0.599999
      vertex 8.82722 154.488 0.599999
    endloop
  endfacet
  facet normal -0.0385169 0.999258 0
    outer loop
      vertex 8.74939 154.485 0.599999
      vertex 8.82722 154.488 0
      vertex 8.74939 154.485 0
    endloop
  endfacet
  facet normal 0.0761144 0.997099 -0
    outer loop
      vertex 8.97132 154.477 0
      vertex 8.82722 154.488 0.599999
      vertex 8.97132 154.477 0.599999
    endloop
  endfacet
  facet normal 0.0761144 0.997099 0
    outer loop
      vertex 8.82722 154.488 0.599999
      vertex 8.97132 154.477 0
      vertex 8.82722 154.488 0
    endloop
  endfacet
  facet normal 0.255771 0.966738 -0
    outer loop
      vertex 9.09983 154.443 0
      vertex 8.97132 154.477 0.599999
      vertex 9.09983 154.443 0.599999
    endloop
  endfacet
  facet normal 0.255771 0.966738 0
    outer loop
      vertex 8.97132 154.477 0.599999
      vertex 9.09983 154.443 0
      vertex 8.97132 154.477 0
    endloop
  endfacet
  facet normal 0.437953 0.898998 -0
    outer loop
      vertex 9.21273 154.388 0
      vertex 9.09983 154.443 0.599999
      vertex 9.21273 154.388 0.599999
    endloop
  endfacet
  facet normal 0.437953 0.898998 0
    outer loop
      vertex 9.09983 154.443 0.599999
      vertex 9.21273 154.388 0
      vertex 9.09983 154.443 0
    endloop
  endfacet
  facet normal 0.625438 0.780274 -0
    outer loop
      vertex 9.31004 154.31 0
      vertex 9.21273 154.388 0.599999
      vertex 9.31004 154.31 0.599999
    endloop
  endfacet
  facet normal 0.625438 0.780274 0
    outer loop
      vertex 9.21273 154.388 0.599999
      vertex 9.31004 154.31 0
      vertex 9.21273 154.388 0
    endloop
  endfacet
  facet normal 0.774769 0.632244 0
    outer loop
      vertex 9.38838 154.214 0.599999
      vertex 9.31004 154.31 0
      vertex 9.31004 154.31 0.599999
    endloop
  endfacet
  facet normal 0.774769 0.632244 0
    outer loop
      vertex 9.31004 154.31 0
      vertex 9.38838 154.214 0.599999
      vertex 9.38838 154.214 0
    endloop
  endfacet
  facet normal 0.89136 0.453297 0
    outer loop
      vertex 9.44432 154.104 0.599999
      vertex 9.38838 154.214 0
      vertex 9.38838 154.214 0.599999
    endloop
  endfacet
  facet normal 0.89136 0.453297 0
    outer loop
      vertex 9.38838 154.214 0
      vertex 9.44432 154.104 0.599999
      vertex 9.44432 154.104 0
    endloop
  endfacet
  facet normal 0.964715 0.263297 0
    outer loop
      vertex 9.47789 153.981 0.599999
      vertex 9.44432 154.104 0
      vertex 9.44432 154.104 0.599999
    endloop
  endfacet
  facet normal 0.964715 0.263297 0
    outer loop
      vertex 9.44432 154.104 0
      vertex 9.47789 153.981 0.599999
      vertex 9.47789 153.981 0
    endloop
  endfacet
  facet normal 0.996723 0.0808934 0
    outer loop
      vertex 9.48909 153.843 0.599999
      vertex 9.47789 153.981 0
      vertex 9.47789 153.981 0.599999
    endloop
  endfacet
  facet normal 0.996723 0.0808934 0
    outer loop
      vertex 9.47789 153.981 0
      vertex 9.48909 153.843 0.599999
      vertex 9.48909 153.843 0
    endloop
  endfacet
  facet normal 0.997497 -0.0707143 0
    outer loop
      vertex 9.47796 153.686 0.599999
      vertex 9.48909 153.843 0
      vertex 9.48909 153.843 0.599999
    endloop
  endfacet
  facet normal 0.997497 -0.0707143 0
    outer loop
      vertex 9.48909 153.843 0
      vertex 9.47796 153.686 0.599999
      vertex 9.47796 153.686 0
    endloop
  endfacet
  facet normal 0.972371 -0.233439 0
    outer loop
      vertex 9.44459 153.547 0.599999
      vertex 9.47796 153.686 0
      vertex 9.47796 153.686 0.599999
    endloop
  endfacet
  facet normal 0.972371 -0.233439 0
    outer loop
      vertex 9.47796 153.686 0
      vertex 9.44459 153.547 0.599999
      vertex 9.44459 153.547 0
    endloop
  endfacet
  facet normal 0.909957 -0.414702 0
    outer loop
      vertex 9.38899 153.425 0.599999
      vertex 9.44459 153.547 0
      vertex 9.44459 153.547 0.599999
    endloop
  endfacet
  facet normal 0.909957 -0.414702 0
    outer loop
      vertex 9.44459 153.547 0
      vertex 9.38899 153.425 0.599999
      vertex 9.38899 153.425 0
    endloop
  endfacet
  facet normal 0.800554 -0.599261 0
    outer loop
      vertex 9.31114 153.321 0.599999
      vertex 9.38899 153.425 0
      vertex 9.38899 153.425 0.599999
    endloop
  endfacet
  facet normal 0.800554 -0.599261 0
    outer loop
      vertex 9.38899 153.425 0
      vertex 9.31114 153.321 0.599999
      vertex 9.31114 153.321 0
    endloop
  endfacet
  facet normal 0.648138 -0.761523 0
    outer loop
      vertex 9.21362 153.238 0
      vertex 9.31114 153.321 0.599999
      vertex 9.21362 153.238 0.599999
    endloop
  endfacet
  facet normal 0.648138 -0.761523 0
    outer loop
      vertex 9.31114 153.321 0.599999
      vertex 9.21362 153.238 0
      vertex 9.31114 153.321 0
    endloop
  endfacet
  facet normal 0.457702 -0.889106 0
    outer loop
      vertex 9.09901 153.179 0
      vertex 9.21362 153.238 0.599999
      vertex 9.09901 153.179 0.599999
    endloop
  endfacet
  facet normal 0.457702 -0.889106 0
    outer loop
      vertex 9.21362 153.238 0.599999
      vertex 9.09901 153.179 0
      vertex 9.21362 153.238 0
    endloop
  endfacet
  facet normal 0.263712 -0.964601 0
    outer loop
      vertex 8.96733 153.143 0
      vertex 9.09901 153.179 0.599999
      vertex 8.96733 153.143 0.599999
    endloop
  endfacet
  facet normal 0.263712 -0.964601 0
    outer loop
      vertex 9.09901 153.179 0.599999
      vertex 8.96733 153.143 0
      vertex 9.09901 153.179 0
    endloop
  endfacet
  facet normal 0.0737334 -0.997278 0
    outer loop
      vertex 8.81855 153.132 0
      vertex 8.96733 153.143 0.599999
      vertex 8.81855 153.132 0.599999
    endloop
  endfacet
  facet normal 0.0737334 -0.997278 0
    outer loop
      vertex 8.96733 153.143 0.599999
      vertex 8.81855 153.132 0
      vertex 8.96733 153.143 0
    endloop
  endfacet
  facet normal -0.119932 -0.992782 0
    outer loop
      vertex 8.58677 153.16 0
      vertex 8.81855 153.132 0.599999
      vertex 8.58677 153.16 0.599999
    endloop
  endfacet
  facet normal -0.119932 -0.992782 -0
    outer loop
      vertex 8.81855 153.132 0.599999
      vertex 8.58677 153.16 0
      vertex 8.81855 153.132 0
    endloop
  endfacet
  facet normal -0.420841 -0.907135 0
    outer loop
      vertex 8.40355 153.245 0
      vertex 8.58677 153.16 0.599999
      vertex 8.40355 153.245 0.599999
    endloop
  endfacet
  facet normal -0.420841 -0.907135 -0
    outer loop
      vertex 8.58677 153.16 0.599999
      vertex 8.40355 153.245 0
      vertex 8.58677 153.16 0
    endloop
  endfacet
  facet normal -0.725561 -0.688158 0
    outer loop
      vertex 8.40355 153.245 0
      vertex 8.26887 153.387 0.599999
      vertex 8.26887 153.387 0
    endloop
  endfacet
  facet normal -0.725561 -0.688158 0
    outer loop
      vertex 8.26887 153.387 0.599999
      vertex 8.40355 153.245 0
      vertex 8.40355 153.245 0.599999
    endloop
  endfacet
  facet normal -0.917014 -0.398855 0
    outer loop
      vertex 8.26887 153.387 0
      vertex 8.18275 153.585 0.599999
      vertex 8.18275 153.585 0
    endloop
  endfacet
  facet normal -0.917014 -0.398855 0
    outer loop
      vertex 8.18275 153.585 0.599999
      vertex 8.26887 153.387 0
      vertex 8.26887 153.387 0.599999
    endloop
  endfacet
  facet normal 0.113209 -0.993571 0
    outer loop
      vertex 7.78781 153.54 0
      vertex 8.18275 153.585 0.599999
      vertex 7.78781 153.54 0.599999
    endloop
  endfacet
  facet normal 0.113209 -0.993571 0
    outer loop
      vertex 8.18275 153.585 0.599999
      vertex 7.78781 153.54 0
      vertex 8.18275 153.585 0
    endloop
  endfacet
  facet normal 0.962934 0.269737 0
    outer loop
      vertex 7.83459 153.373 0.599999
      vertex 7.78781 153.54 0
      vertex 7.78781 153.54 0.599999
    endloop
  endfacet
  facet normal 0.962934 0.269737 0
    outer loop
      vertex 7.78781 153.54 0
      vertex 7.83459 153.373 0.599999
      vertex 7.83459 153.373 0
    endloop
  endfacet
  facet normal 0.898259 0.439466 0
    outer loop
      vertex 7.90553 153.228 0.599999
      vertex 7.83459 153.373 0
      vertex 7.83459 153.373 0.599999
    endloop
  endfacet
  facet normal 0.898259 0.439466 0
    outer loop
      vertex 7.83459 153.373 0
      vertex 7.90553 153.228 0.599999
      vertex 7.90553 153.228 0
    endloop
  endfacet
  facet normal 0.795978 0.605325 0
    outer loop
      vertex 8.00059 153.103 0.599999
      vertex 7.90553 153.228 0
      vertex 7.90553 153.228 0.599999
    endloop
  endfacet
  facet normal 0.795978 0.605325 0
    outer loop
      vertex 7.90553 153.228 0
      vertex 8.00059 153.103 0.599999
      vertex 8.00059 153.103 0
    endloop
  endfacet
  facet normal 0.657367 0.75357 -0
    outer loop
      vertex 8.11981 152.999 0
      vertex 8.00059 153.103 0.599999
      vertex 8.11981 152.999 0.599999
    endloop
  endfacet
  facet normal 0.657367 0.75357 0
    outer loop
      vertex 8.00059 153.103 0.599999
      vertex 8.11981 152.999 0
      vertex 8.00059 153.103 0
    endloop
  endfacet
  facet normal 0.496588 0.867986 -0
    outer loop
      vertex 8.26139 152.918 0
      vertex 8.11981 152.999 0.599999
      vertex 8.26139 152.918 0.599999
    endloop
  endfacet
  facet normal 0.496588 0.867986 0
    outer loop
      vertex 8.11981 152.999 0.599999
      vertex 8.26139 152.918 0
      vertex 8.11981 152.999 0
    endloop
  endfacet
  facet normal 0.341817 0.939766 -0
    outer loop
      vertex 8.4236 152.859 0
      vertex 8.26139 152.918 0.599999
      vertex 8.4236 152.859 0.599999
    endloop
  endfacet
  facet normal 0.341817 0.939766 0
    outer loop
      vertex 8.26139 152.918 0.599999
      vertex 8.4236 152.859 0
      vertex 8.26139 152.918 0
    endloop
  endfacet
  facet normal 0.18804 0.982161 -0
    outer loop
      vertex 8.60641 152.824 0
      vertex 8.4236 152.859 0.599999
      vertex 8.60641 152.824 0.599999
    endloop
  endfacet
  facet normal 0.18804 0.982161 0
    outer loop
      vertex 8.4236 152.859 0.599999
      vertex 8.60641 152.824 0
      vertex 8.4236 152.859 0
    endloop
  endfacet
  facet normal 0.0539885 0.998542 -0
    outer loop
      vertex 8.80986 152.813 0
      vertex 8.60641 152.824 0.599999
      vertex 8.80986 152.813 0.599999
    endloop
  endfacet
  facet normal 0.0539885 0.998542 0
    outer loop
      vertex 8.60641 152.824 0.599999
      vertex 8.80986 152.813 0
      vertex 8.60641 152.824 0
    endloop
  endfacet
  facet normal -0.0703442 0.997523 0
    outer loop
      vertex 9.05093 152.83 0
      vertex 8.80986 152.813 0.599999
      vertex 9.05093 152.83 0.599999
    endloop
  endfacet
  facet normal -0.0703442 0.997523 0
    outer loop
      vertex 8.80986 152.813 0.599999
      vertex 9.05093 152.83 0
      vertex 8.80986 152.813 0
    endloop
  endfacet
  facet normal 0 -1 0
    outer loop
      vertex 6.80976 153.331 0
      vertex 7.23291 153.331 0.599999
      vertex 6.80976 153.331 0.599999
    endloop
  endfacet
  facet normal 0 -1 -0
    outer loop
      vertex 7.23291 153.331 0.599999
      vertex 6.80976 153.331 0
      vertex 7.23291 153.331 0
    endloop
  endfacet
  facet normal 1 -0 0
    outer loop
      vertex 6.80976 152.856 0.599999
      vertex 6.80976 153.331 0
      vertex 6.80976 153.331 0.599999
    endloop
  endfacet
  facet normal 1 0 0
    outer loop
      vertex 6.80976 153.331 0
      vertex 6.80976 152.856 0.599999
      vertex 6.80976 152.856 0
    endloop
  endfacet
  facet normal 0 1 -0
    outer loop
      vertex 7.23291 152.856 0
      vertex 6.80976 152.856 0.599999
      vertex 7.23291 152.856 0.599999
    endloop
  endfacet
  facet normal 0 1 0
    outer loop
      vertex 6.80976 152.856 0.599999
      vertex 7.23291 152.856 0
      vertex 6.80976 152.856 0
    endloop
  endfacet
  facet normal -1 0 0
    outer loop
      vertex 7.23291 152.856 0
      vertex 7.23291 153.331 0.599999
      vertex 7.23291 153.331 0
    endloop
  endfacet
  facet normal -1 -0 0
    outer loop
      vertex 7.23291 153.331 0.599999
      vertex 7.23291 152.856 0
      vertex 7.23291 152.856 0.599999
    endloop
  endfacet
  facet normal -1 0 0
    outer loop
      vertex -1.6 0 0
      vertex -1.6 167.7 9.2
      vertex -1.6 167.7 0
    endloop
  endfacet
  facet normal -1 -0 0
    outer loop
      vertex -1.6 167.7 9.2
      vertex -1.6 0 0
      vertex -1.6 0 9.2
    endloop
  endfacet
endsolid OpenSCAD_Model
